Copyright 1986-2022 Xilinx, Inc. All Rights Reserved. Copyright 2022-2024 Advanced Micro Devices, Inc. All Rights Reserved.
--------------------------------------------------------------------------------------------------------------------------------------------------------------------------------------------------------------------------------------
| Tool Version      : Vivado v.2024.2 (win64) Build 5239630 Fri Nov 08 22:35:27 MST 2024
| Date              : Sat Jan 17 11:15:11 2026
| Host              : DESKTOP-92OKADH running 64-bit major release  (build 9200)
| Command           : report_timing_summary -max_paths 10 -report_unconstrained -file bd_0_wrapper_timing_summary_routed.rpt -pb bd_0_wrapper_timing_summary_routed.pb -rpx bd_0_wrapper_timing_summary_routed.rpx -warn_on_violation
| Design            : bd_0_wrapper
| Device            : xck26-sfvc784
| Speed File        : -2LV  PRODUCTION 1.30 05-15-2022
| Design State      : Routed
| Temperature Grade : C
--------------------------------------------------------------------------------------------------------------------------------------------------------------------------------------------------------------------------------------

Timing Summary Report

------------------------------------------------------------------------------------------------
| Timer Settings
| --------------
------------------------------------------------------------------------------------------------

  Enable Multi Corner Analysis               :  Yes
  Enable Pessimism Removal                   :  Yes
  Pessimism Removal Resolution               :  Nearest Common Node
  Enable Input Delay Default Clock           :  No
  Enable Preset / Clear Arcs                 :  No
  Disable Flight Delays                      :  No
  Ignore I/O Paths                           :  No
  Timing Early Launch at Borrowing Latches   :  No
  Borrow Time for Max Delay Exceptions       :  Yes
  Merge Timing Exceptions                    :  Yes
  Inter-SLR Compensation                     :  Conservative

  Corner  Analyze    Analyze    
  Name    Max Paths  Min Paths  
  ------  ---------  ---------  
  Slow    Yes        Yes        
  Fast    Yes        Yes        


------------------------------------------------------------------------------------------------
| Report Methodology
| ------------------
------------------------------------------------------------------------------------------------

Rule       Severity  Description                    Violations  
---------  --------  -----------------------------  ----------  
TIMING-18  Warning   Missing input or output delay  37          

Note: This report is based on the most recent report_methodology run and may not be up-to-date. Run report_methodology on the current design for the latest report.



check_timing report

Table of Contents
-----------------
1. checking no_clock (0)
2. checking constant_clock (0)
3. checking pulse_width_clock (0)
4. checking unconstrained_internal_endpoints (0)
5. checking no_input_delay (19)
6. checking no_output_delay (18)
7. checking multiple_clock (0)
8. checking generated_clocks (0)
9. checking loops (0)
10. checking partial_input_delay (0)
11. checking partial_output_delay (0)
12. checking latch_loops (0)

1. checking no_clock (0)
------------------------
 There are 0 register/latch pins with no clock.


2. checking constant_clock (0)
------------------------------
 There are 0 register/latch pins with constant_clock.


3. checking pulse_width_clock (0)
---------------------------------
 There are 0 register/latch pins which need pulse_width check


4. checking unconstrained_internal_endpoints (0)
------------------------------------------------
 There are 0 pins that are not constrained for maximum delay.

 There are 0 pins that are not constrained for maximum delay due to constant clock.


5. checking no_input_delay (19)
-------------------------------
 There are 19 input ports with no input delay specified. (HIGH)

 There are 0 input ports with no input delay but user has a false path constraint.


6. checking no_output_delay (18)
--------------------------------
 There are 18 ports with no output delay specified. (HIGH)

 There are 0 ports with no output delay but user has a false path constraint

 There are 0 ports with no output delay but with a timing clock defined on it or propagating through it


7. checking multiple_clock (0)
------------------------------
 There are 0 register/latch pins with multiple clocks.


8. checking generated_clocks (0)
--------------------------------
 There are 0 generated clocks that are not connected to a clock source.


9. checking loops (0)
---------------------
 There are 0 combinational loops in the design.


10. checking partial_input_delay (0)
------------------------------------
 There are 0 input ports with partial input delay specified.


11. checking partial_output_delay (0)
-------------------------------------
 There are 0 ports with partial output delay specified.


12. checking latch_loops (0)
----------------------------
 There are 0 combinational latch loops in the design through latch input



------------------------------------------------------------------------------------------------
| Design Timing Summary
| ---------------------
------------------------------------------------------------------------------------------------

    WNS(ns)      TNS(ns)  TNS Failing Endpoints  TNS Total Endpoints      WHS(ns)      THS(ns)  THS Failing Endpoints  THS Total Endpoints     WPWS(ns)     TPWS(ns)  TPWS Failing Endpoints  TPWS Total Endpoints  
    -------      -------  ---------------------  -------------------      -------      -------  ---------------------  -------------------     --------     --------  ----------------------  --------------------  
      4.185        0.000                      0                 7306        0.087        0.000                      0                 7306        4.238        0.000                       0                  1170  


All user specified timing constraints are met.


------------------------------------------------------------------------------------------------
| Clock Summary
| -------------
------------------------------------------------------------------------------------------------

Clock   Waveform(ns)       Period(ns)      Frequency(MHz)
-----   ------------       ----------      --------------
ap_clk  {0.000 5.000}      10.000          100.000         


------------------------------------------------------------------------------------------------
| Intra Clock Table
| -----------------
------------------------------------------------------------------------------------------------

Clock             WNS(ns)      TNS(ns)  TNS Failing Endpoints  TNS Total Endpoints      WHS(ns)      THS(ns)  THS Failing Endpoints  THS Total Endpoints     WPWS(ns)     TPWS(ns)  TPWS Failing Endpoints  TPWS Total Endpoints  
-----             -------      -------  ---------------------  -------------------      -------      -------  ---------------------  -------------------     --------     --------  ----------------------  --------------------  
ap_clk              4.185        0.000                      0                 7306        0.087        0.000                      0                 7306        4.238        0.000                       0                  1170  


------------------------------------------------------------------------------------------------
| Inter Clock Table
| -----------------
------------------------------------------------------------------------------------------------

From Clock    To Clock          WNS(ns)      TNS(ns)  TNS Failing Endpoints  TNS Total Endpoints      WHS(ns)      THS(ns)  THS Failing Endpoints  THS Total Endpoints  
----------    --------          -------      -------  ---------------------  -------------------      -------      -------  ---------------------  -------------------  


------------------------------------------------------------------------------------------------
| Other Path Groups Table
| -----------------------
------------------------------------------------------------------------------------------------

Path Group    From Clock    To Clock          WNS(ns)      TNS(ns)  TNS Failing Endpoints  TNS Total Endpoints      WHS(ns)      THS(ns)  THS Failing Endpoints  THS Total Endpoints  
----------    ----------    --------          -------      -------  ---------------------  -------------------      -------      -------  ---------------------  -------------------  


------------------------------------------------------------------------------------------------
| User Ignored Path Table
| -----------------------
------------------------------------------------------------------------------------------------

Path Group    From Clock    To Clock    
----------    ----------    --------    


------------------------------------------------------------------------------------------------
| Unconstrained Path Table
| ------------------------
------------------------------------------------------------------------------------------------

Path Group    From Clock    To Clock    
----------    ----------    --------    
(none)        ap_clk                      
(none)                      ap_clk        


------------------------------------------------------------------------------------------------
| Timing Details
| --------------
------------------------------------------------------------------------------------------------


---------------------------------------------------------------------------------------------------
From Clock:  ap_clk
  To Clock:  ap_clk

Setup :            0  Failing Endpoints,  Worst Slack        4.185ns,  Total Violation        0.000ns
Hold  :            0  Failing Endpoints,  Worst Slack        0.087ns,  Total Violation        0.000ns
PW    :            0  Failing Endpoints,  Worst Slack        4.238ns,  Total Violation        0.000ns
---------------------------------------------------------------------------------------------------


Max Delay Paths
--------------------------------------------------------------------------------------
Slack (MET) :             4.185ns  (required time - arrival time)
  Source:                 bd_0_i/hls_inst/inst/regslice_both_input_r_U/data_p1_reg[2]/C
                            (rising edge-triggered cell FDRE clocked by ap_clk  {rise@0.000ns fall@5.000ns period=10.000ns})
  Destination:            bd_0_i/hls_inst/inst/regslice_both_output_r_U/data_p1_reg[15]/D
                            (rising edge-triggered cell FDRE clocked by ap_clk  {rise@0.000ns fall@5.000ns period=10.000ns})
  Path Group:             ap_clk
  Path Type:              Setup (Max at Slow Process Corner)
  Requirement:            10.000ns  (ap_clk rise@10.000ns - ap_clk rise@0.000ns)
  Data Path Delay:        5.810ns  (logic 3.640ns (62.654%)  route 2.170ns (37.346%))
  Logic Levels:           15  (CARRY8=5 DSP_A_B_DATA=1 DSP_ALU=1 DSP_M_DATA=1 DSP_MULTIPLIER=1 DSP_OUTPUT=1 DSP_PREADD_DATA=1 LUT2=2 LUT4=1 LUT5=1)
  Clock Path Skew:        -0.013ns (DCD - SCD + CPR)
    Destination Clock Delay (DCD):    0.030ns = ( 10.030 - 10.000 ) 
    Source Clock Delay      (SCD):    0.043ns
    Clock Pessimism Removal (CPR):    0.000ns
  Clock Uncertainty:      0.035ns  ((TSJ^2 + TIJ^2)^1/2 + DJ) / 2 + PE
    Total System Jitter     (TSJ):    0.071ns
    Total Input Jitter      (TIJ):    0.000ns
    Discrete Jitter          (DJ):    0.000ns
    Phase Error              (PE):    0.000ns

    Location             Delay type                Incr(ns)  Path(ns)    Netlist Resource(s)
  -------------------------------------------------------------------    -------------------
                         (clock ap_clk rise edge)     0.000     0.000 r  
                                                      0.000     0.000 r  ap_clk (IN)
                         net (fo=1195, unset)         0.043     0.043    bd_0_i/hls_inst/inst/regslice_both_input_r_U/ap_clk
    SLICE_X43Y36         FDRE                                         r  bd_0_i/hls_inst/inst/regslice_both_input_r_U/data_p1_reg[2]/C
  -------------------------------------------------------------------    -------------------
    SLICE_X43Y36         FDRE (Prop_EFF_SLICEM_C_Q)
                                                      0.113     0.156 r  bd_0_i/hls_inst/inst/regslice_both_input_r_U/data_p1_reg[2]/Q
                         net (fo=4, routed)           0.404     0.560    bd_0_i/hls_inst/inst/regslice_both_input_r_U/data_p1_reg[15]_0[2]
    SLICE_X43Y39         LUT2 (Prop_C6LUT_SLICEM_I1_O)
                                                      0.056     0.616 r  bd_0_i/hls_inst/inst/regslice_both_input_r_U/tmp_product_i_58__0/O
                         net (fo=1, routed)           0.029     0.645    bd_0_i/hls_inst/inst/regslice_both_input_r_U/tmp_product_i_58__0_n_3
    SLICE_X43Y39         CARRY8 (Prop_CARRY8_SLICEM_S[2]_O[4])
                                                      0.238     0.883 f  bd_0_i/hls_inst/inst/regslice_both_input_r_U/tmp_product_i_16__0/O[4]
                         net (fo=2, routed)           0.709     1.591    bd_0_i/hls_inst/inst/mul_16s_10s_25_1_1_U15/tmp_product/A[4]
    DSP48E2_X10Y10       DSP_A_B_DATA (Prop_DSP_A_B_DATA_DSP48E2_A[4]_A2_DATA[4])
                                                      0.258     1.849 r  bd_0_i/hls_inst/inst/mul_16s_10s_25_1_1_U15/tmp_product/DSP_A_B_DATA_INST/A2_DATA[4]
                         net (fo=1, routed)           0.000     1.849    bd_0_i/hls_inst/inst/mul_16s_10s_25_1_1_U15/tmp_product/DSP_A_B_DATA.A2_DATA<4>
    DSP48E2_X10Y10       DSP_PREADD_DATA (Prop_DSP_PREADD_DATA_DSP48E2_A2_DATA[4]_A2A1[4])
                                                      0.114     1.963 r  bd_0_i/hls_inst/inst/mul_16s_10s_25_1_1_U15/tmp_product/DSP_PREADD_DATA_INST/A2A1[4]
                         net (fo=1, routed)           0.000     1.963    bd_0_i/hls_inst/inst/mul_16s_10s_25_1_1_U15/tmp_product/DSP_PREADD_DATA.A2A1<4>
    DSP48E2_X10Y10       DSP_MULTIPLIER (Prop_DSP_MULTIPLIER_DSP48E2_A2A1[4]_U[8])
                                                      0.700     2.663 f  bd_0_i/hls_inst/inst/mul_16s_10s_25_1_1_U15/tmp_product/DSP_MULTIPLIER_INST/U[8]
                         net (fo=1, routed)           0.000     2.663    bd_0_i/hls_inst/inst/mul_16s_10s_25_1_1_U15/tmp_product/DSP_MULTIPLIER.U<8>
    DSP48E2_X10Y10       DSP_M_DATA (Prop_DSP_M_DATA_DSP48E2_U[8]_U_DATA[8])
                                                      0.067     2.730 r  bd_0_i/hls_inst/inst/mul_16s_10s_25_1_1_U15/tmp_product/DSP_M_DATA_INST/U_DATA[8]
                         net (fo=1, routed)           0.000     2.730    bd_0_i/hls_inst/inst/mul_16s_10s_25_1_1_U15/tmp_product/DSP_M_DATA.U_DATA<8>
    DSP48E2_X10Y10       DSP_ALU (Prop_DSP_ALU_DSP48E2_U_DATA[8]_ALU_OUT[8])
                                                      0.727     3.457 f  bd_0_i/hls_inst/inst/mul_16s_10s_25_1_1_U15/tmp_product/DSP_ALU_INST/ALU_OUT[8]
                         net (fo=1, routed)           0.000     3.457    bd_0_i/hls_inst/inst/mul_16s_10s_25_1_1_U15/tmp_product/DSP_ALU.ALU_OUT<8>
    DSP48E2_X10Y10       DSP_OUTPUT (Prop_DSP_OUTPUT_DSP48E2_ALU_OUT[8]_P[8])
                                                      0.146     3.603 r  bd_0_i/hls_inst/inst/mul_16s_10s_25_1_1_U15/tmp_product/DSP_OUTPUT_INST/P[8]
                         net (fo=2, routed)           0.201     3.805    bd_0_i/hls_inst/inst/mul_16s_10s_25_1_1_U15/tmp_product_n_100
    SLICE_X36Y26         LUT2 (Prop_A6LUT_SLICEL_I0_O)
                                                      0.152     3.957 r  bd_0_i/hls_inst/inst/mul_16s_10s_25_1_1_U15/data_p2[7]_i_36/O
                         net (fo=1, routed)           0.014     3.971    bd_0_i/hls_inst/inst/mul_16s_10s_25_1_1_U15/data_p2[7]_i_36_n_3
    SLICE_X36Y26         CARRY8 (Prop_CARRY8_SLICEL_S[0]_CO[7])
                                                      0.278     4.249 r  bd_0_i/hls_inst/inst/mul_16s_10s_25_1_1_U15/data_p2_reg[7]_i_19/CO[7]
                         net (fo=1, routed)           0.030     4.279    bd_0_i/hls_inst/inst/mul_16s_10s_25_1_1_U15/data_p2_reg[7]_i_19_n_3
    SLICE_X36Y27         CARRY8 (Prop_CARRY8_SLICEL_CI_O[1])
                                                      0.106     4.385 r  bd_0_i/hls_inst/inst/mul_16s_10s_25_1_1_U15/data_p2_reg[7]_i_18/O[1]
                         net (fo=1, routed)           0.412     4.797    bd_0_i/hls_inst/inst/mul_16s_9s_24_1_1_U14/O[1]
    SLICE_X36Y40         LUT5 (Prop_B6LUT_SLICEL_I4_O)
                                                      0.188     4.985 r  bd_0_i/hls_inst/inst/mul_16s_9s_24_1_1_U14/data_p2[7]_i_16/O
                         net (fo=1, routed)           0.013     4.998    bd_0_i/hls_inst/inst/regslice_both_input_r_U/S[1]
    SLICE_X36Y40         CARRY8 (Prop_CARRY8_SLICEL_S[1]_CO[7])
                                                      0.261     5.259 r  bd_0_i/hls_inst/inst/regslice_both_input_r_U/data_p2_reg[7]_i_1/CO[7]
                         net (fo=1, routed)           0.030     5.289    bd_0_i/hls_inst/inst/regslice_both_input_r_U/data_p2_reg[7]_i_1_n_3
    SLICE_X36Y41         CARRY8 (Prop_CARRY8_SLICEL_CI_O[7])
                                                      0.179     5.468 r  bd_0_i/hls_inst/inst/regslice_both_input_r_U/data_p2_reg[15]_i_2/O[7]
                         net (fo=2, routed)           0.247     5.715    bd_0_i/hls_inst/inst/regslice_both_output_r_U/data_p2_reg[15]_0[15]
    SLICE_X35Y41         LUT4 (Prop_B6LUT_SLICEM_I3_O)
                                                      0.057     5.772 r  bd_0_i/hls_inst/inst/regslice_both_output_r_U/data_p1[15]_i_2/O
                         net (fo=1, routed)           0.081     5.853    bd_0_i/hls_inst/inst/regslice_both_output_r_U/data_p1[15]_i_2_n_3
    SLICE_X35Y41         FDRE                                         r  bd_0_i/hls_inst/inst/regslice_both_output_r_U/data_p1_reg[15]/D
  -------------------------------------------------------------------    -------------------

                         (clock ap_clk rise edge)    10.000    10.000 r  
                                                      0.000    10.000 r  ap_clk (IN)
                         net (fo=1195, unset)         0.030    10.030    bd_0_i/hls_inst/inst/regslice_both_output_r_U/ap_clk
    SLICE_X35Y41         FDRE                                         r  bd_0_i/hls_inst/inst/regslice_both_output_r_U/data_p1_reg[15]/C
                         clock pessimism              0.000    10.030    
                         clock uncertainty           -0.035     9.995    
    SLICE_X35Y41         FDRE (Setup_BFF_SLICEM_C_D)
                                                      0.043    10.038    bd_0_i/hls_inst/inst/regslice_both_output_r_U/data_p1_reg[15]
  -------------------------------------------------------------------
                         required time                         10.038    
                         arrival time                          -5.853    
  -------------------------------------------------------------------
                         slack                                  4.185    

Slack (MET) :             4.248ns  (required time - arrival time)
  Source:                 bd_0_i/hls_inst/inst/regslice_both_input_r_U/data_p1_reg[2]/C
                            (rising edge-triggered cell FDRE clocked by ap_clk  {rise@0.000ns fall@5.000ns period=10.000ns})
  Destination:            bd_0_i/hls_inst/inst/regslice_both_output_r_U/data_p1_reg[8]/D
                            (rising edge-triggered cell FDRE clocked by ap_clk  {rise@0.000ns fall@5.000ns period=10.000ns})
  Path Group:             ap_clk
  Path Type:              Setup (Max at Slow Process Corner)
  Requirement:            10.000ns  (ap_clk rise@10.000ns - ap_clk rise@0.000ns)
  Data Path Delay:        5.748ns  (logic 3.679ns (64.008%)  route 2.069ns (35.992%))
  Logic Levels:           15  (CARRY8=5 DSP_A_B_DATA=1 DSP_ALU=1 DSP_M_DATA=1 DSP_MULTIPLIER=1 DSP_OUTPUT=1 DSP_PREADD_DATA=1 LUT2=2 LUT4=1 LUT5=1)
  Clock Path Skew:        -0.013ns (DCD - SCD + CPR)
    Destination Clock Delay (DCD):    0.030ns = ( 10.030 - 10.000 ) 
    Source Clock Delay      (SCD):    0.043ns
    Clock Pessimism Removal (CPR):    0.000ns
  Clock Uncertainty:      0.035ns  ((TSJ^2 + TIJ^2)^1/2 + DJ) / 2 + PE
    Total System Jitter     (TSJ):    0.071ns
    Total Input Jitter      (TIJ):    0.000ns
    Discrete Jitter          (DJ):    0.000ns
    Phase Error              (PE):    0.000ns

    Location             Delay type                Incr(ns)  Path(ns)    Netlist Resource(s)
  -------------------------------------------------------------------    -------------------
                         (clock ap_clk rise edge)     0.000     0.000 r  
                                                      0.000     0.000 r  ap_clk (IN)
                         net (fo=1195, unset)         0.043     0.043    bd_0_i/hls_inst/inst/regslice_both_input_r_U/ap_clk
    SLICE_X43Y36         FDRE                                         r  bd_0_i/hls_inst/inst/regslice_both_input_r_U/data_p1_reg[2]/C
  -------------------------------------------------------------------    -------------------
    SLICE_X43Y36         FDRE (Prop_EFF_SLICEM_C_Q)
                                                      0.113     0.156 r  bd_0_i/hls_inst/inst/regslice_both_input_r_U/data_p1_reg[2]/Q
                         net (fo=4, routed)           0.404     0.560    bd_0_i/hls_inst/inst/regslice_both_input_r_U/data_p1_reg[15]_0[2]
    SLICE_X43Y39         LUT2 (Prop_C6LUT_SLICEM_I1_O)
                                                      0.056     0.616 r  bd_0_i/hls_inst/inst/regslice_both_input_r_U/tmp_product_i_58__0/O
                         net (fo=1, routed)           0.029     0.645    bd_0_i/hls_inst/inst/regslice_both_input_r_U/tmp_product_i_58__0_n_3
    SLICE_X43Y39         CARRY8 (Prop_CARRY8_SLICEM_S[2]_O[4])
                                                      0.238     0.883 f  bd_0_i/hls_inst/inst/regslice_both_input_r_U/tmp_product_i_16__0/O[4]
                         net (fo=2, routed)           0.709     1.591    bd_0_i/hls_inst/inst/mul_16s_10s_25_1_1_U15/tmp_product/A[4]
    DSP48E2_X10Y10       DSP_A_B_DATA (Prop_DSP_A_B_DATA_DSP48E2_A[4]_A2_DATA[4])
                                                      0.258     1.849 r  bd_0_i/hls_inst/inst/mul_16s_10s_25_1_1_U15/tmp_product/DSP_A_B_DATA_INST/A2_DATA[4]
                         net (fo=1, routed)           0.000     1.849    bd_0_i/hls_inst/inst/mul_16s_10s_25_1_1_U15/tmp_product/DSP_A_B_DATA.A2_DATA<4>
    DSP48E2_X10Y10       DSP_PREADD_DATA (Prop_DSP_PREADD_DATA_DSP48E2_A2_DATA[4]_A2A1[4])
                                                      0.114     1.963 r  bd_0_i/hls_inst/inst/mul_16s_10s_25_1_1_U15/tmp_product/DSP_PREADD_DATA_INST/A2A1[4]
                         net (fo=1, routed)           0.000     1.963    bd_0_i/hls_inst/inst/mul_16s_10s_25_1_1_U15/tmp_product/DSP_PREADD_DATA.A2A1<4>
    DSP48E2_X10Y10       DSP_MULTIPLIER (Prop_DSP_MULTIPLIER_DSP48E2_A2A1[4]_U[8])
                                                      0.700     2.663 f  bd_0_i/hls_inst/inst/mul_16s_10s_25_1_1_U15/tmp_product/DSP_MULTIPLIER_INST/U[8]
                         net (fo=1, routed)           0.000     2.663    bd_0_i/hls_inst/inst/mul_16s_10s_25_1_1_U15/tmp_product/DSP_MULTIPLIER.U<8>
    DSP48E2_X10Y10       DSP_M_DATA (Prop_DSP_M_DATA_DSP48E2_U[8]_U_DATA[8])
                                                      0.067     2.730 r  bd_0_i/hls_inst/inst/mul_16s_10s_25_1_1_U15/tmp_product/DSP_M_DATA_INST/U_DATA[8]
                         net (fo=1, routed)           0.000     2.730    bd_0_i/hls_inst/inst/mul_16s_10s_25_1_1_U15/tmp_product/DSP_M_DATA.U_DATA<8>
    DSP48E2_X10Y10       DSP_ALU (Prop_DSP_ALU_DSP48E2_U_DATA[8]_ALU_OUT[8])
                                                      0.727     3.457 f  bd_0_i/hls_inst/inst/mul_16s_10s_25_1_1_U15/tmp_product/DSP_ALU_INST/ALU_OUT[8]
                         net (fo=1, routed)           0.000     3.457    bd_0_i/hls_inst/inst/mul_16s_10s_25_1_1_U15/tmp_product/DSP_ALU.ALU_OUT<8>
    DSP48E2_X10Y10       DSP_OUTPUT (Prop_DSP_OUTPUT_DSP48E2_ALU_OUT[8]_P[8])
                                                      0.146     3.603 r  bd_0_i/hls_inst/inst/mul_16s_10s_25_1_1_U15/tmp_product/DSP_OUTPUT_INST/P[8]
                         net (fo=2, routed)           0.201     3.805    bd_0_i/hls_inst/inst/mul_16s_10s_25_1_1_U15/tmp_product_n_100
    SLICE_X36Y26         LUT2 (Prop_A6LUT_SLICEL_I0_O)
                                                      0.152     3.957 r  bd_0_i/hls_inst/inst/mul_16s_10s_25_1_1_U15/data_p2[7]_i_36/O
                         net (fo=1, routed)           0.014     3.971    bd_0_i/hls_inst/inst/mul_16s_10s_25_1_1_U15/data_p2[7]_i_36_n_3
    SLICE_X36Y26         CARRY8 (Prop_CARRY8_SLICEL_S[0]_CO[7])
                                                      0.278     4.249 r  bd_0_i/hls_inst/inst/mul_16s_10s_25_1_1_U15/data_p2_reg[7]_i_19/CO[7]
                         net (fo=1, routed)           0.030     4.279    bd_0_i/hls_inst/inst/mul_16s_10s_25_1_1_U15/data_p2_reg[7]_i_19_n_3
    SLICE_X36Y27         CARRY8 (Prop_CARRY8_SLICEL_CI_O[1])
                                                      0.106     4.385 r  bd_0_i/hls_inst/inst/mul_16s_10s_25_1_1_U15/data_p2_reg[7]_i_18/O[1]
                         net (fo=1, routed)           0.412     4.797    bd_0_i/hls_inst/inst/mul_16s_9s_24_1_1_U14/O[1]
    SLICE_X36Y40         LUT5 (Prop_B6LUT_SLICEL_I4_O)
                                                      0.188     4.985 r  bd_0_i/hls_inst/inst/mul_16s_9s_24_1_1_U14/data_p2[7]_i_16/O
                         net (fo=1, routed)           0.013     4.998    bd_0_i/hls_inst/inst/regslice_both_input_r_U/S[1]
    SLICE_X36Y40         CARRY8 (Prop_CARRY8_SLICEL_S[1]_CO[7])
                                                      0.261     5.259 r  bd_0_i/hls_inst/inst/regslice_both_input_r_U/data_p2_reg[7]_i_1/CO[7]
                         net (fo=1, routed)           0.030     5.289    bd_0_i/hls_inst/inst/regslice_both_input_r_U/data_p2_reg[7]_i_1_n_3
    SLICE_X36Y41         CARRY8 (Prop_CARRY8_SLICEL_CI_O[0])
                                                      0.086     5.375 r  bd_0_i/hls_inst/inst/regslice_both_input_r_U/data_p2_reg[15]_i_2/O[0]
                         net (fo=2, routed)           0.154     5.529    bd_0_i/hls_inst/inst/regslice_both_output_r_U/data_p2_reg[15]_0[8]
    SLICE_X35Y41         LUT4 (Prop_A6LUT_SLICEM_I3_O)
                                                      0.189     5.718 r  bd_0_i/hls_inst/inst/regslice_both_output_r_U/data_p1[8]_i_1/O
                         net (fo=1, routed)           0.073     5.791    bd_0_i/hls_inst/inst/regslice_both_output_r_U/data_p1[8]_i_1_n_3
    SLICE_X35Y41         FDRE                                         r  bd_0_i/hls_inst/inst/regslice_both_output_r_U/data_p1_reg[8]/D
  -------------------------------------------------------------------    -------------------

                         (clock ap_clk rise edge)    10.000    10.000 r  
                                                      0.000    10.000 r  ap_clk (IN)
                         net (fo=1195, unset)         0.030    10.030    bd_0_i/hls_inst/inst/regslice_both_output_r_U/ap_clk
    SLICE_X35Y41         FDRE                                         r  bd_0_i/hls_inst/inst/regslice_both_output_r_U/data_p1_reg[8]/C
                         clock pessimism              0.000    10.030    
                         clock uncertainty           -0.035     9.995    
    SLICE_X35Y41         FDRE (Setup_AFF_SLICEM_C_D)
                                                      0.044    10.039    bd_0_i/hls_inst/inst/regslice_both_output_r_U/data_p1_reg[8]
  -------------------------------------------------------------------
                         required time                         10.039    
                         arrival time                          -5.791    
  -------------------------------------------------------------------
                         slack                                  4.248    

Slack (MET) :             4.268ns  (required time - arrival time)
  Source:                 bd_0_i/hls_inst/inst/regslice_both_input_r_U/data_p1_reg[2]/C
                            (rising edge-triggered cell FDRE clocked by ap_clk  {rise@0.000ns fall@5.000ns period=10.000ns})
  Destination:            bd_0_i/hls_inst/inst/regslice_both_output_r_U/data_p1_reg[11]/D
                            (rising edge-triggered cell FDRE clocked by ap_clk  {rise@0.000ns fall@5.000ns period=10.000ns})
  Path Group:             ap_clk
  Path Type:              Setup (Max at Slow Process Corner)
  Requirement:            10.000ns  (ap_clk rise@10.000ns - ap_clk rise@0.000ns)
  Data Path Delay:        5.728ns  (logic 3.608ns (62.992%)  route 2.120ns (37.008%))
  Logic Levels:           15  (CARRY8=5 DSP_A_B_DATA=1 DSP_ALU=1 DSP_M_DATA=1 DSP_MULTIPLIER=1 DSP_OUTPUT=1 DSP_PREADD_DATA=1 LUT2=2 LUT4=1 LUT5=1)
  Clock Path Skew:        -0.012ns (DCD - SCD + CPR)
    Destination Clock Delay (DCD):    0.031ns = ( 10.031 - 10.000 ) 
    Source Clock Delay      (SCD):    0.043ns
    Clock Pessimism Removal (CPR):    0.000ns
  Clock Uncertainty:      0.035ns  ((TSJ^2 + TIJ^2)^1/2 + DJ) / 2 + PE
    Total System Jitter     (TSJ):    0.071ns
    Total Input Jitter      (TIJ):    0.000ns
    Discrete Jitter          (DJ):    0.000ns
    Phase Error              (PE):    0.000ns

    Location             Delay type                Incr(ns)  Path(ns)    Netlist Resource(s)
  -------------------------------------------------------------------    -------------------
                         (clock ap_clk rise edge)     0.000     0.000 r  
                                                      0.000     0.000 r  ap_clk (IN)
                         net (fo=1195, unset)         0.043     0.043    bd_0_i/hls_inst/inst/regslice_both_input_r_U/ap_clk
    SLICE_X43Y36         FDRE                                         r  bd_0_i/hls_inst/inst/regslice_both_input_r_U/data_p1_reg[2]/C
  -------------------------------------------------------------------    -------------------
    SLICE_X43Y36         FDRE (Prop_EFF_SLICEM_C_Q)
                                                      0.113     0.156 r  bd_0_i/hls_inst/inst/regslice_both_input_r_U/data_p1_reg[2]/Q
                         net (fo=4, routed)           0.404     0.560    bd_0_i/hls_inst/inst/regslice_both_input_r_U/data_p1_reg[15]_0[2]
    SLICE_X43Y39         LUT2 (Prop_C6LUT_SLICEM_I1_O)
                                                      0.056     0.616 r  bd_0_i/hls_inst/inst/regslice_both_input_r_U/tmp_product_i_58__0/O
                         net (fo=1, routed)           0.029     0.645    bd_0_i/hls_inst/inst/regslice_both_input_r_U/tmp_product_i_58__0_n_3
    SLICE_X43Y39         CARRY8 (Prop_CARRY8_SLICEM_S[2]_O[4])
                                                      0.238     0.883 f  bd_0_i/hls_inst/inst/regslice_both_input_r_U/tmp_product_i_16__0/O[4]
                         net (fo=2, routed)           0.709     1.591    bd_0_i/hls_inst/inst/mul_16s_10s_25_1_1_U15/tmp_product/A[4]
    DSP48E2_X10Y10       DSP_A_B_DATA (Prop_DSP_A_B_DATA_DSP48E2_A[4]_A2_DATA[4])
                                                      0.258     1.849 r  bd_0_i/hls_inst/inst/mul_16s_10s_25_1_1_U15/tmp_product/DSP_A_B_DATA_INST/A2_DATA[4]
                         net (fo=1, routed)           0.000     1.849    bd_0_i/hls_inst/inst/mul_16s_10s_25_1_1_U15/tmp_product/DSP_A_B_DATA.A2_DATA<4>
    DSP48E2_X10Y10       DSP_PREADD_DATA (Prop_DSP_PREADD_DATA_DSP48E2_A2_DATA[4]_A2A1[4])
                                                      0.114     1.963 r  bd_0_i/hls_inst/inst/mul_16s_10s_25_1_1_U15/tmp_product/DSP_PREADD_DATA_INST/A2A1[4]
                         net (fo=1, routed)           0.000     1.963    bd_0_i/hls_inst/inst/mul_16s_10s_25_1_1_U15/tmp_product/DSP_PREADD_DATA.A2A1<4>
    DSP48E2_X10Y10       DSP_MULTIPLIER (Prop_DSP_MULTIPLIER_DSP48E2_A2A1[4]_U[8])
                                                      0.700     2.663 f  bd_0_i/hls_inst/inst/mul_16s_10s_25_1_1_U15/tmp_product/DSP_MULTIPLIER_INST/U[8]
                         net (fo=1, routed)           0.000     2.663    bd_0_i/hls_inst/inst/mul_16s_10s_25_1_1_U15/tmp_product/DSP_MULTIPLIER.U<8>
    DSP48E2_X10Y10       DSP_M_DATA (Prop_DSP_M_DATA_DSP48E2_U[8]_U_DATA[8])
                                                      0.067     2.730 r  bd_0_i/hls_inst/inst/mul_16s_10s_25_1_1_U15/tmp_product/DSP_M_DATA_INST/U_DATA[8]
                         net (fo=1, routed)           0.000     2.730    bd_0_i/hls_inst/inst/mul_16s_10s_25_1_1_U15/tmp_product/DSP_M_DATA.U_DATA<8>
    DSP48E2_X10Y10       DSP_ALU (Prop_DSP_ALU_DSP48E2_U_DATA[8]_ALU_OUT[8])
                                                      0.727     3.457 f  bd_0_i/hls_inst/inst/mul_16s_10s_25_1_1_U15/tmp_product/DSP_ALU_INST/ALU_OUT[8]
                         net (fo=1, routed)           0.000     3.457    bd_0_i/hls_inst/inst/mul_16s_10s_25_1_1_U15/tmp_product/DSP_ALU.ALU_OUT<8>
    DSP48E2_X10Y10       DSP_OUTPUT (Prop_DSP_OUTPUT_DSP48E2_ALU_OUT[8]_P[8])
                                                      0.146     3.603 r  bd_0_i/hls_inst/inst/mul_16s_10s_25_1_1_U15/tmp_product/DSP_OUTPUT_INST/P[8]
                         net (fo=2, routed)           0.201     3.805    bd_0_i/hls_inst/inst/mul_16s_10s_25_1_1_U15/tmp_product_n_100
    SLICE_X36Y26         LUT2 (Prop_A6LUT_SLICEL_I0_O)
                                                      0.152     3.957 r  bd_0_i/hls_inst/inst/mul_16s_10s_25_1_1_U15/data_p2[7]_i_36/O
                         net (fo=1, routed)           0.014     3.971    bd_0_i/hls_inst/inst/mul_16s_10s_25_1_1_U15/data_p2[7]_i_36_n_3
    SLICE_X36Y26         CARRY8 (Prop_CARRY8_SLICEL_S[0]_CO[7])
                                                      0.278     4.249 r  bd_0_i/hls_inst/inst/mul_16s_10s_25_1_1_U15/data_p2_reg[7]_i_19/CO[7]
                         net (fo=1, routed)           0.030     4.279    bd_0_i/hls_inst/inst/mul_16s_10s_25_1_1_U15/data_p2_reg[7]_i_19_n_3
    SLICE_X36Y27         CARRY8 (Prop_CARRY8_SLICEL_CI_O[1])
                                                      0.106     4.385 r  bd_0_i/hls_inst/inst/mul_16s_10s_25_1_1_U15/data_p2_reg[7]_i_18/O[1]
                         net (fo=1, routed)           0.412     4.797    bd_0_i/hls_inst/inst/mul_16s_9s_24_1_1_U14/O[1]
    SLICE_X36Y40         LUT5 (Prop_B6LUT_SLICEL_I4_O)
                                                      0.188     4.985 r  bd_0_i/hls_inst/inst/mul_16s_9s_24_1_1_U14/data_p2[7]_i_16/O
                         net (fo=1, routed)           0.013     4.998    bd_0_i/hls_inst/inst/regslice_both_input_r_U/S[1]
    SLICE_X36Y40         CARRY8 (Prop_CARRY8_SLICEL_S[1]_CO[7])
                                                      0.261     5.259 r  bd_0_i/hls_inst/inst/regslice_both_input_r_U/data_p2_reg[7]_i_1/CO[7]
                         net (fo=1, routed)           0.030     5.289    bd_0_i/hls_inst/inst/regslice_both_input_r_U/data_p2_reg[7]_i_1_n_3
    SLICE_X36Y41         CARRY8 (Prop_CARRY8_SLICEL_CI_O[3])
                                                      0.122     5.411 r  bd_0_i/hls_inst/inst/regslice_both_input_r_U/data_p2_reg[15]_i_2/O[3]
                         net (fo=2, routed)           0.198     5.609    bd_0_i/hls_inst/inst/regslice_both_output_r_U/data_p2_reg[15]_0[11]
    SLICE_X35Y41         LUT4 (Prop_G6LUT_SLICEM_I3_O)
                                                      0.082     5.691 r  bd_0_i/hls_inst/inst/regslice_both_output_r_U/data_p1[11]_i_1/O
                         net (fo=1, routed)           0.080     5.771    bd_0_i/hls_inst/inst/regslice_both_output_r_U/data_p1[11]_i_1_n_3
    SLICE_X35Y41         FDRE                                         r  bd_0_i/hls_inst/inst/regslice_both_output_r_U/data_p1_reg[11]/D
  -------------------------------------------------------------------    -------------------

                         (clock ap_clk rise edge)    10.000    10.000 r  
                                                      0.000    10.000 r  ap_clk (IN)
                         net (fo=1195, unset)         0.031    10.031    bd_0_i/hls_inst/inst/regslice_both_output_r_U/ap_clk
    SLICE_X35Y41         FDRE                                         r  bd_0_i/hls_inst/inst/regslice_both_output_r_U/data_p1_reg[11]/C
                         clock pessimism              0.000    10.031    
                         clock uncertainty           -0.035     9.996    
    SLICE_X35Y41         FDRE (Setup_GFF_SLICEM_C_D)
                                                      0.043    10.039    bd_0_i/hls_inst/inst/regslice_both_output_r_U/data_p1_reg[11]
  -------------------------------------------------------------------
                         required time                         10.039    
                         arrival time                          -5.771    
  -------------------------------------------------------------------
                         slack                                  4.268    

Slack (MET) :             4.278ns  (required time - arrival time)
  Source:                 bd_0_i/hls_inst/inst/regslice_both_input_r_U/data_p1_reg[2]/C
                            (rising edge-triggered cell FDRE clocked by ap_clk  {rise@0.000ns fall@5.000ns period=10.000ns})
  Destination:            bd_0_i/hls_inst/inst/regslice_both_output_r_U/data_p1_reg[13]/D
                            (rising edge-triggered cell FDRE clocked by ap_clk  {rise@0.000ns fall@5.000ns period=10.000ns})
  Path Group:             ap_clk
  Path Type:              Setup (Max at Slow Process Corner)
  Requirement:            10.000ns  (ap_clk rise@10.000ns - ap_clk rise@0.000ns)
  Data Path Delay:        5.717ns  (logic 3.629ns (63.480%)  route 2.088ns (36.520%))
  Logic Levels:           15  (CARRY8=5 DSP_A_B_DATA=1 DSP_ALU=1 DSP_M_DATA=1 DSP_MULTIPLIER=1 DSP_OUTPUT=1 DSP_PREADD_DATA=1 LUT2=2 LUT4=1 LUT5=1)
  Clock Path Skew:        -0.013ns (DCD - SCD + CPR)
    Destination Clock Delay (DCD):    0.030ns = ( 10.030 - 10.000 ) 
    Source Clock Delay      (SCD):    0.043ns
    Clock Pessimism Removal (CPR):    0.000ns
  Clock Uncertainty:      0.035ns  ((TSJ^2 + TIJ^2)^1/2 + DJ) / 2 + PE
    Total System Jitter     (TSJ):    0.071ns
    Total Input Jitter      (TIJ):    0.000ns
    Discrete Jitter          (DJ):    0.000ns
    Phase Error              (PE):    0.000ns

    Location             Delay type                Incr(ns)  Path(ns)    Netlist Resource(s)
  -------------------------------------------------------------------    -------------------
                         (clock ap_clk rise edge)     0.000     0.000 r  
                                                      0.000     0.000 r  ap_clk (IN)
                         net (fo=1195, unset)         0.043     0.043    bd_0_i/hls_inst/inst/regslice_both_input_r_U/ap_clk
    SLICE_X43Y36         FDRE                                         r  bd_0_i/hls_inst/inst/regslice_both_input_r_U/data_p1_reg[2]/C
  -------------------------------------------------------------------    -------------------
    SLICE_X43Y36         FDRE (Prop_EFF_SLICEM_C_Q)
                                                      0.113     0.156 r  bd_0_i/hls_inst/inst/regslice_both_input_r_U/data_p1_reg[2]/Q
                         net (fo=4, routed)           0.404     0.560    bd_0_i/hls_inst/inst/regslice_both_input_r_U/data_p1_reg[15]_0[2]
    SLICE_X43Y39         LUT2 (Prop_C6LUT_SLICEM_I1_O)
                                                      0.056     0.616 r  bd_0_i/hls_inst/inst/regslice_both_input_r_U/tmp_product_i_58__0/O
                         net (fo=1, routed)           0.029     0.645    bd_0_i/hls_inst/inst/regslice_both_input_r_U/tmp_product_i_58__0_n_3
    SLICE_X43Y39         CARRY8 (Prop_CARRY8_SLICEM_S[2]_O[4])
                                                      0.238     0.883 f  bd_0_i/hls_inst/inst/regslice_both_input_r_U/tmp_product_i_16__0/O[4]
                         net (fo=2, routed)           0.709     1.591    bd_0_i/hls_inst/inst/mul_16s_10s_25_1_1_U15/tmp_product/A[4]
    DSP48E2_X10Y10       DSP_A_B_DATA (Prop_DSP_A_B_DATA_DSP48E2_A[4]_A2_DATA[4])
                                                      0.258     1.849 r  bd_0_i/hls_inst/inst/mul_16s_10s_25_1_1_U15/tmp_product/DSP_A_B_DATA_INST/A2_DATA[4]
                         net (fo=1, routed)           0.000     1.849    bd_0_i/hls_inst/inst/mul_16s_10s_25_1_1_U15/tmp_product/DSP_A_B_DATA.A2_DATA<4>
    DSP48E2_X10Y10       DSP_PREADD_DATA (Prop_DSP_PREADD_DATA_DSP48E2_A2_DATA[4]_A2A1[4])
                                                      0.114     1.963 r  bd_0_i/hls_inst/inst/mul_16s_10s_25_1_1_U15/tmp_product/DSP_PREADD_DATA_INST/A2A1[4]
                         net (fo=1, routed)           0.000     1.963    bd_0_i/hls_inst/inst/mul_16s_10s_25_1_1_U15/tmp_product/DSP_PREADD_DATA.A2A1<4>
    DSP48E2_X10Y10       DSP_MULTIPLIER (Prop_DSP_MULTIPLIER_DSP48E2_A2A1[4]_U[8])
                                                      0.700     2.663 f  bd_0_i/hls_inst/inst/mul_16s_10s_25_1_1_U15/tmp_product/DSP_MULTIPLIER_INST/U[8]
                         net (fo=1, routed)           0.000     2.663    bd_0_i/hls_inst/inst/mul_16s_10s_25_1_1_U15/tmp_product/DSP_MULTIPLIER.U<8>
    DSP48E2_X10Y10       DSP_M_DATA (Prop_DSP_M_DATA_DSP48E2_U[8]_U_DATA[8])
                                                      0.067     2.730 r  bd_0_i/hls_inst/inst/mul_16s_10s_25_1_1_U15/tmp_product/DSP_M_DATA_INST/U_DATA[8]
                         net (fo=1, routed)           0.000     2.730    bd_0_i/hls_inst/inst/mul_16s_10s_25_1_1_U15/tmp_product/DSP_M_DATA.U_DATA<8>
    DSP48E2_X10Y10       DSP_ALU (Prop_DSP_ALU_DSP48E2_U_DATA[8]_ALU_OUT[8])
                                                      0.727     3.457 f  bd_0_i/hls_inst/inst/mul_16s_10s_25_1_1_U15/tmp_product/DSP_ALU_INST/ALU_OUT[8]
                         net (fo=1, routed)           0.000     3.457    bd_0_i/hls_inst/inst/mul_16s_10s_25_1_1_U15/tmp_product/DSP_ALU.ALU_OUT<8>
    DSP48E2_X10Y10       DSP_OUTPUT (Prop_DSP_OUTPUT_DSP48E2_ALU_OUT[8]_P[8])
                                                      0.146     3.603 r  bd_0_i/hls_inst/inst/mul_16s_10s_25_1_1_U15/tmp_product/DSP_OUTPUT_INST/P[8]
                         net (fo=2, routed)           0.201     3.805    bd_0_i/hls_inst/inst/mul_16s_10s_25_1_1_U15/tmp_product_n_100
    SLICE_X36Y26         LUT2 (Prop_A6LUT_SLICEL_I0_O)
                                                      0.152     3.957 r  bd_0_i/hls_inst/inst/mul_16s_10s_25_1_1_U15/data_p2[7]_i_36/O
                         net (fo=1, routed)           0.014     3.971    bd_0_i/hls_inst/inst/mul_16s_10s_25_1_1_U15/data_p2[7]_i_36_n_3
    SLICE_X36Y26         CARRY8 (Prop_CARRY8_SLICEL_S[0]_CO[7])
                                                      0.278     4.249 r  bd_0_i/hls_inst/inst/mul_16s_10s_25_1_1_U15/data_p2_reg[7]_i_19/CO[7]
                         net (fo=1, routed)           0.030     4.279    bd_0_i/hls_inst/inst/mul_16s_10s_25_1_1_U15/data_p2_reg[7]_i_19_n_3
    SLICE_X36Y27         CARRY8 (Prop_CARRY8_SLICEL_CI_O[1])
                                                      0.106     4.385 r  bd_0_i/hls_inst/inst/mul_16s_10s_25_1_1_U15/data_p2_reg[7]_i_18/O[1]
                         net (fo=1, routed)           0.412     4.797    bd_0_i/hls_inst/inst/mul_16s_9s_24_1_1_U14/O[1]
    SLICE_X36Y40         LUT5 (Prop_B6LUT_SLICEL_I4_O)
                                                      0.188     4.985 r  bd_0_i/hls_inst/inst/mul_16s_9s_24_1_1_U14/data_p2[7]_i_16/O
                         net (fo=1, routed)           0.013     4.998    bd_0_i/hls_inst/inst/regslice_both_input_r_U/S[1]
    SLICE_X36Y40         CARRY8 (Prop_CARRY8_SLICEL_S[1]_CO[7])
                                                      0.261     5.259 r  bd_0_i/hls_inst/inst/regslice_both_input_r_U/data_p2_reg[7]_i_1/CO[7]
                         net (fo=1, routed)           0.030     5.289    bd_0_i/hls_inst/inst/regslice_both_input_r_U/data_p2_reg[7]_i_1_n_3
    SLICE_X36Y41         CARRY8 (Prop_CARRY8_SLICEL_CI_O[5])
                                                      0.169     5.458 r  bd_0_i/hls_inst/inst/regslice_both_input_r_U/data_p2_reg[15]_i_2/O[5]
                         net (fo=2, routed)           0.150     5.608    bd_0_i/hls_inst/inst/regslice_both_output_r_U/data_p2_reg[15]_0[13]
    SLICE_X35Y41         LUT4 (Prop_D6LUT_SLICEM_I3_O)
                                                      0.056     5.664 r  bd_0_i/hls_inst/inst/regslice_both_output_r_U/data_p1[13]_i_1/O
                         net (fo=1, routed)           0.096     5.760    bd_0_i/hls_inst/inst/regslice_both_output_r_U/data_p1[13]_i_1_n_3
    SLICE_X35Y41         FDRE                                         r  bd_0_i/hls_inst/inst/regslice_both_output_r_U/data_p1_reg[13]/D
  -------------------------------------------------------------------    -------------------

                         (clock ap_clk rise edge)    10.000    10.000 r  
                                                      0.000    10.000 r  ap_clk (IN)
                         net (fo=1195, unset)         0.030    10.030    bd_0_i/hls_inst/inst/regslice_both_output_r_U/ap_clk
    SLICE_X35Y41         FDRE                                         r  bd_0_i/hls_inst/inst/regslice_both_output_r_U/data_p1_reg[13]/C
                         clock pessimism              0.000    10.030    
                         clock uncertainty           -0.035     9.995    
    SLICE_X35Y41         FDRE (Setup_DFF_SLICEM_C_D)
                                                      0.043    10.038    bd_0_i/hls_inst/inst/regslice_both_output_r_U/data_p1_reg[13]
  -------------------------------------------------------------------
                         required time                         10.038    
                         arrival time                          -5.760    
  -------------------------------------------------------------------
                         slack                                  4.278    

Slack (MET) :             4.286ns  (required time - arrival time)
  Source:                 bd_0_i/hls_inst/inst/regslice_both_input_r_U/data_p1_reg[2]/C
                            (rising edge-triggered cell FDRE clocked by ap_clk  {rise@0.000ns fall@5.000ns period=10.000ns})
  Destination:            bd_0_i/hls_inst/inst/regslice_both_output_r_U/data_p1_reg[9]/D
                            (rising edge-triggered cell FDRE clocked by ap_clk  {rise@0.000ns fall@5.000ns period=10.000ns})
  Path Group:             ap_clk
  Path Type:              Setup (Max at Slow Process Corner)
  Requirement:            10.000ns  (ap_clk rise@10.000ns - ap_clk rise@0.000ns)
  Data Path Delay:        5.709ns  (logic 3.654ns (64.007%)  route 2.055ns (35.993%))
  Logic Levels:           15  (CARRY8=5 DSP_A_B_DATA=1 DSP_ALU=1 DSP_M_DATA=1 DSP_MULTIPLIER=1 DSP_OUTPUT=1 DSP_PREADD_DATA=1 LUT2=2 LUT4=1 LUT5=1)
  Clock Path Skew:        -0.014ns (DCD - SCD + CPR)
    Destination Clock Delay (DCD):    0.029ns = ( 10.029 - 10.000 ) 
    Source Clock Delay      (SCD):    0.043ns
    Clock Pessimism Removal (CPR):    0.000ns
  Clock Uncertainty:      0.035ns  ((TSJ^2 + TIJ^2)^1/2 + DJ) / 2 + PE
    Total System Jitter     (TSJ):    0.071ns
    Total Input Jitter      (TIJ):    0.000ns
    Discrete Jitter          (DJ):    0.000ns
    Phase Error              (PE):    0.000ns

    Location             Delay type                Incr(ns)  Path(ns)    Netlist Resource(s)
  -------------------------------------------------------------------    -------------------
                         (clock ap_clk rise edge)     0.000     0.000 r  
                                                      0.000     0.000 r  ap_clk (IN)
                         net (fo=1195, unset)         0.043     0.043    bd_0_i/hls_inst/inst/regslice_both_input_r_U/ap_clk
    SLICE_X43Y36         FDRE                                         r  bd_0_i/hls_inst/inst/regslice_both_input_r_U/data_p1_reg[2]/C
  -------------------------------------------------------------------    -------------------
    SLICE_X43Y36         FDRE (Prop_EFF_SLICEM_C_Q)
                                                      0.113     0.156 r  bd_0_i/hls_inst/inst/regslice_both_input_r_U/data_p1_reg[2]/Q
                         net (fo=4, routed)           0.404     0.560    bd_0_i/hls_inst/inst/regslice_both_input_r_U/data_p1_reg[15]_0[2]
    SLICE_X43Y39         LUT2 (Prop_C6LUT_SLICEM_I1_O)
                                                      0.056     0.616 r  bd_0_i/hls_inst/inst/regslice_both_input_r_U/tmp_product_i_58__0/O
                         net (fo=1, routed)           0.029     0.645    bd_0_i/hls_inst/inst/regslice_both_input_r_U/tmp_product_i_58__0_n_3
    SLICE_X43Y39         CARRY8 (Prop_CARRY8_SLICEM_S[2]_O[4])
                                                      0.238     0.883 f  bd_0_i/hls_inst/inst/regslice_both_input_r_U/tmp_product_i_16__0/O[4]
                         net (fo=2, routed)           0.709     1.591    bd_0_i/hls_inst/inst/mul_16s_10s_25_1_1_U15/tmp_product/A[4]
    DSP48E2_X10Y10       DSP_A_B_DATA (Prop_DSP_A_B_DATA_DSP48E2_A[4]_A2_DATA[4])
                                                      0.258     1.849 r  bd_0_i/hls_inst/inst/mul_16s_10s_25_1_1_U15/tmp_product/DSP_A_B_DATA_INST/A2_DATA[4]
                         net (fo=1, routed)           0.000     1.849    bd_0_i/hls_inst/inst/mul_16s_10s_25_1_1_U15/tmp_product/DSP_A_B_DATA.A2_DATA<4>
    DSP48E2_X10Y10       DSP_PREADD_DATA (Prop_DSP_PREADD_DATA_DSP48E2_A2_DATA[4]_A2A1[4])
                                                      0.114     1.963 r  bd_0_i/hls_inst/inst/mul_16s_10s_25_1_1_U15/tmp_product/DSP_PREADD_DATA_INST/A2A1[4]
                         net (fo=1, routed)           0.000     1.963    bd_0_i/hls_inst/inst/mul_16s_10s_25_1_1_U15/tmp_product/DSP_PREADD_DATA.A2A1<4>
    DSP48E2_X10Y10       DSP_MULTIPLIER (Prop_DSP_MULTIPLIER_DSP48E2_A2A1[4]_U[8])
                                                      0.700     2.663 f  bd_0_i/hls_inst/inst/mul_16s_10s_25_1_1_U15/tmp_product/DSP_MULTIPLIER_INST/U[8]
                         net (fo=1, routed)           0.000     2.663    bd_0_i/hls_inst/inst/mul_16s_10s_25_1_1_U15/tmp_product/DSP_MULTIPLIER.U<8>
    DSP48E2_X10Y10       DSP_M_DATA (Prop_DSP_M_DATA_DSP48E2_U[8]_U_DATA[8])
                                                      0.067     2.730 r  bd_0_i/hls_inst/inst/mul_16s_10s_25_1_1_U15/tmp_product/DSP_M_DATA_INST/U_DATA[8]
                         net (fo=1, routed)           0.000     2.730    bd_0_i/hls_inst/inst/mul_16s_10s_25_1_1_U15/tmp_product/DSP_M_DATA.U_DATA<8>
    DSP48E2_X10Y10       DSP_ALU (Prop_DSP_ALU_DSP48E2_U_DATA[8]_ALU_OUT[8])
                                                      0.727     3.457 f  bd_0_i/hls_inst/inst/mul_16s_10s_25_1_1_U15/tmp_product/DSP_ALU_INST/ALU_OUT[8]
                         net (fo=1, routed)           0.000     3.457    bd_0_i/hls_inst/inst/mul_16s_10s_25_1_1_U15/tmp_product/DSP_ALU.ALU_OUT<8>
    DSP48E2_X10Y10       DSP_OUTPUT (Prop_DSP_OUTPUT_DSP48E2_ALU_OUT[8]_P[8])
                                                      0.146     3.603 r  bd_0_i/hls_inst/inst/mul_16s_10s_25_1_1_U15/tmp_product/DSP_OUTPUT_INST/P[8]
                         net (fo=2, routed)           0.201     3.805    bd_0_i/hls_inst/inst/mul_16s_10s_25_1_1_U15/tmp_product_n_100
    SLICE_X36Y26         LUT2 (Prop_A6LUT_SLICEL_I0_O)
                                                      0.152     3.957 r  bd_0_i/hls_inst/inst/mul_16s_10s_25_1_1_U15/data_p2[7]_i_36/O
                         net (fo=1, routed)           0.014     3.971    bd_0_i/hls_inst/inst/mul_16s_10s_25_1_1_U15/data_p2[7]_i_36_n_3
    SLICE_X36Y26         CARRY8 (Prop_CARRY8_SLICEL_S[0]_CO[7])
                                                      0.278     4.249 r  bd_0_i/hls_inst/inst/mul_16s_10s_25_1_1_U15/data_p2_reg[7]_i_19/CO[7]
                         net (fo=1, routed)           0.030     4.279    bd_0_i/hls_inst/inst/mul_16s_10s_25_1_1_U15/data_p2_reg[7]_i_19_n_3
    SLICE_X36Y27         CARRY8 (Prop_CARRY8_SLICEL_CI_O[1])
                                                      0.106     4.385 r  bd_0_i/hls_inst/inst/mul_16s_10s_25_1_1_U15/data_p2_reg[7]_i_18/O[1]
                         net (fo=1, routed)           0.412     4.797    bd_0_i/hls_inst/inst/mul_16s_9s_24_1_1_U14/O[1]
    SLICE_X36Y40         LUT5 (Prop_B6LUT_SLICEL_I4_O)
                                                      0.188     4.985 r  bd_0_i/hls_inst/inst/mul_16s_9s_24_1_1_U14/data_p2[7]_i_16/O
                         net (fo=1, routed)           0.013     4.998    bd_0_i/hls_inst/inst/regslice_both_input_r_U/S[1]
    SLICE_X36Y40         CARRY8 (Prop_CARRY8_SLICEL_S[1]_CO[7])
                                                      0.261     5.259 r  bd_0_i/hls_inst/inst/regslice_both_input_r_U/data_p2_reg[7]_i_1/CO[7]
                         net (fo=1, routed)           0.030     5.289    bd_0_i/hls_inst/inst/regslice_both_input_r_U/data_p2_reg[7]_i_1_n_3
    SLICE_X36Y41         CARRY8 (Prop_CARRY8_SLICEL_CI_O[1])
                                                      0.114     5.403 r  bd_0_i/hls_inst/inst/regslice_both_input_r_U/data_p2_reg[15]_i_2/O[1]
                         net (fo=2, routed)           0.146     5.549    bd_0_i/hls_inst/inst/regslice_both_output_r_U/data_p2_reg[15]_0[9]
    SLICE_X36Y42         LUT4 (Prop_D6LUT_SLICEL_I3_O)
                                                      0.136     5.685 r  bd_0_i/hls_inst/inst/regslice_both_output_r_U/data_p1[9]_i_1/O
                         net (fo=1, routed)           0.067     5.752    bd_0_i/hls_inst/inst/regslice_both_output_r_U/data_p1[9]_i_1_n_3
    SLICE_X36Y42         FDRE                                         r  bd_0_i/hls_inst/inst/regslice_both_output_r_U/data_p1_reg[9]/D
  -------------------------------------------------------------------    -------------------

                         (clock ap_clk rise edge)    10.000    10.000 r  
                                                      0.000    10.000 r  ap_clk (IN)
                         net (fo=1195, unset)         0.029    10.029    bd_0_i/hls_inst/inst/regslice_both_output_r_U/ap_clk
    SLICE_X36Y42         FDRE                                         r  bd_0_i/hls_inst/inst/regslice_both_output_r_U/data_p1_reg[9]/C
                         clock pessimism              0.000    10.029    
                         clock uncertainty           -0.035     9.994    
    SLICE_X36Y42         FDRE (Setup_DFF_SLICEL_C_D)
                                                      0.044    10.038    bd_0_i/hls_inst/inst/regslice_both_output_r_U/data_p1_reg[9]
  -------------------------------------------------------------------
                         required time                         10.038    
                         arrival time                          -5.752    
  -------------------------------------------------------------------
                         slack                                  4.286    

Slack (MET) :             4.295ns  (required time - arrival time)
  Source:                 bd_0_i/hls_inst/inst/regslice_both_input_r_U/data_p1_reg[2]/C
                            (rising edge-triggered cell FDRE clocked by ap_clk  {rise@0.000ns fall@5.000ns period=10.000ns})
  Destination:            bd_0_i/hls_inst/inst/regslice_both_output_r_U/data_p1_reg[14]/D
                            (rising edge-triggered cell FDRE clocked by ap_clk  {rise@0.000ns fall@5.000ns period=10.000ns})
  Path Group:             ap_clk
  Path Type:              Setup (Max at Slow Process Corner)
  Requirement:            10.000ns  (ap_clk rise@10.000ns - ap_clk rise@0.000ns)
  Data Path Delay:        5.700ns  (logic 3.625ns (63.600%)  route 2.075ns (36.400%))
  Logic Levels:           15  (CARRY8=5 DSP_A_B_DATA=1 DSP_ALU=1 DSP_M_DATA=1 DSP_MULTIPLIER=1 DSP_OUTPUT=1 DSP_PREADD_DATA=1 LUT2=2 LUT4=1 LUT5=1)
  Clock Path Skew:        -0.013ns (DCD - SCD + CPR)
    Destination Clock Delay (DCD):    0.030ns = ( 10.030 - 10.000 ) 
    Source Clock Delay      (SCD):    0.043ns
    Clock Pessimism Removal (CPR):    0.000ns
  Clock Uncertainty:      0.035ns  ((TSJ^2 + TIJ^2)^1/2 + DJ) / 2 + PE
    Total System Jitter     (TSJ):    0.071ns
    Total Input Jitter      (TIJ):    0.000ns
    Discrete Jitter          (DJ):    0.000ns
    Phase Error              (PE):    0.000ns

    Location             Delay type                Incr(ns)  Path(ns)    Netlist Resource(s)
  -------------------------------------------------------------------    -------------------
                         (clock ap_clk rise edge)     0.000     0.000 r  
                                                      0.000     0.000 r  ap_clk (IN)
                         net (fo=1195, unset)         0.043     0.043    bd_0_i/hls_inst/inst/regslice_both_input_r_U/ap_clk
    SLICE_X43Y36         FDRE                                         r  bd_0_i/hls_inst/inst/regslice_both_input_r_U/data_p1_reg[2]/C
  -------------------------------------------------------------------    -------------------
    SLICE_X43Y36         FDRE (Prop_EFF_SLICEM_C_Q)
                                                      0.113     0.156 r  bd_0_i/hls_inst/inst/regslice_both_input_r_U/data_p1_reg[2]/Q
                         net (fo=4, routed)           0.404     0.560    bd_0_i/hls_inst/inst/regslice_both_input_r_U/data_p1_reg[15]_0[2]
    SLICE_X43Y39         LUT2 (Prop_C6LUT_SLICEM_I1_O)
                                                      0.056     0.616 r  bd_0_i/hls_inst/inst/regslice_both_input_r_U/tmp_product_i_58__0/O
                         net (fo=1, routed)           0.029     0.645    bd_0_i/hls_inst/inst/regslice_both_input_r_U/tmp_product_i_58__0_n_3
    SLICE_X43Y39         CARRY8 (Prop_CARRY8_SLICEM_S[2]_O[4])
                                                      0.238     0.883 f  bd_0_i/hls_inst/inst/regslice_both_input_r_U/tmp_product_i_16__0/O[4]
                         net (fo=2, routed)           0.709     1.591    bd_0_i/hls_inst/inst/mul_16s_10s_25_1_1_U15/tmp_product/A[4]
    DSP48E2_X10Y10       DSP_A_B_DATA (Prop_DSP_A_B_DATA_DSP48E2_A[4]_A2_DATA[4])
                                                      0.258     1.849 r  bd_0_i/hls_inst/inst/mul_16s_10s_25_1_1_U15/tmp_product/DSP_A_B_DATA_INST/A2_DATA[4]
                         net (fo=1, routed)           0.000     1.849    bd_0_i/hls_inst/inst/mul_16s_10s_25_1_1_U15/tmp_product/DSP_A_B_DATA.A2_DATA<4>
    DSP48E2_X10Y10       DSP_PREADD_DATA (Prop_DSP_PREADD_DATA_DSP48E2_A2_DATA[4]_A2A1[4])
                                                      0.114     1.963 r  bd_0_i/hls_inst/inst/mul_16s_10s_25_1_1_U15/tmp_product/DSP_PREADD_DATA_INST/A2A1[4]
                         net (fo=1, routed)           0.000     1.963    bd_0_i/hls_inst/inst/mul_16s_10s_25_1_1_U15/tmp_product/DSP_PREADD_DATA.A2A1<4>
    DSP48E2_X10Y10       DSP_MULTIPLIER (Prop_DSP_MULTIPLIER_DSP48E2_A2A1[4]_U[8])
                                                      0.700     2.663 f  bd_0_i/hls_inst/inst/mul_16s_10s_25_1_1_U15/tmp_product/DSP_MULTIPLIER_INST/U[8]
                         net (fo=1, routed)           0.000     2.663    bd_0_i/hls_inst/inst/mul_16s_10s_25_1_1_U15/tmp_product/DSP_MULTIPLIER.U<8>
    DSP48E2_X10Y10       DSP_M_DATA (Prop_DSP_M_DATA_DSP48E2_U[8]_U_DATA[8])
                                                      0.067     2.730 r  bd_0_i/hls_inst/inst/mul_16s_10s_25_1_1_U15/tmp_product/DSP_M_DATA_INST/U_DATA[8]
                         net (fo=1, routed)           0.000     2.730    bd_0_i/hls_inst/inst/mul_16s_10s_25_1_1_U15/tmp_product/DSP_M_DATA.U_DATA<8>
    DSP48E2_X10Y10       DSP_ALU (Prop_DSP_ALU_DSP48E2_U_DATA[8]_ALU_OUT[8])
                                                      0.727     3.457 f  bd_0_i/hls_inst/inst/mul_16s_10s_25_1_1_U15/tmp_product/DSP_ALU_INST/ALU_OUT[8]
                         net (fo=1, routed)           0.000     3.457    bd_0_i/hls_inst/inst/mul_16s_10s_25_1_1_U15/tmp_product/DSP_ALU.ALU_OUT<8>
    DSP48E2_X10Y10       DSP_OUTPUT (Prop_DSP_OUTPUT_DSP48E2_ALU_OUT[8]_P[8])
                                                      0.146     3.603 r  bd_0_i/hls_inst/inst/mul_16s_10s_25_1_1_U15/tmp_product/DSP_OUTPUT_INST/P[8]
                         net (fo=2, routed)           0.201     3.805    bd_0_i/hls_inst/inst/mul_16s_10s_25_1_1_U15/tmp_product_n_100
    SLICE_X36Y26         LUT2 (Prop_A6LUT_SLICEL_I0_O)
                                                      0.152     3.957 r  bd_0_i/hls_inst/inst/mul_16s_10s_25_1_1_U15/data_p2[7]_i_36/O
                         net (fo=1, routed)           0.014     3.971    bd_0_i/hls_inst/inst/mul_16s_10s_25_1_1_U15/data_p2[7]_i_36_n_3
    SLICE_X36Y26         CARRY8 (Prop_CARRY8_SLICEL_S[0]_CO[7])
                                                      0.278     4.249 r  bd_0_i/hls_inst/inst/mul_16s_10s_25_1_1_U15/data_p2_reg[7]_i_19/CO[7]
                         net (fo=1, routed)           0.030     4.279    bd_0_i/hls_inst/inst/mul_16s_10s_25_1_1_U15/data_p2_reg[7]_i_19_n_3
    SLICE_X36Y27         CARRY8 (Prop_CARRY8_SLICEL_CI_O[1])
                                                      0.106     4.385 r  bd_0_i/hls_inst/inst/mul_16s_10s_25_1_1_U15/data_p2_reg[7]_i_18/O[1]
                         net (fo=1, routed)           0.412     4.797    bd_0_i/hls_inst/inst/mul_16s_9s_24_1_1_U14/O[1]
    SLICE_X36Y40         LUT5 (Prop_B6LUT_SLICEL_I4_O)
                                                      0.188     4.985 r  bd_0_i/hls_inst/inst/mul_16s_9s_24_1_1_U14/data_p2[7]_i_16/O
                         net (fo=1, routed)           0.013     4.998    bd_0_i/hls_inst/inst/regslice_both_input_r_U/S[1]
    SLICE_X36Y40         CARRY8 (Prop_CARRY8_SLICEL_S[1]_CO[7])
                                                      0.261     5.259 r  bd_0_i/hls_inst/inst/regslice_both_input_r_U/data_p2_reg[7]_i_1/CO[7]
                         net (fo=1, routed)           0.030     5.289    bd_0_i/hls_inst/inst/regslice_both_input_r_U/data_p2_reg[7]_i_1_n_3
    SLICE_X36Y41         CARRY8 (Prop_CARRY8_SLICEL_CI_O[6])
                                                      0.165     5.454 r  bd_0_i/hls_inst/inst/regslice_both_input_r_U/data_p2_reg[15]_i_2/O[6]
                         net (fo=2, routed)           0.138     5.592    bd_0_i/hls_inst/inst/regslice_both_output_r_U/data_p2_reg[15]_0[14]
    SLICE_X35Y41         LUT4 (Prop_C6LUT_SLICEM_I3_O)
                                                      0.056     5.648 r  bd_0_i/hls_inst/inst/regslice_both_output_r_U/data_p1[14]_i_1/O
                         net (fo=1, routed)           0.095     5.743    bd_0_i/hls_inst/inst/regslice_both_output_r_U/data_p1[14]_i_1_n_3
    SLICE_X35Y41         FDRE                                         r  bd_0_i/hls_inst/inst/regslice_both_output_r_U/data_p1_reg[14]/D
  -------------------------------------------------------------------    -------------------

                         (clock ap_clk rise edge)    10.000    10.000 r  
                                                      0.000    10.000 r  ap_clk (IN)
                         net (fo=1195, unset)         0.030    10.030    bd_0_i/hls_inst/inst/regslice_both_output_r_U/ap_clk
    SLICE_X35Y41         FDRE                                         r  bd_0_i/hls_inst/inst/regslice_both_output_r_U/data_p1_reg[14]/C
                         clock pessimism              0.000    10.030    
                         clock uncertainty           -0.035     9.995    
    SLICE_X35Y41         FDRE (Setup_CFF_SLICEM_C_D)
                                                      0.043    10.038    bd_0_i/hls_inst/inst/regslice_both_output_r_U/data_p1_reg[14]
  -------------------------------------------------------------------
                         required time                         10.038    
                         arrival time                          -5.743    
  -------------------------------------------------------------------
                         slack                                  4.295    

Slack (MET) :             4.336ns  (required time - arrival time)
  Source:                 bd_0_i/hls_inst/inst/regslice_both_input_r_U/data_p1_reg[2]/C
                            (rising edge-triggered cell FDRE clocked by ap_clk  {rise@0.000ns fall@5.000ns period=10.000ns})
  Destination:            bd_0_i/hls_inst/inst/regslice_both_output_r_U/data_p1_reg[12]/D
                            (rising edge-triggered cell FDRE clocked by ap_clk  {rise@0.000ns fall@5.000ns period=10.000ns})
  Path Group:             ap_clk
  Path Type:              Setup (Max at Slow Process Corner)
  Requirement:            10.000ns  (ap_clk rise@10.000ns - ap_clk rise@0.000ns)
  Data Path Delay:        5.660ns  (logic 3.587ns (63.378%)  route 2.073ns (36.622%))
  Logic Levels:           15  (CARRY8=5 DSP_A_B_DATA=1 DSP_ALU=1 DSP_M_DATA=1 DSP_MULTIPLIER=1 DSP_OUTPUT=1 DSP_PREADD_DATA=1 LUT2=2 LUT4=1 LUT5=1)
  Clock Path Skew:        -0.012ns (DCD - SCD + CPR)
    Destination Clock Delay (DCD):    0.031ns = ( 10.031 - 10.000 ) 
    Source Clock Delay      (SCD):    0.043ns
    Clock Pessimism Removal (CPR):    0.000ns
  Clock Uncertainty:      0.035ns  ((TSJ^2 + TIJ^2)^1/2 + DJ) / 2 + PE
    Total System Jitter     (TSJ):    0.071ns
    Total Input Jitter      (TIJ):    0.000ns
    Discrete Jitter          (DJ):    0.000ns
    Phase Error              (PE):    0.000ns

    Location             Delay type                Incr(ns)  Path(ns)    Netlist Resource(s)
  -------------------------------------------------------------------    -------------------
                         (clock ap_clk rise edge)     0.000     0.000 r  
                                                      0.000     0.000 r  ap_clk (IN)
                         net (fo=1195, unset)         0.043     0.043    bd_0_i/hls_inst/inst/regslice_both_input_r_U/ap_clk
    SLICE_X43Y36         FDRE                                         r  bd_0_i/hls_inst/inst/regslice_both_input_r_U/data_p1_reg[2]/C
  -------------------------------------------------------------------    -------------------
    SLICE_X43Y36         FDRE (Prop_EFF_SLICEM_C_Q)
                                                      0.113     0.156 r  bd_0_i/hls_inst/inst/regslice_both_input_r_U/data_p1_reg[2]/Q
                         net (fo=4, routed)           0.404     0.560    bd_0_i/hls_inst/inst/regslice_both_input_r_U/data_p1_reg[15]_0[2]
    SLICE_X43Y39         LUT2 (Prop_C6LUT_SLICEM_I1_O)
                                                      0.056     0.616 r  bd_0_i/hls_inst/inst/regslice_both_input_r_U/tmp_product_i_58__0/O
                         net (fo=1, routed)           0.029     0.645    bd_0_i/hls_inst/inst/regslice_both_input_r_U/tmp_product_i_58__0_n_3
    SLICE_X43Y39         CARRY8 (Prop_CARRY8_SLICEM_S[2]_O[4])
                                                      0.238     0.883 f  bd_0_i/hls_inst/inst/regslice_both_input_r_U/tmp_product_i_16__0/O[4]
                         net (fo=2, routed)           0.709     1.591    bd_0_i/hls_inst/inst/mul_16s_10s_25_1_1_U15/tmp_product/A[4]
    DSP48E2_X10Y10       DSP_A_B_DATA (Prop_DSP_A_B_DATA_DSP48E2_A[4]_A2_DATA[4])
                                                      0.258     1.849 r  bd_0_i/hls_inst/inst/mul_16s_10s_25_1_1_U15/tmp_product/DSP_A_B_DATA_INST/A2_DATA[4]
                         net (fo=1, routed)           0.000     1.849    bd_0_i/hls_inst/inst/mul_16s_10s_25_1_1_U15/tmp_product/DSP_A_B_DATA.A2_DATA<4>
    DSP48E2_X10Y10       DSP_PREADD_DATA (Prop_DSP_PREADD_DATA_DSP48E2_A2_DATA[4]_A2A1[4])
                                                      0.114     1.963 r  bd_0_i/hls_inst/inst/mul_16s_10s_25_1_1_U15/tmp_product/DSP_PREADD_DATA_INST/A2A1[4]
                         net (fo=1, routed)           0.000     1.963    bd_0_i/hls_inst/inst/mul_16s_10s_25_1_1_U15/tmp_product/DSP_PREADD_DATA.A2A1<4>
    DSP48E2_X10Y10       DSP_MULTIPLIER (Prop_DSP_MULTIPLIER_DSP48E2_A2A1[4]_U[8])
                                                      0.700     2.663 f  bd_0_i/hls_inst/inst/mul_16s_10s_25_1_1_U15/tmp_product/DSP_MULTIPLIER_INST/U[8]
                         net (fo=1, routed)           0.000     2.663    bd_0_i/hls_inst/inst/mul_16s_10s_25_1_1_U15/tmp_product/DSP_MULTIPLIER.U<8>
    DSP48E2_X10Y10       DSP_M_DATA (Prop_DSP_M_DATA_DSP48E2_U[8]_U_DATA[8])
                                                      0.067     2.730 r  bd_0_i/hls_inst/inst/mul_16s_10s_25_1_1_U15/tmp_product/DSP_M_DATA_INST/U_DATA[8]
                         net (fo=1, routed)           0.000     2.730    bd_0_i/hls_inst/inst/mul_16s_10s_25_1_1_U15/tmp_product/DSP_M_DATA.U_DATA<8>
    DSP48E2_X10Y10       DSP_ALU (Prop_DSP_ALU_DSP48E2_U_DATA[8]_ALU_OUT[8])
                                                      0.727     3.457 f  bd_0_i/hls_inst/inst/mul_16s_10s_25_1_1_U15/tmp_product/DSP_ALU_INST/ALU_OUT[8]
                         net (fo=1, routed)           0.000     3.457    bd_0_i/hls_inst/inst/mul_16s_10s_25_1_1_U15/tmp_product/DSP_ALU.ALU_OUT<8>
    DSP48E2_X10Y10       DSP_OUTPUT (Prop_DSP_OUTPUT_DSP48E2_ALU_OUT[8]_P[8])
                                                      0.146     3.603 r  bd_0_i/hls_inst/inst/mul_16s_10s_25_1_1_U15/tmp_product/DSP_OUTPUT_INST/P[8]
                         net (fo=2, routed)           0.201     3.805    bd_0_i/hls_inst/inst/mul_16s_10s_25_1_1_U15/tmp_product_n_100
    SLICE_X36Y26         LUT2 (Prop_A6LUT_SLICEL_I0_O)
                                                      0.152     3.957 r  bd_0_i/hls_inst/inst/mul_16s_10s_25_1_1_U15/data_p2[7]_i_36/O
                         net (fo=1, routed)           0.014     3.971    bd_0_i/hls_inst/inst/mul_16s_10s_25_1_1_U15/data_p2[7]_i_36_n_3
    SLICE_X36Y26         CARRY8 (Prop_CARRY8_SLICEL_S[0]_CO[7])
                                                      0.278     4.249 r  bd_0_i/hls_inst/inst/mul_16s_10s_25_1_1_U15/data_p2_reg[7]_i_19/CO[7]
                         net (fo=1, routed)           0.030     4.279    bd_0_i/hls_inst/inst/mul_16s_10s_25_1_1_U15/data_p2_reg[7]_i_19_n_3
    SLICE_X36Y27         CARRY8 (Prop_CARRY8_SLICEL_CI_O[1])
                                                      0.106     4.385 r  bd_0_i/hls_inst/inst/mul_16s_10s_25_1_1_U15/data_p2_reg[7]_i_18/O[1]
                         net (fo=1, routed)           0.412     4.797    bd_0_i/hls_inst/inst/mul_16s_9s_24_1_1_U14/O[1]
    SLICE_X36Y40         LUT5 (Prop_B6LUT_SLICEL_I4_O)
                                                      0.188     4.985 r  bd_0_i/hls_inst/inst/mul_16s_9s_24_1_1_U14/data_p2[7]_i_16/O
                         net (fo=1, routed)           0.013     4.998    bd_0_i/hls_inst/inst/regslice_both_input_r_U/S[1]
    SLICE_X36Y40         CARRY8 (Prop_CARRY8_SLICEL_S[1]_CO[7])
                                                      0.261     5.259 r  bd_0_i/hls_inst/inst/regslice_both_input_r_U/data_p2_reg[7]_i_1/CO[7]
                         net (fo=1, routed)           0.030     5.289    bd_0_i/hls_inst/inst/regslice_both_input_r_U/data_p2_reg[7]_i_1_n_3
    SLICE_X36Y41         CARRY8 (Prop_CARRY8_SLICEL_CI_O[4])
                                                      0.127     5.416 r  bd_0_i/hls_inst/inst/regslice_both_input_r_U/data_p2_reg[15]_i_2/O[4]
                         net (fo=2, routed)           0.136     5.552    bd_0_i/hls_inst/inst/regslice_both_output_r_U/data_p2_reg[15]_0[12]
    SLICE_X35Y41         LUT4 (Prop_F6LUT_SLICEM_I3_O)
                                                      0.056     5.608 r  bd_0_i/hls_inst/inst/regslice_both_output_r_U/data_p1[12]_i_1/O
                         net (fo=1, routed)           0.095     5.703    bd_0_i/hls_inst/inst/regslice_both_output_r_U/data_p1[12]_i_1_n_3
    SLICE_X35Y41         FDRE                                         r  bd_0_i/hls_inst/inst/regslice_both_output_r_U/data_p1_reg[12]/D
  -------------------------------------------------------------------    -------------------

                         (clock ap_clk rise edge)    10.000    10.000 r  
                                                      0.000    10.000 r  ap_clk (IN)
                         net (fo=1195, unset)         0.031    10.031    bd_0_i/hls_inst/inst/regslice_both_output_r_U/ap_clk
    SLICE_X35Y41         FDRE                                         r  bd_0_i/hls_inst/inst/regslice_both_output_r_U/data_p1_reg[12]/C
                         clock pessimism              0.000    10.031    
                         clock uncertainty           -0.035     9.996    
    SLICE_X35Y41         FDRE (Setup_FFF_SLICEM_C_D)
                                                      0.043    10.039    bd_0_i/hls_inst/inst/regslice_both_output_r_U/data_p1_reg[12]
  -------------------------------------------------------------------
                         required time                         10.039    
                         arrival time                          -5.703    
  -------------------------------------------------------------------
                         slack                                  4.336    

Slack (MET) :             4.354ns  (required time - arrival time)
  Source:                 bd_0_i/hls_inst/inst/regslice_both_input_r_U/data_p1_reg[2]/C
                            (rising edge-triggered cell FDRE clocked by ap_clk  {rise@0.000ns fall@5.000ns period=10.000ns})
  Destination:            bd_0_i/hls_inst/inst/regslice_both_output_r_U/data_p1_reg[6]/D
                            (rising edge-triggered cell FDRE clocked by ap_clk  {rise@0.000ns fall@5.000ns period=10.000ns})
  Path Group:             ap_clk
  Path Type:              Setup (Max at Slow Process Corner)
  Requirement:            10.000ns  (ap_clk rise@10.000ns - ap_clk rise@0.000ns)
  Data Path Delay:        5.641ns  (logic 3.610ns (63.999%)  route 2.031ns (36.001%))
  Logic Levels:           14  (CARRY8=4 DSP_A_B_DATA=1 DSP_ALU=1 DSP_M_DATA=1 DSP_MULTIPLIER=1 DSP_OUTPUT=1 DSP_PREADD_DATA=1 LUT2=2 LUT4=1 LUT5=1)
  Clock Path Skew:        -0.014ns (DCD - SCD + CPR)
    Destination Clock Delay (DCD):    0.029ns = ( 10.029 - 10.000 ) 
    Source Clock Delay      (SCD):    0.043ns
    Clock Pessimism Removal (CPR):    0.000ns
  Clock Uncertainty:      0.035ns  ((TSJ^2 + TIJ^2)^1/2 + DJ) / 2 + PE
    Total System Jitter     (TSJ):    0.071ns
    Total Input Jitter      (TIJ):    0.000ns
    Discrete Jitter          (DJ):    0.000ns
    Phase Error              (PE):    0.000ns

    Location             Delay type                Incr(ns)  Path(ns)    Netlist Resource(s)
  -------------------------------------------------------------------    -------------------
                         (clock ap_clk rise edge)     0.000     0.000 r  
                                                      0.000     0.000 r  ap_clk (IN)
                         net (fo=1195, unset)         0.043     0.043    bd_0_i/hls_inst/inst/regslice_both_input_r_U/ap_clk
    SLICE_X43Y36         FDRE                                         r  bd_0_i/hls_inst/inst/regslice_both_input_r_U/data_p1_reg[2]/C
  -------------------------------------------------------------------    -------------------
    SLICE_X43Y36         FDRE (Prop_EFF_SLICEM_C_Q)
                                                      0.113     0.156 r  bd_0_i/hls_inst/inst/regslice_both_input_r_U/data_p1_reg[2]/Q
                         net (fo=4, routed)           0.404     0.560    bd_0_i/hls_inst/inst/regslice_both_input_r_U/data_p1_reg[15]_0[2]
    SLICE_X43Y39         LUT2 (Prop_C6LUT_SLICEM_I1_O)
                                                      0.056     0.616 r  bd_0_i/hls_inst/inst/regslice_both_input_r_U/tmp_product_i_58__0/O
                         net (fo=1, routed)           0.029     0.645    bd_0_i/hls_inst/inst/regslice_both_input_r_U/tmp_product_i_58__0_n_3
    SLICE_X43Y39         CARRY8 (Prop_CARRY8_SLICEM_S[2]_O[4])
                                                      0.238     0.883 f  bd_0_i/hls_inst/inst/regslice_both_input_r_U/tmp_product_i_16__0/O[4]
                         net (fo=2, routed)           0.709     1.591    bd_0_i/hls_inst/inst/mul_16s_10s_25_1_1_U15/tmp_product/A[4]
    DSP48E2_X10Y10       DSP_A_B_DATA (Prop_DSP_A_B_DATA_DSP48E2_A[4]_A2_DATA[4])
                                                      0.258     1.849 r  bd_0_i/hls_inst/inst/mul_16s_10s_25_1_1_U15/tmp_product/DSP_A_B_DATA_INST/A2_DATA[4]
                         net (fo=1, routed)           0.000     1.849    bd_0_i/hls_inst/inst/mul_16s_10s_25_1_1_U15/tmp_product/DSP_A_B_DATA.A2_DATA<4>
    DSP48E2_X10Y10       DSP_PREADD_DATA (Prop_DSP_PREADD_DATA_DSP48E2_A2_DATA[4]_A2A1[4])
                                                      0.114     1.963 r  bd_0_i/hls_inst/inst/mul_16s_10s_25_1_1_U15/tmp_product/DSP_PREADD_DATA_INST/A2A1[4]
                         net (fo=1, routed)           0.000     1.963    bd_0_i/hls_inst/inst/mul_16s_10s_25_1_1_U15/tmp_product/DSP_PREADD_DATA.A2A1<4>
    DSP48E2_X10Y10       DSP_MULTIPLIER (Prop_DSP_MULTIPLIER_DSP48E2_A2A1[4]_U[8])
                                                      0.700     2.663 f  bd_0_i/hls_inst/inst/mul_16s_10s_25_1_1_U15/tmp_product/DSP_MULTIPLIER_INST/U[8]
                         net (fo=1, routed)           0.000     2.663    bd_0_i/hls_inst/inst/mul_16s_10s_25_1_1_U15/tmp_product/DSP_MULTIPLIER.U<8>
    DSP48E2_X10Y10       DSP_M_DATA (Prop_DSP_M_DATA_DSP48E2_U[8]_U_DATA[8])
                                                      0.067     2.730 r  bd_0_i/hls_inst/inst/mul_16s_10s_25_1_1_U15/tmp_product/DSP_M_DATA_INST/U_DATA[8]
                         net (fo=1, routed)           0.000     2.730    bd_0_i/hls_inst/inst/mul_16s_10s_25_1_1_U15/tmp_product/DSP_M_DATA.U_DATA<8>
    DSP48E2_X10Y10       DSP_ALU (Prop_DSP_ALU_DSP48E2_U_DATA[8]_ALU_OUT[8])
                                                      0.727     3.457 f  bd_0_i/hls_inst/inst/mul_16s_10s_25_1_1_U15/tmp_product/DSP_ALU_INST/ALU_OUT[8]
                         net (fo=1, routed)           0.000     3.457    bd_0_i/hls_inst/inst/mul_16s_10s_25_1_1_U15/tmp_product/DSP_ALU.ALU_OUT<8>
    DSP48E2_X10Y10       DSP_OUTPUT (Prop_DSP_OUTPUT_DSP48E2_ALU_OUT[8]_P[8])
                                                      0.146     3.603 r  bd_0_i/hls_inst/inst/mul_16s_10s_25_1_1_U15/tmp_product/DSP_OUTPUT_INST/P[8]
                         net (fo=2, routed)           0.201     3.805    bd_0_i/hls_inst/inst/mul_16s_10s_25_1_1_U15/tmp_product_n_100
    SLICE_X36Y26         LUT2 (Prop_A6LUT_SLICEL_I0_O)
                                                      0.152     3.957 r  bd_0_i/hls_inst/inst/mul_16s_10s_25_1_1_U15/data_p2[7]_i_36/O
                         net (fo=1, routed)           0.014     3.971    bd_0_i/hls_inst/inst/mul_16s_10s_25_1_1_U15/data_p2[7]_i_36_n_3
    SLICE_X36Y26         CARRY8 (Prop_CARRY8_SLICEL_S[0]_CO[7])
                                                      0.278     4.249 r  bd_0_i/hls_inst/inst/mul_16s_10s_25_1_1_U15/data_p2_reg[7]_i_19/CO[7]
                         net (fo=1, routed)           0.030     4.279    bd_0_i/hls_inst/inst/mul_16s_10s_25_1_1_U15/data_p2_reg[7]_i_19_n_3
    SLICE_X36Y27         CARRY8 (Prop_CARRY8_SLICEL_CI_O[1])
                                                      0.106     4.385 r  bd_0_i/hls_inst/inst/mul_16s_10s_25_1_1_U15/data_p2_reg[7]_i_18/O[1]
                         net (fo=1, routed)           0.412     4.797    bd_0_i/hls_inst/inst/mul_16s_9s_24_1_1_U14/O[1]
    SLICE_X36Y40         LUT5 (Prop_B6LUT_SLICEL_I4_O)
                                                      0.188     4.985 r  bd_0_i/hls_inst/inst/mul_16s_9s_24_1_1_U14/data_p2[7]_i_16/O
                         net (fo=1, routed)           0.013     4.998    bd_0_i/hls_inst/inst/regslice_both_input_r_U/S[1]
    SLICE_X36Y40         CARRY8 (Prop_CARRY8_SLICEL_S[1]_O[6])
                                                      0.314     5.312 r  bd_0_i/hls_inst/inst/regslice_both_input_r_U/data_p2_reg[7]_i_1/O[6]
                         net (fo=2, routed)           0.149     5.461    bd_0_i/hls_inst/inst/regslice_both_output_r_U/data_p2_reg[15]_0[6]
    SLICE_X36Y39         LUT4 (Prop_H6LUT_SLICEL_I3_O)
                                                      0.153     5.614 r  bd_0_i/hls_inst/inst/regslice_both_output_r_U/data_p1[6]_i_1/O
                         net (fo=1, routed)           0.070     5.684    bd_0_i/hls_inst/inst/regslice_both_output_r_U/data_p1[6]_i_1_n_3
    SLICE_X36Y39         FDRE                                         r  bd_0_i/hls_inst/inst/regslice_both_output_r_U/data_p1_reg[6]/D
  -------------------------------------------------------------------    -------------------

                         (clock ap_clk rise edge)    10.000    10.000 r  
                                                      0.000    10.000 r  ap_clk (IN)
                         net (fo=1195, unset)         0.029    10.029    bd_0_i/hls_inst/inst/regslice_both_output_r_U/ap_clk
    SLICE_X36Y39         FDRE                                         r  bd_0_i/hls_inst/inst/regslice_both_output_r_U/data_p1_reg[6]/C
                         clock pessimism              0.000    10.029    
                         clock uncertainty           -0.035     9.994    
    SLICE_X36Y39         FDRE (Setup_HFF_SLICEL_C_D)
                                                      0.044    10.038    bd_0_i/hls_inst/inst/regslice_both_output_r_U/data_p1_reg[6]
  -------------------------------------------------------------------
                         required time                         10.038    
                         arrival time                          -5.684    
  -------------------------------------------------------------------
                         slack                                  4.354    

Slack (MET) :             4.357ns  (required time - arrival time)
  Source:                 bd_0_i/hls_inst/inst/regslice_both_input_r_U/data_p1_reg[2]/C
                            (rising edge-triggered cell FDRE clocked by ap_clk  {rise@0.000ns fall@5.000ns period=10.000ns})
  Destination:            bd_0_i/hls_inst/inst/regslice_both_output_r_U/data_p1_reg[7]/D
                            (rising edge-triggered cell FDRE clocked by ap_clk  {rise@0.000ns fall@5.000ns period=10.000ns})
  Path Group:             ap_clk
  Path Type:              Setup (Max at Slow Process Corner)
  Requirement:            10.000ns  (ap_clk rise@10.000ns - ap_clk rise@0.000ns)
  Data Path Delay:        5.638ns  (logic 3.560ns (63.146%)  route 2.078ns (36.854%))
  Logic Levels:           14  (CARRY8=4 DSP_A_B_DATA=1 DSP_ALU=1 DSP_M_DATA=1 DSP_MULTIPLIER=1 DSP_OUTPUT=1 DSP_PREADD_DATA=1 LUT2=2 LUT4=1 LUT5=1)
  Clock Path Skew:        -0.014ns (DCD - SCD + CPR)
    Destination Clock Delay (DCD):    0.029ns = ( 10.029 - 10.000 ) 
    Source Clock Delay      (SCD):    0.043ns
    Clock Pessimism Removal (CPR):    0.000ns
  Clock Uncertainty:      0.035ns  ((TSJ^2 + TIJ^2)^1/2 + DJ) / 2 + PE
    Total System Jitter     (TSJ):    0.071ns
    Total Input Jitter      (TIJ):    0.000ns
    Discrete Jitter          (DJ):    0.000ns
    Phase Error              (PE):    0.000ns

    Location             Delay type                Incr(ns)  Path(ns)    Netlist Resource(s)
  -------------------------------------------------------------------    -------------------
                         (clock ap_clk rise edge)     0.000     0.000 r  
                                                      0.000     0.000 r  ap_clk (IN)
                         net (fo=1195, unset)         0.043     0.043    bd_0_i/hls_inst/inst/regslice_both_input_r_U/ap_clk
    SLICE_X43Y36         FDRE                                         r  bd_0_i/hls_inst/inst/regslice_both_input_r_U/data_p1_reg[2]/C
  -------------------------------------------------------------------    -------------------
    SLICE_X43Y36         FDRE (Prop_EFF_SLICEM_C_Q)
                                                      0.113     0.156 r  bd_0_i/hls_inst/inst/regslice_both_input_r_U/data_p1_reg[2]/Q
                         net (fo=4, routed)           0.404     0.560    bd_0_i/hls_inst/inst/regslice_both_input_r_U/data_p1_reg[15]_0[2]
    SLICE_X43Y39         LUT2 (Prop_C6LUT_SLICEM_I1_O)
                                                      0.056     0.616 r  bd_0_i/hls_inst/inst/regslice_both_input_r_U/tmp_product_i_58__0/O
                         net (fo=1, routed)           0.029     0.645    bd_0_i/hls_inst/inst/regslice_both_input_r_U/tmp_product_i_58__0_n_3
    SLICE_X43Y39         CARRY8 (Prop_CARRY8_SLICEM_S[2]_O[4])
                                                      0.238     0.883 f  bd_0_i/hls_inst/inst/regslice_both_input_r_U/tmp_product_i_16__0/O[4]
                         net (fo=2, routed)           0.709     1.591    bd_0_i/hls_inst/inst/mul_16s_10s_25_1_1_U15/tmp_product/A[4]
    DSP48E2_X10Y10       DSP_A_B_DATA (Prop_DSP_A_B_DATA_DSP48E2_A[4]_A2_DATA[4])
                                                      0.258     1.849 r  bd_0_i/hls_inst/inst/mul_16s_10s_25_1_1_U15/tmp_product/DSP_A_B_DATA_INST/A2_DATA[4]
                         net (fo=1, routed)           0.000     1.849    bd_0_i/hls_inst/inst/mul_16s_10s_25_1_1_U15/tmp_product/DSP_A_B_DATA.A2_DATA<4>
    DSP48E2_X10Y10       DSP_PREADD_DATA (Prop_DSP_PREADD_DATA_DSP48E2_A2_DATA[4]_A2A1[4])
                                                      0.114     1.963 r  bd_0_i/hls_inst/inst/mul_16s_10s_25_1_1_U15/tmp_product/DSP_PREADD_DATA_INST/A2A1[4]
                         net (fo=1, routed)           0.000     1.963    bd_0_i/hls_inst/inst/mul_16s_10s_25_1_1_U15/tmp_product/DSP_PREADD_DATA.A2A1<4>
    DSP48E2_X10Y10       DSP_MULTIPLIER (Prop_DSP_MULTIPLIER_DSP48E2_A2A1[4]_U[8])
                                                      0.700     2.663 f  bd_0_i/hls_inst/inst/mul_16s_10s_25_1_1_U15/tmp_product/DSP_MULTIPLIER_INST/U[8]
                         net (fo=1, routed)           0.000     2.663    bd_0_i/hls_inst/inst/mul_16s_10s_25_1_1_U15/tmp_product/DSP_MULTIPLIER.U<8>
    DSP48E2_X10Y10       DSP_M_DATA (Prop_DSP_M_DATA_DSP48E2_U[8]_U_DATA[8])
                                                      0.067     2.730 r  bd_0_i/hls_inst/inst/mul_16s_10s_25_1_1_U15/tmp_product/DSP_M_DATA_INST/U_DATA[8]
                         net (fo=1, routed)           0.000     2.730    bd_0_i/hls_inst/inst/mul_16s_10s_25_1_1_U15/tmp_product/DSP_M_DATA.U_DATA<8>
    DSP48E2_X10Y10       DSP_ALU (Prop_DSP_ALU_DSP48E2_U_DATA[8]_ALU_OUT[8])
                                                      0.727     3.457 f  bd_0_i/hls_inst/inst/mul_16s_10s_25_1_1_U15/tmp_product/DSP_ALU_INST/ALU_OUT[8]
                         net (fo=1, routed)           0.000     3.457    bd_0_i/hls_inst/inst/mul_16s_10s_25_1_1_U15/tmp_product/DSP_ALU.ALU_OUT<8>
    DSP48E2_X10Y10       DSP_OUTPUT (Prop_DSP_OUTPUT_DSP48E2_ALU_OUT[8]_P[8])
                                                      0.146     3.603 r  bd_0_i/hls_inst/inst/mul_16s_10s_25_1_1_U15/tmp_product/DSP_OUTPUT_INST/P[8]
                         net (fo=2, routed)           0.201     3.805    bd_0_i/hls_inst/inst/mul_16s_10s_25_1_1_U15/tmp_product_n_100
    SLICE_X36Y26         LUT2 (Prop_A6LUT_SLICEL_I0_O)
                                                      0.152     3.957 r  bd_0_i/hls_inst/inst/mul_16s_10s_25_1_1_U15/data_p2[7]_i_36/O
                         net (fo=1, routed)           0.014     3.971    bd_0_i/hls_inst/inst/mul_16s_10s_25_1_1_U15/data_p2[7]_i_36_n_3
    SLICE_X36Y26         CARRY8 (Prop_CARRY8_SLICEL_S[0]_CO[7])
                                                      0.278     4.249 r  bd_0_i/hls_inst/inst/mul_16s_10s_25_1_1_U15/data_p2_reg[7]_i_19/CO[7]
                         net (fo=1, routed)           0.030     4.279    bd_0_i/hls_inst/inst/mul_16s_10s_25_1_1_U15/data_p2_reg[7]_i_19_n_3
    SLICE_X36Y27         CARRY8 (Prop_CARRY8_SLICEL_CI_O[1])
                                                      0.106     4.385 r  bd_0_i/hls_inst/inst/mul_16s_10s_25_1_1_U15/data_p2_reg[7]_i_18/O[1]
                         net (fo=1, routed)           0.412     4.797    bd_0_i/hls_inst/inst/mul_16s_9s_24_1_1_U14/O[1]
    SLICE_X36Y40         LUT5 (Prop_B6LUT_SLICEL_I4_O)
                                                      0.188     4.985 r  bd_0_i/hls_inst/inst/mul_16s_9s_24_1_1_U14/data_p2[7]_i_16/O
                         net (fo=1, routed)           0.013     4.998    bd_0_i/hls_inst/inst/regslice_both_input_r_U/S[1]
    SLICE_X36Y40         CARRY8 (Prop_CARRY8_SLICEL_S[1]_O[7])
                                                      0.335     5.333 r  bd_0_i/hls_inst/inst/regslice_both_input_r_U/data_p2_reg[7]_i_1/O[7]
                         net (fo=2, routed)           0.200     5.533    bd_0_i/hls_inst/inst/regslice_both_output_r_U/data_p2_reg[15]_0[7]
    SLICE_X36Y39         LUT4 (Prop_G6LUT_SLICEL_I3_O)
                                                      0.082     5.615 r  bd_0_i/hls_inst/inst/regslice_both_output_r_U/data_p1[7]_i_1/O
                         net (fo=1, routed)           0.066     5.681    bd_0_i/hls_inst/inst/regslice_both_output_r_U/data_p1[7]_i_1_n_3
    SLICE_X36Y39         FDRE                                         r  bd_0_i/hls_inst/inst/regslice_both_output_r_U/data_p1_reg[7]/D
  -------------------------------------------------------------------    -------------------

                         (clock ap_clk rise edge)    10.000    10.000 r  
                                                      0.000    10.000 r  ap_clk (IN)
                         net (fo=1195, unset)         0.029    10.029    bd_0_i/hls_inst/inst/regslice_both_output_r_U/ap_clk
    SLICE_X36Y39         FDRE                                         r  bd_0_i/hls_inst/inst/regslice_both_output_r_U/data_p1_reg[7]/C
                         clock pessimism              0.000    10.029    
                         clock uncertainty           -0.035     9.994    
    SLICE_X36Y39         FDRE (Setup_GFF_SLICEL_C_D)
                                                      0.044    10.038    bd_0_i/hls_inst/inst/regslice_both_output_r_U/data_p1_reg[7]
  -------------------------------------------------------------------
                         required time                         10.038    
                         arrival time                          -5.681    
  -------------------------------------------------------------------
                         slack                                  4.357    

Slack (MET) :             4.361ns  (required time - arrival time)
  Source:                 bd_0_i/hls_inst/inst/regslice_both_input_r_U/data_p1_reg[2]/C
                            (rising edge-triggered cell FDRE clocked by ap_clk  {rise@0.000ns fall@5.000ns period=10.000ns})
  Destination:            bd_0_i/hls_inst/inst/regslice_both_output_r_U/data_p1_reg[10]/D
                            (rising edge-triggered cell FDRE clocked by ap_clk  {rise@0.000ns fall@5.000ns period=10.000ns})
  Path Group:             ap_clk
  Path Type:              Setup (Max at Slow Process Corner)
  Requirement:            10.000ns  (ap_clk rise@10.000ns - ap_clk rise@0.000ns)
  Data Path Delay:        5.636ns  (logic 3.565ns (63.257%)  route 2.071ns (36.743%))
  Logic Levels:           15  (CARRY8=5 DSP_A_B_DATA=1 DSP_ALU=1 DSP_M_DATA=1 DSP_MULTIPLIER=1 DSP_OUTPUT=1 DSP_PREADD_DATA=1 LUT2=2 LUT4=1 LUT5=1)
  Clock Path Skew:        -0.012ns (DCD - SCD + CPR)
    Destination Clock Delay (DCD):    0.031ns = ( 10.031 - 10.000 ) 
    Source Clock Delay      (SCD):    0.043ns
    Clock Pessimism Removal (CPR):    0.000ns
  Clock Uncertainty:      0.035ns  ((TSJ^2 + TIJ^2)^1/2 + DJ) / 2 + PE
    Total System Jitter     (TSJ):    0.071ns
    Total Input Jitter      (TIJ):    0.000ns
    Discrete Jitter          (DJ):    0.000ns
    Phase Error              (PE):    0.000ns

    Location             Delay type                Incr(ns)  Path(ns)    Netlist Resource(s)
  -------------------------------------------------------------------    -------------------
                         (clock ap_clk rise edge)     0.000     0.000 r  
                                                      0.000     0.000 r  ap_clk (IN)
                         net (fo=1195, unset)         0.043     0.043    bd_0_i/hls_inst/inst/regslice_both_input_r_U/ap_clk
    SLICE_X43Y36         FDRE                                         r  bd_0_i/hls_inst/inst/regslice_both_input_r_U/data_p1_reg[2]/C
  -------------------------------------------------------------------    -------------------
    SLICE_X43Y36         FDRE (Prop_EFF_SLICEM_C_Q)
                                                      0.113     0.156 r  bd_0_i/hls_inst/inst/regslice_both_input_r_U/data_p1_reg[2]/Q
                         net (fo=4, routed)           0.404     0.560    bd_0_i/hls_inst/inst/regslice_both_input_r_U/data_p1_reg[15]_0[2]
    SLICE_X43Y39         LUT2 (Prop_C6LUT_SLICEM_I1_O)
                                                      0.056     0.616 r  bd_0_i/hls_inst/inst/regslice_both_input_r_U/tmp_product_i_58__0/O
                         net (fo=1, routed)           0.029     0.645    bd_0_i/hls_inst/inst/regslice_both_input_r_U/tmp_product_i_58__0_n_3
    SLICE_X43Y39         CARRY8 (Prop_CARRY8_SLICEM_S[2]_O[4])
                                                      0.238     0.883 f  bd_0_i/hls_inst/inst/regslice_both_input_r_U/tmp_product_i_16__0/O[4]
                         net (fo=2, routed)           0.709     1.591    bd_0_i/hls_inst/inst/mul_16s_10s_25_1_1_U15/tmp_product/A[4]
    DSP48E2_X10Y10       DSP_A_B_DATA (Prop_DSP_A_B_DATA_DSP48E2_A[4]_A2_DATA[4])
                                                      0.258     1.849 r  bd_0_i/hls_inst/inst/mul_16s_10s_25_1_1_U15/tmp_product/DSP_A_B_DATA_INST/A2_DATA[4]
                         net (fo=1, routed)           0.000     1.849    bd_0_i/hls_inst/inst/mul_16s_10s_25_1_1_U15/tmp_product/DSP_A_B_DATA.A2_DATA<4>
    DSP48E2_X10Y10       DSP_PREADD_DATA (Prop_DSP_PREADD_DATA_DSP48E2_A2_DATA[4]_A2A1[4])
                                                      0.114     1.963 r  bd_0_i/hls_inst/inst/mul_16s_10s_25_1_1_U15/tmp_product/DSP_PREADD_DATA_INST/A2A1[4]
                         net (fo=1, routed)           0.000     1.963    bd_0_i/hls_inst/inst/mul_16s_10s_25_1_1_U15/tmp_product/DSP_PREADD_DATA.A2A1<4>
    DSP48E2_X10Y10       DSP_MULTIPLIER (Prop_DSP_MULTIPLIER_DSP48E2_A2A1[4]_U[8])
                                                      0.700     2.663 f  bd_0_i/hls_inst/inst/mul_16s_10s_25_1_1_U15/tmp_product/DSP_MULTIPLIER_INST/U[8]
                         net (fo=1, routed)           0.000     2.663    bd_0_i/hls_inst/inst/mul_16s_10s_25_1_1_U15/tmp_product/DSP_MULTIPLIER.U<8>
    DSP48E2_X10Y10       DSP_M_DATA (Prop_DSP_M_DATA_DSP48E2_U[8]_U_DATA[8])
                                                      0.067     2.730 r  bd_0_i/hls_inst/inst/mul_16s_10s_25_1_1_U15/tmp_product/DSP_M_DATA_INST/U_DATA[8]
                         net (fo=1, routed)           0.000     2.730    bd_0_i/hls_inst/inst/mul_16s_10s_25_1_1_U15/tmp_product/DSP_M_DATA.U_DATA<8>
    DSP48E2_X10Y10       DSP_ALU (Prop_DSP_ALU_DSP48E2_U_DATA[8]_ALU_OUT[8])
                                                      0.727     3.457 f  bd_0_i/hls_inst/inst/mul_16s_10s_25_1_1_U15/tmp_product/DSP_ALU_INST/ALU_OUT[8]
                         net (fo=1, routed)           0.000     3.457    bd_0_i/hls_inst/inst/mul_16s_10s_25_1_1_U15/tmp_product/DSP_ALU.ALU_OUT<8>
    DSP48E2_X10Y10       DSP_OUTPUT (Prop_DSP_OUTPUT_DSP48E2_ALU_OUT[8]_P[8])
                                                      0.146     3.603 r  bd_0_i/hls_inst/inst/mul_16s_10s_25_1_1_U15/tmp_product/DSP_OUTPUT_INST/P[8]
                         net (fo=2, routed)           0.201     3.805    bd_0_i/hls_inst/inst/mul_16s_10s_25_1_1_U15/tmp_product_n_100
    SLICE_X36Y26         LUT2 (Prop_A6LUT_SLICEL_I0_O)
                                                      0.152     3.957 r  bd_0_i/hls_inst/inst/mul_16s_10s_25_1_1_U15/data_p2[7]_i_36/O
                         net (fo=1, routed)           0.014     3.971    bd_0_i/hls_inst/inst/mul_16s_10s_25_1_1_U15/data_p2[7]_i_36_n_3
    SLICE_X36Y26         CARRY8 (Prop_CARRY8_SLICEL_S[0]_CO[7])
                                                      0.278     4.249 r  bd_0_i/hls_inst/inst/mul_16s_10s_25_1_1_U15/data_p2_reg[7]_i_19/CO[7]
                         net (fo=1, routed)           0.030     4.279    bd_0_i/hls_inst/inst/mul_16s_10s_25_1_1_U15/data_p2_reg[7]_i_19_n_3
    SLICE_X36Y27         CARRY8 (Prop_CARRY8_SLICEL_CI_O[1])
                                                      0.106     4.385 r  bd_0_i/hls_inst/inst/mul_16s_10s_25_1_1_U15/data_p2_reg[7]_i_18/O[1]
                         net (fo=1, routed)           0.412     4.797    bd_0_i/hls_inst/inst/mul_16s_9s_24_1_1_U14/O[1]
    SLICE_X36Y40         LUT5 (Prop_B6LUT_SLICEL_I4_O)
                                                      0.188     4.985 r  bd_0_i/hls_inst/inst/mul_16s_9s_24_1_1_U14/data_p2[7]_i_16/O
                         net (fo=1, routed)           0.013     4.998    bd_0_i/hls_inst/inst/regslice_both_input_r_U/S[1]
    SLICE_X36Y40         CARRY8 (Prop_CARRY8_SLICEL_S[1]_CO[7])
                                                      0.261     5.259 r  bd_0_i/hls_inst/inst/regslice_both_input_r_U/data_p2_reg[7]_i_1/CO[7]
                         net (fo=1, routed)           0.030     5.289    bd_0_i/hls_inst/inst/regslice_both_input_r_U/data_p2_reg[7]_i_1_n_3
    SLICE_X36Y41         CARRY8 (Prop_CARRY8_SLICEL_CI_O[2])
                                                      0.101     5.390 r  bd_0_i/hls_inst/inst/regslice_both_input_r_U/data_p2_reg[15]_i_2/O[2]
                         net (fo=2, routed)           0.149     5.539    bd_0_i/hls_inst/inst/regslice_both_output_r_U/data_p2_reg[15]_0[10]
    SLICE_X35Y41         LUT4 (Prop_H6LUT_SLICEM_I3_O)
                                                      0.060     5.599 r  bd_0_i/hls_inst/inst/regslice_both_output_r_U/data_p1[10]_i_1/O
                         net (fo=1, routed)           0.080     5.679    bd_0_i/hls_inst/inst/regslice_both_output_r_U/data_p1[10]_i_1_n_3
    SLICE_X35Y41         FDRE                                         r  bd_0_i/hls_inst/inst/regslice_both_output_r_U/data_p1_reg[10]/D
  -------------------------------------------------------------------    -------------------

                         (clock ap_clk rise edge)    10.000    10.000 r  
                                                      0.000    10.000 r  ap_clk (IN)
                         net (fo=1195, unset)         0.031    10.031    bd_0_i/hls_inst/inst/regslice_both_output_r_U/ap_clk
    SLICE_X35Y41         FDRE                                         r  bd_0_i/hls_inst/inst/regslice_both_output_r_U/data_p1_reg[10]/C
                         clock pessimism              0.000    10.031    
                         clock uncertainty           -0.035     9.996    
    SLICE_X35Y41         FDRE (Setup_HFF_SLICEM_C_D)
                                                      0.044    10.040    bd_0_i/hls_inst/inst/regslice_both_output_r_U/data_p1_reg[10]
  -------------------------------------------------------------------
                         required time                         10.040    
                         arrival time                          -5.679    
  -------------------------------------------------------------------
                         slack                                  4.361    





Min Delay Paths
--------------------------------------------------------------------------------------
Slack (MET) :             0.087ns  (arrival time - required time)
  Source:                 bd_0_i/hls_inst/inst/grp_Fast_Running_FIR_HLS_Pipeline_VITIS_LOOP_37_11_fu_131/i_2_reg_171_reg[4]/C
                            (rising edge-triggered cell FDRE clocked by ap_clk  {rise@0.000ns fall@5.000ns period=10.000ns})
  Destination:            bd_0_i/hls_inst/inst/H_filter_FIR_21_U/ram_reg_0_127_0_0__24/DP.HIGH/WADR4
                            (rising edge-triggered cell RAMD64E clocked by ap_clk  {rise@0.000ns fall@5.000ns period=10.000ns})
  Path Group:             ap_clk
  Path Type:              Hold (Min at Fast Process Corner)
  Requirement:            0.000ns  (ap_clk rise@0.000ns - ap_clk rise@0.000ns)
  Data Path Delay:        0.219ns  (logic 0.105ns (47.955%)  route 0.114ns (52.045%))
  Logic Levels:           1  (LUT6=1)
  Clock Path Skew:        0.043ns (DCD - SCD - CPR)
    Destination Clock Delay (DCD):    0.057ns
    Source Clock Delay      (SCD):    0.014ns
    Clock Pessimism Removal (CPR):    -0.000ns

    Location             Delay type                Incr(ns)  Path(ns)    Netlist Resource(s)
  -------------------------------------------------------------------    -------------------
                         (clock ap_clk rise edge)     0.000     0.000 r  
                                                      0.000     0.000 r  ap_clk (IN)
                         net (fo=1195, unset)         0.014     0.014    bd_0_i/hls_inst/inst/grp_Fast_Running_FIR_HLS_Pipeline_VITIS_LOOP_37_11_fu_131/ap_clk
    SLICE_X36Y55         FDRE                                         r  bd_0_i/hls_inst/inst/grp_Fast_Running_FIR_HLS_Pipeline_VITIS_LOOP_37_11_fu_131/i_2_reg_171_reg[4]/C
  -------------------------------------------------------------------    -------------------
    SLICE_X36Y55         FDRE (Prop_EFF_SLICEL_C_Q)
                                                      0.084     0.098 r  bd_0_i/hls_inst/inst/grp_Fast_Running_FIR_HLS_Pipeline_VITIS_LOOP_37_11_fu_131/i_2_reg_171_reg[4]/Q
                         net (fo=5, routed)           0.052     0.150    bd_0_i/hls_inst/inst/grp_Fast_Running_FIR_HLS_Pipeline_VITIS_LOOP_37_11_fu_131/i_2_reg_171[4]
    SLICE_X36Y54         LUT6 (Prop_H6LUT_SLICEL_I5_O)
                                                      0.021     0.171 r  bd_0_i/hls_inst/inst/grp_Fast_Running_FIR_HLS_Pipeline_VITIS_LOOP_37_11_fu_131/ram_reg_0_127_0_0_i_5/O
                         net (fo=288, routed)         0.062     0.233    bd_0_i/hls_inst/inst/H_filter_FIR_21_U/ram_reg_0_127_0_0__24/A4
    SLICE_X37Y54         RAMD64E                                      r  bd_0_i/hls_inst/inst/H_filter_FIR_21_U/ram_reg_0_127_0_0__24/DP.HIGH/WADR4
  -------------------------------------------------------------------    -------------------

                         (clock ap_clk rise edge)     0.000     0.000 r  
                                                      0.000     0.000 r  ap_clk (IN)
                         net (fo=1195, unset)         0.057     0.057    bd_0_i/hls_inst/inst/H_filter_FIR_21_U/ram_reg_0_127_0_0__24/WCLK
    SLICE_X37Y54         RAMD64E                                      r  bd_0_i/hls_inst/inst/H_filter_FIR_21_U/ram_reg_0_127_0_0__24/DP.HIGH/CLK
                         clock pessimism              0.000     0.057    
    SLICE_X37Y54         RAMD64E (Hold_E6LUT_SLICEM_CLK_WADR4)
                                                      0.089     0.146    bd_0_i/hls_inst/inst/H_filter_FIR_21_U/ram_reg_0_127_0_0__24/DP.HIGH
  -------------------------------------------------------------------
                         required time                         -0.146    
                         arrival time                           0.233    
  -------------------------------------------------------------------
                         slack                                  0.087    

Slack (MET) :             0.087ns  (arrival time - required time)
  Source:                 bd_0_i/hls_inst/inst/grp_Fast_Running_FIR_HLS_Pipeline_VITIS_LOOP_37_11_fu_131/i_2_reg_171_reg[4]/C
                            (rising edge-triggered cell FDRE clocked by ap_clk  {rise@0.000ns fall@5.000ns period=10.000ns})
  Destination:            bd_0_i/hls_inst/inst/H_filter_FIR_21_U/ram_reg_0_127_0_0__24/DP.LOW/WADR4
                            (rising edge-triggered cell RAMD64E clocked by ap_clk  {rise@0.000ns fall@5.000ns period=10.000ns})
  Path Group:             ap_clk
  Path Type:              Hold (Min at Fast Process Corner)
  Requirement:            0.000ns  (ap_clk rise@0.000ns - ap_clk rise@0.000ns)
  Data Path Delay:        0.219ns  (logic 0.105ns (47.955%)  route 0.114ns (52.045%))
  Logic Levels:           1  (LUT6=1)
  Clock Path Skew:        0.043ns (DCD - SCD - CPR)
    Destination Clock Delay (DCD):    0.057ns
    Source Clock Delay      (SCD):    0.014ns
    Clock Pessimism Removal (CPR):    -0.000ns

    Location             Delay type                Incr(ns)  Path(ns)    Netlist Resource(s)
  -------------------------------------------------------------------    -------------------
                         (clock ap_clk rise edge)     0.000     0.000 r  
                                                      0.000     0.000 r  ap_clk (IN)
                         net (fo=1195, unset)         0.014     0.014    bd_0_i/hls_inst/inst/grp_Fast_Running_FIR_HLS_Pipeline_VITIS_LOOP_37_11_fu_131/ap_clk
    SLICE_X36Y55         FDRE                                         r  bd_0_i/hls_inst/inst/grp_Fast_Running_FIR_HLS_Pipeline_VITIS_LOOP_37_11_fu_131/i_2_reg_171_reg[4]/C
  -------------------------------------------------------------------    -------------------
    SLICE_X36Y55         FDRE (Prop_EFF_SLICEL_C_Q)
                                                      0.084     0.098 r  bd_0_i/hls_inst/inst/grp_Fast_Running_FIR_HLS_Pipeline_VITIS_LOOP_37_11_fu_131/i_2_reg_171_reg[4]/Q
                         net (fo=5, routed)           0.052     0.150    bd_0_i/hls_inst/inst/grp_Fast_Running_FIR_HLS_Pipeline_VITIS_LOOP_37_11_fu_131/i_2_reg_171[4]
    SLICE_X36Y54         LUT6 (Prop_H6LUT_SLICEL_I5_O)
                                                      0.021     0.171 r  bd_0_i/hls_inst/inst/grp_Fast_Running_FIR_HLS_Pipeline_VITIS_LOOP_37_11_fu_131/ram_reg_0_127_0_0_i_5/O
                         net (fo=288, routed)         0.062     0.233    bd_0_i/hls_inst/inst/H_filter_FIR_21_U/ram_reg_0_127_0_0__24/A4
    SLICE_X37Y54         RAMD64E                                      r  bd_0_i/hls_inst/inst/H_filter_FIR_21_U/ram_reg_0_127_0_0__24/DP.LOW/WADR4
  -------------------------------------------------------------------    -------------------

                         (clock ap_clk rise edge)     0.000     0.000 r  
                                                      0.000     0.000 r  ap_clk (IN)
                         net (fo=1195, unset)         0.057     0.057    bd_0_i/hls_inst/inst/H_filter_FIR_21_U/ram_reg_0_127_0_0__24/WCLK
    SLICE_X37Y54         RAMD64E                                      r  bd_0_i/hls_inst/inst/H_filter_FIR_21_U/ram_reg_0_127_0_0__24/DP.LOW/CLK
                         clock pessimism              0.000     0.057    
    SLICE_X37Y54         RAMD64E (Hold_F6LUT_SLICEM_CLK_WADR4)
                                                      0.089     0.146    bd_0_i/hls_inst/inst/H_filter_FIR_21_U/ram_reg_0_127_0_0__24/DP.LOW
  -------------------------------------------------------------------
                         required time                         -0.146    
                         arrival time                           0.233    
  -------------------------------------------------------------------
                         slack                                  0.087    

Slack (MET) :             0.087ns  (arrival time - required time)
  Source:                 bd_0_i/hls_inst/inst/grp_Fast_Running_FIR_HLS_Pipeline_VITIS_LOOP_37_11_fu_131/i_2_reg_171_reg[4]/C
                            (rising edge-triggered cell FDRE clocked by ap_clk  {rise@0.000ns fall@5.000ns period=10.000ns})
  Destination:            bd_0_i/hls_inst/inst/H_filter_FIR_21_U/ram_reg_0_127_0_0__24/SP.HIGH/WADR4
                            (rising edge-triggered cell RAMD64E clocked by ap_clk  {rise@0.000ns fall@5.000ns period=10.000ns})
  Path Group:             ap_clk
  Path Type:              Hold (Min at Fast Process Corner)
  Requirement:            0.000ns  (ap_clk rise@0.000ns - ap_clk rise@0.000ns)
  Data Path Delay:        0.219ns  (logic 0.105ns (47.955%)  route 0.114ns (52.045%))
  Logic Levels:           1  (LUT6=1)
  Clock Path Skew:        0.043ns (DCD - SCD - CPR)
    Destination Clock Delay (DCD):    0.057ns
    Source Clock Delay      (SCD):    0.014ns
    Clock Pessimism Removal (CPR):    -0.000ns

    Location             Delay type                Incr(ns)  Path(ns)    Netlist Resource(s)
  -------------------------------------------------------------------    -------------------
                         (clock ap_clk rise edge)     0.000     0.000 r  
                                                      0.000     0.000 r  ap_clk (IN)
                         net (fo=1195, unset)         0.014     0.014    bd_0_i/hls_inst/inst/grp_Fast_Running_FIR_HLS_Pipeline_VITIS_LOOP_37_11_fu_131/ap_clk
    SLICE_X36Y55         FDRE                                         r  bd_0_i/hls_inst/inst/grp_Fast_Running_FIR_HLS_Pipeline_VITIS_LOOP_37_11_fu_131/i_2_reg_171_reg[4]/C
  -------------------------------------------------------------------    -------------------
    SLICE_X36Y55         FDRE (Prop_EFF_SLICEL_C_Q)
                                                      0.084     0.098 r  bd_0_i/hls_inst/inst/grp_Fast_Running_FIR_HLS_Pipeline_VITIS_LOOP_37_11_fu_131/i_2_reg_171_reg[4]/Q
                         net (fo=5, routed)           0.052     0.150    bd_0_i/hls_inst/inst/grp_Fast_Running_FIR_HLS_Pipeline_VITIS_LOOP_37_11_fu_131/i_2_reg_171[4]
    SLICE_X36Y54         LUT6 (Prop_H6LUT_SLICEL_I5_O)
                                                      0.021     0.171 r  bd_0_i/hls_inst/inst/grp_Fast_Running_FIR_HLS_Pipeline_VITIS_LOOP_37_11_fu_131/ram_reg_0_127_0_0_i_5/O
                         net (fo=288, routed)         0.062     0.233    bd_0_i/hls_inst/inst/H_filter_FIR_21_U/ram_reg_0_127_0_0__24/A4
    SLICE_X37Y54         RAMD64E                                      r  bd_0_i/hls_inst/inst/H_filter_FIR_21_U/ram_reg_0_127_0_0__24/SP.HIGH/WADR4
  -------------------------------------------------------------------    -------------------

                         (clock ap_clk rise edge)     0.000     0.000 r  
                                                      0.000     0.000 r  ap_clk (IN)
                         net (fo=1195, unset)         0.057     0.057    bd_0_i/hls_inst/inst/H_filter_FIR_21_U/ram_reg_0_127_0_0__24/WCLK
    SLICE_X37Y54         RAMD64E                                      r  bd_0_i/hls_inst/inst/H_filter_FIR_21_U/ram_reg_0_127_0_0__24/SP.HIGH/CLK
                         clock pessimism              0.000     0.057    
    SLICE_X37Y54         RAMD64E (Hold_G6LUT_SLICEM_CLK_WADR4)
                                                      0.089     0.146    bd_0_i/hls_inst/inst/H_filter_FIR_21_U/ram_reg_0_127_0_0__24/SP.HIGH
  -------------------------------------------------------------------
                         required time                         -0.146    
                         arrival time                           0.233    
  -------------------------------------------------------------------
                         slack                                  0.087    

Slack (MET) :             0.087ns  (arrival time - required time)
  Source:                 bd_0_i/hls_inst/inst/grp_Fast_Running_FIR_HLS_Pipeline_VITIS_LOOP_37_11_fu_131/i_2_reg_171_reg[4]/C
                            (rising edge-triggered cell FDRE clocked by ap_clk  {rise@0.000ns fall@5.000ns period=10.000ns})
  Destination:            bd_0_i/hls_inst/inst/H_filter_FIR_21_U/ram_reg_0_127_0_0__24/SP.LOW/WADR4
                            (rising edge-triggered cell RAMD64E clocked by ap_clk  {rise@0.000ns fall@5.000ns period=10.000ns})
  Path Group:             ap_clk
  Path Type:              Hold (Min at Fast Process Corner)
  Requirement:            0.000ns  (ap_clk rise@0.000ns - ap_clk rise@0.000ns)
  Data Path Delay:        0.219ns  (logic 0.105ns (47.955%)  route 0.114ns (52.045%))
  Logic Levels:           1  (LUT6=1)
  Clock Path Skew:        0.043ns (DCD - SCD - CPR)
    Destination Clock Delay (DCD):    0.057ns
    Source Clock Delay      (SCD):    0.014ns
    Clock Pessimism Removal (CPR):    -0.000ns

    Location             Delay type                Incr(ns)  Path(ns)    Netlist Resource(s)
  -------------------------------------------------------------------    -------------------
                         (clock ap_clk rise edge)     0.000     0.000 r  
                                                      0.000     0.000 r  ap_clk (IN)
                         net (fo=1195, unset)         0.014     0.014    bd_0_i/hls_inst/inst/grp_Fast_Running_FIR_HLS_Pipeline_VITIS_LOOP_37_11_fu_131/ap_clk
    SLICE_X36Y55         FDRE                                         r  bd_0_i/hls_inst/inst/grp_Fast_Running_FIR_HLS_Pipeline_VITIS_LOOP_37_11_fu_131/i_2_reg_171_reg[4]/C
  -------------------------------------------------------------------    -------------------
    SLICE_X36Y55         FDRE (Prop_EFF_SLICEL_C_Q)
                                                      0.084     0.098 r  bd_0_i/hls_inst/inst/grp_Fast_Running_FIR_HLS_Pipeline_VITIS_LOOP_37_11_fu_131/i_2_reg_171_reg[4]/Q
                         net (fo=5, routed)           0.052     0.150    bd_0_i/hls_inst/inst/grp_Fast_Running_FIR_HLS_Pipeline_VITIS_LOOP_37_11_fu_131/i_2_reg_171[4]
    SLICE_X36Y54         LUT6 (Prop_H6LUT_SLICEL_I5_O)
                                                      0.021     0.171 r  bd_0_i/hls_inst/inst/grp_Fast_Running_FIR_HLS_Pipeline_VITIS_LOOP_37_11_fu_131/ram_reg_0_127_0_0_i_5/O
                         net (fo=288, routed)         0.062     0.233    bd_0_i/hls_inst/inst/H_filter_FIR_21_U/ram_reg_0_127_0_0__24/A4
    SLICE_X37Y54         RAMD64E                                      r  bd_0_i/hls_inst/inst/H_filter_FIR_21_U/ram_reg_0_127_0_0__24/SP.LOW/WADR4
  -------------------------------------------------------------------    -------------------

                         (clock ap_clk rise edge)     0.000     0.000 r  
                                                      0.000     0.000 r  ap_clk (IN)
                         net (fo=1195, unset)         0.057     0.057    bd_0_i/hls_inst/inst/H_filter_FIR_21_U/ram_reg_0_127_0_0__24/WCLK
    SLICE_X37Y54         RAMD64E                                      r  bd_0_i/hls_inst/inst/H_filter_FIR_21_U/ram_reg_0_127_0_0__24/SP.LOW/CLK
                         clock pessimism              0.000     0.057    
    SLICE_X37Y54         RAMD64E (Hold_H6LUT_SLICEM_CLK_WADR4)
                                                      0.089     0.146    bd_0_i/hls_inst/inst/H_filter_FIR_21_U/ram_reg_0_127_0_0__24/SP.LOW
  -------------------------------------------------------------------
                         required time                         -0.146    
                         arrival time                           0.233    
  -------------------------------------------------------------------
                         slack                                  0.087    

Slack (MET) :             0.087ns  (arrival time - required time)
  Source:                 bd_0_i/hls_inst/inst/grp_Fast_Running_FIR_HLS_Pipeline_VITIS_LOOP_37_11_fu_131/i_2_reg_171_reg[4]/C
                            (rising edge-triggered cell FDRE clocked by ap_clk  {rise@0.000ns fall@5.000ns period=10.000ns})
  Destination:            bd_0_i/hls_inst/inst/H_filter_FIR_21_U/ram_reg_0_127_0_0__25/DP.HIGH/WADR4
                            (rising edge-triggered cell RAMD64E clocked by ap_clk  {rise@0.000ns fall@5.000ns period=10.000ns})
  Path Group:             ap_clk
  Path Type:              Hold (Min at Fast Process Corner)
  Requirement:            0.000ns  (ap_clk rise@0.000ns - ap_clk rise@0.000ns)
  Data Path Delay:        0.219ns  (logic 0.105ns (47.955%)  route 0.114ns (52.045%))
  Logic Levels:           1  (LUT6=1)
  Clock Path Skew:        0.043ns (DCD - SCD - CPR)
    Destination Clock Delay (DCD):    0.057ns
    Source Clock Delay      (SCD):    0.014ns
    Clock Pessimism Removal (CPR):    -0.000ns

    Location             Delay type                Incr(ns)  Path(ns)    Netlist Resource(s)
  -------------------------------------------------------------------    -------------------
                         (clock ap_clk rise edge)     0.000     0.000 r  
                                                      0.000     0.000 r  ap_clk (IN)
                         net (fo=1195, unset)         0.014     0.014    bd_0_i/hls_inst/inst/grp_Fast_Running_FIR_HLS_Pipeline_VITIS_LOOP_37_11_fu_131/ap_clk
    SLICE_X36Y55         FDRE                                         r  bd_0_i/hls_inst/inst/grp_Fast_Running_FIR_HLS_Pipeline_VITIS_LOOP_37_11_fu_131/i_2_reg_171_reg[4]/C
  -------------------------------------------------------------------    -------------------
    SLICE_X36Y55         FDRE (Prop_EFF_SLICEL_C_Q)
                                                      0.084     0.098 r  bd_0_i/hls_inst/inst/grp_Fast_Running_FIR_HLS_Pipeline_VITIS_LOOP_37_11_fu_131/i_2_reg_171_reg[4]/Q
                         net (fo=5, routed)           0.052     0.150    bd_0_i/hls_inst/inst/grp_Fast_Running_FIR_HLS_Pipeline_VITIS_LOOP_37_11_fu_131/i_2_reg_171[4]
    SLICE_X36Y54         LUT6 (Prop_H6LUT_SLICEL_I5_O)
                                                      0.021     0.171 r  bd_0_i/hls_inst/inst/grp_Fast_Running_FIR_HLS_Pipeline_VITIS_LOOP_37_11_fu_131/ram_reg_0_127_0_0_i_5/O
                         net (fo=288, routed)         0.062     0.233    bd_0_i/hls_inst/inst/H_filter_FIR_21_U/ram_reg_0_127_0_0__25/A4
    SLICE_X37Y54         RAMD64E                                      r  bd_0_i/hls_inst/inst/H_filter_FIR_21_U/ram_reg_0_127_0_0__25/DP.HIGH/WADR4
  -------------------------------------------------------------------    -------------------

                         (clock ap_clk rise edge)     0.000     0.000 r  
                                                      0.000     0.000 r  ap_clk (IN)
                         net (fo=1195, unset)         0.057     0.057    bd_0_i/hls_inst/inst/H_filter_FIR_21_U/ram_reg_0_127_0_0__25/WCLK
    SLICE_X37Y54         RAMD64E                                      r  bd_0_i/hls_inst/inst/H_filter_FIR_21_U/ram_reg_0_127_0_0__25/DP.HIGH/CLK
                         clock pessimism              0.000     0.057    
    SLICE_X37Y54         RAMD64E (Hold_A6LUT_SLICEM_CLK_WADR4)
                                                      0.089     0.146    bd_0_i/hls_inst/inst/H_filter_FIR_21_U/ram_reg_0_127_0_0__25/DP.HIGH
  -------------------------------------------------------------------
                         required time                         -0.146    
                         arrival time                           0.233    
  -------------------------------------------------------------------
                         slack                                  0.087    

Slack (MET) :             0.087ns  (arrival time - required time)
  Source:                 bd_0_i/hls_inst/inst/grp_Fast_Running_FIR_HLS_Pipeline_VITIS_LOOP_37_11_fu_131/i_2_reg_171_reg[4]/C
                            (rising edge-triggered cell FDRE clocked by ap_clk  {rise@0.000ns fall@5.000ns period=10.000ns})
  Destination:            bd_0_i/hls_inst/inst/H_filter_FIR_21_U/ram_reg_0_127_0_0__25/DP.LOW/WADR4
                            (rising edge-triggered cell RAMD64E clocked by ap_clk  {rise@0.000ns fall@5.000ns period=10.000ns})
  Path Group:             ap_clk
  Path Type:              Hold (Min at Fast Process Corner)
  Requirement:            0.000ns  (ap_clk rise@0.000ns - ap_clk rise@0.000ns)
  Data Path Delay:        0.219ns  (logic 0.105ns (47.955%)  route 0.114ns (52.045%))
  Logic Levels:           1  (LUT6=1)
  Clock Path Skew:        0.043ns (DCD - SCD - CPR)
    Destination Clock Delay (DCD):    0.057ns
    Source Clock Delay      (SCD):    0.014ns
    Clock Pessimism Removal (CPR):    -0.000ns

    Location             Delay type                Incr(ns)  Path(ns)    Netlist Resource(s)
  -------------------------------------------------------------------    -------------------
                         (clock ap_clk rise edge)     0.000     0.000 r  
                                                      0.000     0.000 r  ap_clk (IN)
                         net (fo=1195, unset)         0.014     0.014    bd_0_i/hls_inst/inst/grp_Fast_Running_FIR_HLS_Pipeline_VITIS_LOOP_37_11_fu_131/ap_clk
    SLICE_X36Y55         FDRE                                         r  bd_0_i/hls_inst/inst/grp_Fast_Running_FIR_HLS_Pipeline_VITIS_LOOP_37_11_fu_131/i_2_reg_171_reg[4]/C
  -------------------------------------------------------------------    -------------------
    SLICE_X36Y55         FDRE (Prop_EFF_SLICEL_C_Q)
                                                      0.084     0.098 r  bd_0_i/hls_inst/inst/grp_Fast_Running_FIR_HLS_Pipeline_VITIS_LOOP_37_11_fu_131/i_2_reg_171_reg[4]/Q
                         net (fo=5, routed)           0.052     0.150    bd_0_i/hls_inst/inst/grp_Fast_Running_FIR_HLS_Pipeline_VITIS_LOOP_37_11_fu_131/i_2_reg_171[4]
    SLICE_X36Y54         LUT6 (Prop_H6LUT_SLICEL_I5_O)
                                                      0.021     0.171 r  bd_0_i/hls_inst/inst/grp_Fast_Running_FIR_HLS_Pipeline_VITIS_LOOP_37_11_fu_131/ram_reg_0_127_0_0_i_5/O
                         net (fo=288, routed)         0.062     0.233    bd_0_i/hls_inst/inst/H_filter_FIR_21_U/ram_reg_0_127_0_0__25/A4
    SLICE_X37Y54         RAMD64E                                      r  bd_0_i/hls_inst/inst/H_filter_FIR_21_U/ram_reg_0_127_0_0__25/DP.LOW/WADR4
  -------------------------------------------------------------------    -------------------

                         (clock ap_clk rise edge)     0.000     0.000 r  
                                                      0.000     0.000 r  ap_clk (IN)
                         net (fo=1195, unset)         0.057     0.057    bd_0_i/hls_inst/inst/H_filter_FIR_21_U/ram_reg_0_127_0_0__25/WCLK
    SLICE_X37Y54         RAMD64E                                      r  bd_0_i/hls_inst/inst/H_filter_FIR_21_U/ram_reg_0_127_0_0__25/DP.LOW/CLK
                         clock pessimism              0.000     0.057    
    SLICE_X37Y54         RAMD64E (Hold_B6LUT_SLICEM_CLK_WADR4)
                                                      0.089     0.146    bd_0_i/hls_inst/inst/H_filter_FIR_21_U/ram_reg_0_127_0_0__25/DP.LOW
  -------------------------------------------------------------------
                         required time                         -0.146    
                         arrival time                           0.233    
  -------------------------------------------------------------------
                         slack                                  0.087    

Slack (MET) :             0.087ns  (arrival time - required time)
  Source:                 bd_0_i/hls_inst/inst/grp_Fast_Running_FIR_HLS_Pipeline_VITIS_LOOP_37_11_fu_131/i_2_reg_171_reg[4]/C
                            (rising edge-triggered cell FDRE clocked by ap_clk  {rise@0.000ns fall@5.000ns period=10.000ns})
  Destination:            bd_0_i/hls_inst/inst/H_filter_FIR_21_U/ram_reg_0_127_0_0__25/SP.HIGH/WADR4
                            (rising edge-triggered cell RAMD64E clocked by ap_clk  {rise@0.000ns fall@5.000ns period=10.000ns})
  Path Group:             ap_clk
  Path Type:              Hold (Min at Fast Process Corner)
  Requirement:            0.000ns  (ap_clk rise@0.000ns - ap_clk rise@0.000ns)
  Data Path Delay:        0.219ns  (logic 0.105ns (47.955%)  route 0.114ns (52.045%))
  Logic Levels:           1  (LUT6=1)
  Clock Path Skew:        0.043ns (DCD - SCD - CPR)
    Destination Clock Delay (DCD):    0.057ns
    Source Clock Delay      (SCD):    0.014ns
    Clock Pessimism Removal (CPR):    -0.000ns

    Location             Delay type                Incr(ns)  Path(ns)    Netlist Resource(s)
  -------------------------------------------------------------------    -------------------
                         (clock ap_clk rise edge)     0.000     0.000 r  
                                                      0.000     0.000 r  ap_clk (IN)
                         net (fo=1195, unset)         0.014     0.014    bd_0_i/hls_inst/inst/grp_Fast_Running_FIR_HLS_Pipeline_VITIS_LOOP_37_11_fu_131/ap_clk
    SLICE_X36Y55         FDRE                                         r  bd_0_i/hls_inst/inst/grp_Fast_Running_FIR_HLS_Pipeline_VITIS_LOOP_37_11_fu_131/i_2_reg_171_reg[4]/C
  -------------------------------------------------------------------    -------------------
    SLICE_X36Y55         FDRE (Prop_EFF_SLICEL_C_Q)
                                                      0.084     0.098 r  bd_0_i/hls_inst/inst/grp_Fast_Running_FIR_HLS_Pipeline_VITIS_LOOP_37_11_fu_131/i_2_reg_171_reg[4]/Q
                         net (fo=5, routed)           0.052     0.150    bd_0_i/hls_inst/inst/grp_Fast_Running_FIR_HLS_Pipeline_VITIS_LOOP_37_11_fu_131/i_2_reg_171[4]
    SLICE_X36Y54         LUT6 (Prop_H6LUT_SLICEL_I5_O)
                                                      0.021     0.171 r  bd_0_i/hls_inst/inst/grp_Fast_Running_FIR_HLS_Pipeline_VITIS_LOOP_37_11_fu_131/ram_reg_0_127_0_0_i_5/O
                         net (fo=288, routed)         0.062     0.233    bd_0_i/hls_inst/inst/H_filter_FIR_21_U/ram_reg_0_127_0_0__25/A4
    SLICE_X37Y54         RAMD64E                                      r  bd_0_i/hls_inst/inst/H_filter_FIR_21_U/ram_reg_0_127_0_0__25/SP.HIGH/WADR4
  -------------------------------------------------------------------    -------------------

                         (clock ap_clk rise edge)     0.000     0.000 r  
                                                      0.000     0.000 r  ap_clk (IN)
                         net (fo=1195, unset)         0.057     0.057    bd_0_i/hls_inst/inst/H_filter_FIR_21_U/ram_reg_0_127_0_0__25/WCLK
    SLICE_X37Y54         RAMD64E                                      r  bd_0_i/hls_inst/inst/H_filter_FIR_21_U/ram_reg_0_127_0_0__25/SP.HIGH/CLK
                         clock pessimism              0.000     0.057    
    SLICE_X37Y54         RAMD64E (Hold_C6LUT_SLICEM_CLK_WADR4)
                                                      0.089     0.146    bd_0_i/hls_inst/inst/H_filter_FIR_21_U/ram_reg_0_127_0_0__25/SP.HIGH
  -------------------------------------------------------------------
                         required time                         -0.146    
                         arrival time                           0.233    
  -------------------------------------------------------------------
                         slack                                  0.087    

Slack (MET) :             0.087ns  (arrival time - required time)
  Source:                 bd_0_i/hls_inst/inst/grp_Fast_Running_FIR_HLS_Pipeline_VITIS_LOOP_37_11_fu_131/i_2_reg_171_reg[4]/C
                            (rising edge-triggered cell FDRE clocked by ap_clk  {rise@0.000ns fall@5.000ns period=10.000ns})
  Destination:            bd_0_i/hls_inst/inst/H_filter_FIR_21_U/ram_reg_0_127_0_0__25/SP.LOW/WADR4
                            (rising edge-triggered cell RAMD64E clocked by ap_clk  {rise@0.000ns fall@5.000ns period=10.000ns})
  Path Group:             ap_clk
  Path Type:              Hold (Min at Fast Process Corner)
  Requirement:            0.000ns  (ap_clk rise@0.000ns - ap_clk rise@0.000ns)
  Data Path Delay:        0.219ns  (logic 0.105ns (47.955%)  route 0.114ns (52.045%))
  Logic Levels:           1  (LUT6=1)
  Clock Path Skew:        0.043ns (DCD - SCD - CPR)
    Destination Clock Delay (DCD):    0.057ns
    Source Clock Delay      (SCD):    0.014ns
    Clock Pessimism Removal (CPR):    -0.000ns

    Location             Delay type                Incr(ns)  Path(ns)    Netlist Resource(s)
  -------------------------------------------------------------------    -------------------
                         (clock ap_clk rise edge)     0.000     0.000 r  
                                                      0.000     0.000 r  ap_clk (IN)
                         net (fo=1195, unset)         0.014     0.014    bd_0_i/hls_inst/inst/grp_Fast_Running_FIR_HLS_Pipeline_VITIS_LOOP_37_11_fu_131/ap_clk
    SLICE_X36Y55         FDRE                                         r  bd_0_i/hls_inst/inst/grp_Fast_Running_FIR_HLS_Pipeline_VITIS_LOOP_37_11_fu_131/i_2_reg_171_reg[4]/C
  -------------------------------------------------------------------    -------------------
    SLICE_X36Y55         FDRE (Prop_EFF_SLICEL_C_Q)
                                                      0.084     0.098 r  bd_0_i/hls_inst/inst/grp_Fast_Running_FIR_HLS_Pipeline_VITIS_LOOP_37_11_fu_131/i_2_reg_171_reg[4]/Q
                         net (fo=5, routed)           0.052     0.150    bd_0_i/hls_inst/inst/grp_Fast_Running_FIR_HLS_Pipeline_VITIS_LOOP_37_11_fu_131/i_2_reg_171[4]
    SLICE_X36Y54         LUT6 (Prop_H6LUT_SLICEL_I5_O)
                                                      0.021     0.171 r  bd_0_i/hls_inst/inst/grp_Fast_Running_FIR_HLS_Pipeline_VITIS_LOOP_37_11_fu_131/ram_reg_0_127_0_0_i_5/O
                         net (fo=288, routed)         0.062     0.233    bd_0_i/hls_inst/inst/H_filter_FIR_21_U/ram_reg_0_127_0_0__25/A4
    SLICE_X37Y54         RAMD64E                                      r  bd_0_i/hls_inst/inst/H_filter_FIR_21_U/ram_reg_0_127_0_0__25/SP.LOW/WADR4
  -------------------------------------------------------------------    -------------------

                         (clock ap_clk rise edge)     0.000     0.000 r  
                                                      0.000     0.000 r  ap_clk (IN)
                         net (fo=1195, unset)         0.057     0.057    bd_0_i/hls_inst/inst/H_filter_FIR_21_U/ram_reg_0_127_0_0__25/WCLK
    SLICE_X37Y54         RAMD64E                                      r  bd_0_i/hls_inst/inst/H_filter_FIR_21_U/ram_reg_0_127_0_0__25/SP.LOW/CLK
                         clock pessimism              0.000     0.057    
    SLICE_X37Y54         RAMD64E (Hold_D6LUT_SLICEM_CLK_WADR4)
                                                      0.089     0.146    bd_0_i/hls_inst/inst/H_filter_FIR_21_U/ram_reg_0_127_0_0__25/SP.LOW
  -------------------------------------------------------------------
                         required time                         -0.146    
                         arrival time                           0.233    
  -------------------------------------------------------------------
                         slack                                  0.087    

Slack (MET) :             0.103ns  (arrival time - required time)
  Source:                 bd_0_i/hls_inst/inst/grp_Fast_Running_FIR_HLS_Pipeline_VITIS_LOOP_37_11_fu_131/i_fu_38_reg[4]/C
                            (rising edge-triggered cell FDRE clocked by ap_clk  {rise@0.000ns fall@5.000ns period=10.000ns})
  Destination:            bd_0_i/hls_inst/inst/grp_Fast_Running_FIR_HLS_Pipeline_VITIS_LOOP_37_11_fu_131/i_fu_38_reg[4]/D
                            (rising edge-triggered cell FDRE clocked by ap_clk  {rise@0.000ns fall@5.000ns period=10.000ns})
  Path Group:             ap_clk
  Path Type:              Hold (Min at Fast Process Corner)
  Requirement:            0.000ns  (ap_clk rise@0.000ns - ap_clk rise@0.000ns)
  Data Path Delay:        0.152ns  (logic 0.106ns (69.908%)  route 0.046ns (30.092%))
  Logic Levels:           1  (LUT6=1)
  Clock Path Skew:        0.005ns (DCD - SCD - CPR)
    Destination Clock Delay (DCD):    0.019ns
    Source Clock Delay      (SCD):    0.014ns
    Clock Pessimism Removal (CPR):    -0.000ns

    Location             Delay type                Incr(ns)  Path(ns)    Netlist Resource(s)
  -------------------------------------------------------------------    -------------------
                         (clock ap_clk rise edge)     0.000     0.000 r  
                                                      0.000     0.000 r  ap_clk (IN)
                         net (fo=1195, unset)         0.014     0.014    bd_0_i/hls_inst/inst/grp_Fast_Running_FIR_HLS_Pipeline_VITIS_LOOP_37_11_fu_131/ap_clk
    SLICE_X36Y57         FDRE                                         r  bd_0_i/hls_inst/inst/grp_Fast_Running_FIR_HLS_Pipeline_VITIS_LOOP_37_11_fu_131/i_fu_38_reg[4]/C
  -------------------------------------------------------------------    -------------------
    SLICE_X36Y57         FDRE (Prop_BFF_SLICEL_C_Q)
                                                      0.084     0.098 r  bd_0_i/hls_inst/inst/grp_Fast_Running_FIR_HLS_Pipeline_VITIS_LOOP_37_11_fu_131/i_fu_38_reg[4]/Q
                         net (fo=8, routed)           0.029     0.127    bd_0_i/hls_inst/inst/grp_Fast_Running_FIR_HLS_Pipeline_VITIS_LOOP_37_11_fu_131/flow_control_loop_pipe_sequential_init_U/Q[4]
    SLICE_X36Y57         LUT6 (Prop_B6LUT_SLICEL_I5_O)
                                                      0.022     0.149 r  bd_0_i/hls_inst/inst/grp_Fast_Running_FIR_HLS_Pipeline_VITIS_LOOP_37_11_fu_131/flow_control_loop_pipe_sequential_init_U/i_fu_38[4]_i_1/O
                         net (fo=1, routed)           0.017     0.166    bd_0_i/hls_inst/inst/grp_Fast_Running_FIR_HLS_Pipeline_VITIS_LOOP_37_11_fu_131/add_ln37_fu_110_p2[4]
    SLICE_X36Y57         FDRE                                         r  bd_0_i/hls_inst/inst/grp_Fast_Running_FIR_HLS_Pipeline_VITIS_LOOP_37_11_fu_131/i_fu_38_reg[4]/D
  -------------------------------------------------------------------    -------------------

                         (clock ap_clk rise edge)     0.000     0.000 r  
                                                      0.000     0.000 r  ap_clk (IN)
                         net (fo=1195, unset)         0.019     0.019    bd_0_i/hls_inst/inst/grp_Fast_Running_FIR_HLS_Pipeline_VITIS_LOOP_37_11_fu_131/ap_clk
    SLICE_X36Y57         FDRE                                         r  bd_0_i/hls_inst/inst/grp_Fast_Running_FIR_HLS_Pipeline_VITIS_LOOP_37_11_fu_131/i_fu_38_reg[4]/C
                         clock pessimism              0.000     0.019    
    SLICE_X36Y57         FDRE (Hold_BFF_SLICEL_C_D)
                                                      0.044     0.063    bd_0_i/hls_inst/inst/grp_Fast_Running_FIR_HLS_Pipeline_VITIS_LOOP_37_11_fu_131/i_fu_38_reg[4]
  -------------------------------------------------------------------
                         required time                         -0.063    
                         arrival time                           0.166    
  -------------------------------------------------------------------
                         slack                                  0.103    

Slack (MET) :             0.107ns  (arrival time - required time)
  Source:                 bd_0_i/hls_inst/inst/grp_Fast_Running_FIR_HLS_Pipeline_VITIS_LOOP_37_11_fu_131/i_2_reg_171_reg[4]/C
                            (rising edge-triggered cell FDRE clocked by ap_clk  {rise@0.000ns fall@5.000ns period=10.000ns})
  Destination:            bd_0_i/hls_inst/inst/H_filter_FIR_21_U/ram_reg_0_63_0_0__22/DP/WADR4
                            (rising edge-triggered cell RAMD64E clocked by ap_clk  {rise@0.000ns fall@5.000ns period=10.000ns})
  Path Group:             ap_clk
  Path Type:              Hold (Min at Fast Process Corner)
  Requirement:            0.000ns  (ap_clk rise@0.000ns - ap_clk rise@0.000ns)
  Data Path Delay:        0.239ns  (logic 0.105ns (44.012%)  route 0.134ns (55.988%))
  Logic Levels:           1  (LUT6=1)
  Clock Path Skew:        0.043ns (DCD - SCD - CPR)
    Destination Clock Delay (DCD):    0.057ns
    Source Clock Delay      (SCD):    0.014ns
    Clock Pessimism Removal (CPR):    -0.000ns

    Location             Delay type                Incr(ns)  Path(ns)    Netlist Resource(s)
  -------------------------------------------------------------------    -------------------
                         (clock ap_clk rise edge)     0.000     0.000 r  
                                                      0.000     0.000 r  ap_clk (IN)
                         net (fo=1195, unset)         0.014     0.014    bd_0_i/hls_inst/inst/grp_Fast_Running_FIR_HLS_Pipeline_VITIS_LOOP_37_11_fu_131/ap_clk
    SLICE_X36Y55         FDRE                                         r  bd_0_i/hls_inst/inst/grp_Fast_Running_FIR_HLS_Pipeline_VITIS_LOOP_37_11_fu_131/i_2_reg_171_reg[4]/C
  -------------------------------------------------------------------    -------------------
    SLICE_X36Y55         FDRE (Prop_EFF_SLICEL_C_Q)
                                                      0.084     0.098 r  bd_0_i/hls_inst/inst/grp_Fast_Running_FIR_HLS_Pipeline_VITIS_LOOP_37_11_fu_131/i_2_reg_171_reg[4]/Q
                         net (fo=5, routed)           0.052     0.150    bd_0_i/hls_inst/inst/grp_Fast_Running_FIR_HLS_Pipeline_VITIS_LOOP_37_11_fu_131/i_2_reg_171[4]
    SLICE_X36Y54         LUT6 (Prop_H6LUT_SLICEL_I5_O)
                                                      0.021     0.171 r  bd_0_i/hls_inst/inst/grp_Fast_Running_FIR_HLS_Pipeline_VITIS_LOOP_37_11_fu_131/ram_reg_0_127_0_0_i_5/O
                         net (fo=288, routed)         0.081     0.253    bd_0_i/hls_inst/inst/H_filter_FIR_21_U/ram_reg_0_63_0_0__22/A4
    SLICE_X37Y53         RAMD64E                                      r  bd_0_i/hls_inst/inst/H_filter_FIR_21_U/ram_reg_0_63_0_0__22/DP/WADR4
  -------------------------------------------------------------------    -------------------

                         (clock ap_clk rise edge)     0.000     0.000 r  
                                                      0.000     0.000 r  ap_clk (IN)
                         net (fo=1195, unset)         0.057     0.057    bd_0_i/hls_inst/inst/H_filter_FIR_21_U/ram_reg_0_63_0_0__22/WCLK
    SLICE_X37Y53         RAMD64E                                      r  bd_0_i/hls_inst/inst/H_filter_FIR_21_U/ram_reg_0_63_0_0__22/DP/CLK
                         clock pessimism              0.000     0.057    
    SLICE_X37Y53         RAMD64E (Hold_G6LUT_SLICEM_CLK_WADR4)
                                                      0.089     0.146    bd_0_i/hls_inst/inst/H_filter_FIR_21_U/ram_reg_0_63_0_0__22/DP
  -------------------------------------------------------------------
                         required time                         -0.146    
                         arrival time                           0.253    
  -------------------------------------------------------------------
                         slack                                  0.107    





Pulse Width Checks
--------------------------------------------------------------------------------------
Clock Name:         ap_clk
Waveform(ns):       { 0.000 5.000 }
Period(ns):         10.000
Sources:            { ap_clk }

Check Type        Corner  Lib Pin      Reference Pin  Required(ns)  Actual(ns)  Slack(ns)  Location      Pin
Min Period        n/a     RAMD64E/CLK  n/a            1.524         10.000      8.476      SLICE_X35Y17  bd_0_i/hls_inst/inst/H_filter_FIR_20_U/ram_reg_0_127_0_0/DP.HIGH/CLK
Min Period        n/a     RAMD64E/CLK  n/a            1.524         10.000      8.476      SLICE_X35Y17  bd_0_i/hls_inst/inst/H_filter_FIR_20_U/ram_reg_0_127_0_0/DP.LOW/CLK
Min Period        n/a     RAMD64E/CLK  n/a            1.524         10.000      8.476      SLICE_X35Y17  bd_0_i/hls_inst/inst/H_filter_FIR_20_U/ram_reg_0_127_0_0/SP.HIGH/CLK
Min Period        n/a     RAMD64E/CLK  n/a            1.524         10.000      8.476      SLICE_X35Y17  bd_0_i/hls_inst/inst/H_filter_FIR_20_U/ram_reg_0_127_0_0/SP.LOW/CLK
Min Period        n/a     RAMD64E/CLK  n/a            1.524         10.000      8.476      SLICE_X35Y17  bd_0_i/hls_inst/inst/H_filter_FIR_20_U/ram_reg_0_127_0_0__0/DP.HIGH/CLK
Min Period        n/a     RAMD64E/CLK  n/a            1.524         10.000      8.476      SLICE_X35Y17  bd_0_i/hls_inst/inst/H_filter_FIR_20_U/ram_reg_0_127_0_0__0/DP.LOW/CLK
Min Period        n/a     RAMD64E/CLK  n/a            1.524         10.000      8.476      SLICE_X35Y17  bd_0_i/hls_inst/inst/H_filter_FIR_20_U/ram_reg_0_127_0_0__0/SP.HIGH/CLK
Min Period        n/a     RAMD64E/CLK  n/a            1.524         10.000      8.476      SLICE_X35Y17  bd_0_i/hls_inst/inst/H_filter_FIR_20_U/ram_reg_0_127_0_0__0/SP.LOW/CLK
Min Period        n/a     RAMD64E/CLK  n/a            1.524         10.000      8.476      SLICE_X34Y19  bd_0_i/hls_inst/inst/H_filter_FIR_20_U/ram_reg_0_127_0_0__1/DP.HIGH/CLK
Min Period        n/a     RAMD64E/CLK  n/a            1.524         10.000      8.476      SLICE_X34Y19  bd_0_i/hls_inst/inst/H_filter_FIR_20_U/ram_reg_0_127_0_0__1/DP.LOW/CLK
Low Pulse Width   Slow    RAMD64E/CLK  n/a            0.762         5.000       4.238      SLICE_X35Y17  bd_0_i/hls_inst/inst/H_filter_FIR_20_U/ram_reg_0_127_0_0/DP.HIGH/CLK
Low Pulse Width   Fast    RAMD64E/CLK  n/a            0.762         5.000       4.238      SLICE_X35Y17  bd_0_i/hls_inst/inst/H_filter_FIR_20_U/ram_reg_0_127_0_0/DP.HIGH/CLK
Low Pulse Width   Slow    RAMD64E/CLK  n/a            0.762         5.000       4.238      SLICE_X35Y17  bd_0_i/hls_inst/inst/H_filter_FIR_20_U/ram_reg_0_127_0_0/DP.LOW/CLK
Low Pulse Width   Fast    RAMD64E/CLK  n/a            0.762         5.000       4.238      SLICE_X35Y17  bd_0_i/hls_inst/inst/H_filter_FIR_20_U/ram_reg_0_127_0_0/DP.LOW/CLK
Low Pulse Width   Slow    RAMD64E/CLK  n/a            0.762         5.000       4.238      SLICE_X35Y17  bd_0_i/hls_inst/inst/H_filter_FIR_20_U/ram_reg_0_127_0_0/SP.HIGH/CLK
Low Pulse Width   Fast    RAMD64E/CLK  n/a            0.762         5.000       4.238      SLICE_X35Y17  bd_0_i/hls_inst/inst/H_filter_FIR_20_U/ram_reg_0_127_0_0/SP.HIGH/CLK
Low Pulse Width   Slow    RAMD64E/CLK  n/a            0.762         5.000       4.238      SLICE_X35Y17  bd_0_i/hls_inst/inst/H_filter_FIR_20_U/ram_reg_0_127_0_0/SP.LOW/CLK
Low Pulse Width   Fast    RAMD64E/CLK  n/a            0.762         5.000       4.238      SLICE_X35Y17  bd_0_i/hls_inst/inst/H_filter_FIR_20_U/ram_reg_0_127_0_0/SP.LOW/CLK
Low Pulse Width   Slow    RAMD64E/CLK  n/a            0.762         5.000       4.238      SLICE_X35Y17  bd_0_i/hls_inst/inst/H_filter_FIR_20_U/ram_reg_0_127_0_0__0/DP.HIGH/CLK
Low Pulse Width   Fast    RAMD64E/CLK  n/a            0.762         5.000       4.238      SLICE_X35Y17  bd_0_i/hls_inst/inst/H_filter_FIR_20_U/ram_reg_0_127_0_0__0/DP.HIGH/CLK
High Pulse Width  Slow    RAMD64E/CLK  n/a            0.762         5.000       4.238      SLICE_X35Y17  bd_0_i/hls_inst/inst/H_filter_FIR_20_U/ram_reg_0_127_0_0/DP.HIGH/CLK
High Pulse Width  Fast    RAMD64E/CLK  n/a            0.762         5.000       4.238      SLICE_X35Y17  bd_0_i/hls_inst/inst/H_filter_FIR_20_U/ram_reg_0_127_0_0/DP.HIGH/CLK
High Pulse Width  Slow    RAMD64E/CLK  n/a            0.762         5.000       4.238      SLICE_X35Y17  bd_0_i/hls_inst/inst/H_filter_FIR_20_U/ram_reg_0_127_0_0/DP.LOW/CLK
High Pulse Width  Fast    RAMD64E/CLK  n/a            0.762         5.000       4.238      SLICE_X35Y17  bd_0_i/hls_inst/inst/H_filter_FIR_20_U/ram_reg_0_127_0_0/DP.LOW/CLK
High Pulse Width  Slow    RAMD64E/CLK  n/a            0.762         5.000       4.238      SLICE_X35Y17  bd_0_i/hls_inst/inst/H_filter_FIR_20_U/ram_reg_0_127_0_0/SP.HIGH/CLK
High Pulse Width  Fast    RAMD64E/CLK  n/a            0.762         5.000       4.238      SLICE_X35Y17  bd_0_i/hls_inst/inst/H_filter_FIR_20_U/ram_reg_0_127_0_0/SP.HIGH/CLK
High Pulse Width  Slow    RAMD64E/CLK  n/a            0.762         5.000       4.238      SLICE_X35Y17  bd_0_i/hls_inst/inst/H_filter_FIR_20_U/ram_reg_0_127_0_0/SP.LOW/CLK
High Pulse Width  Fast    RAMD64E/CLK  n/a            0.762         5.000       4.238      SLICE_X35Y17  bd_0_i/hls_inst/inst/H_filter_FIR_20_U/ram_reg_0_127_0_0/SP.LOW/CLK
High Pulse Width  Slow    RAMD64E/CLK  n/a            0.762         5.000       4.238      SLICE_X35Y17  bd_0_i/hls_inst/inst/H_filter_FIR_20_U/ram_reg_0_127_0_0__0/DP.HIGH/CLK
High Pulse Width  Fast    RAMD64E/CLK  n/a            0.762         5.000       4.238      SLICE_X35Y17  bd_0_i/hls_inst/inst/H_filter_FIR_20_U/ram_reg_0_127_0_0__0/DP.HIGH/CLK



--------------------------------------------------------------------------------------
Path Group:  (none)
From Clock:  ap_clk
  To Clock:  

Max Delay            18 Endpoints
Min Delay            18 Endpoints
--------------------------------------------------------------------------------------


Max Delay Paths
--------------------------------------------------------------------------------------
Slack:                    inf
  Source:                 bd_0_i/hls_inst/inst/regslice_both_input_r_U/ack_in_t_reg/C
                            (rising edge-triggered cell FDRE clocked by ap_clk  {rise@0.000ns fall@5.000ns period=10.000ns})
  Destination:            input_r_tready
                            (output port)
  Path Group:             (none)
  Path Type:              Max at Slow Process Corner
  Data Path Delay:        0.116ns  (logic 0.116ns (100.000%)  route 0.000ns (0.000%))
  Logic Levels:           0  
  Clock Uncertainty:      0.025ns  ((TSJ^2 + TIJ^2)^1/2 + DJ) / 2 + PE
    Total System Jitter     (TSJ):    0.050ns
    Total Input Jitter      (TIJ):    0.000ns
    Discrete Jitter          (DJ):    0.000ns
    Phase Error              (PE):    0.000ns

    Location             Delay type                Incr(ns)  Path(ns)    Netlist Resource(s)
  -------------------------------------------------------------------    -------------------
                         (clock ap_clk rise edge)     0.000     0.000 r  
                                                      0.000     0.000 r  ap_clk (IN)
                         net (fo=1195, unset)         0.043     0.043    bd_0_i/hls_inst/inst/regslice_both_input_r_U/ap_clk
    SLICE_X43Y41         FDRE                                         r  bd_0_i/hls_inst/inst/regslice_both_input_r_U/ack_in_t_reg/C
  -------------------------------------------------------------------    -------------------
    SLICE_X43Y41         FDRE (Prop_CFF_SLICEM_C_Q)
                                                      0.116     0.159 r  bd_0_i/hls_inst/inst/regslice_both_input_r_U/ack_in_t_reg/Q
                         net (fo=4, unset)            0.000     0.159    input_r_tready
                                                                      r  input_r_tready (OUT)
  -------------------------------------------------------------------    -------------------

Slack:                    inf
  Source:                 bd_0_i/hls_inst/inst/regslice_both_output_r_U/data_p1_reg[0]/C
                            (rising edge-triggered cell FDRE clocked by ap_clk  {rise@0.000ns fall@5.000ns period=10.000ns})
  Destination:            output_r_tdata[0]
                            (output port)
  Path Group:             (none)
  Path Type:              Max at Slow Process Corner
  Data Path Delay:        0.117ns  (logic 0.117ns (100.000%)  route 0.000ns (0.000%))
  Logic Levels:           0  
  Clock Uncertainty:      0.025ns  ((TSJ^2 + TIJ^2)^1/2 + DJ) / 2 + PE
    Total System Jitter     (TSJ):    0.050ns
    Total Input Jitter      (TIJ):    0.000ns
    Discrete Jitter          (DJ):    0.000ns
    Phase Error              (PE):    0.000ns

    Location             Delay type                Incr(ns)  Path(ns)    Netlist Resource(s)
  -------------------------------------------------------------------    -------------------
                         (clock ap_clk rise edge)     0.000     0.000 r  
                                                      0.000     0.000 r  ap_clk (IN)
                         net (fo=1195, unset)         0.042     0.042    bd_0_i/hls_inst/inst/regslice_both_output_r_U/ap_clk
    SLICE_X36Y39         FDRE                                         r  bd_0_i/hls_inst/inst/regslice_both_output_r_U/data_p1_reg[0]/C
  -------------------------------------------------------------------    -------------------
    SLICE_X36Y39         FDRE (Prop_FFF2_SLICEL_C_Q)
                                                      0.117     0.159 r  bd_0_i/hls_inst/inst/regslice_both_output_r_U/data_p1_reg[0]/Q
                         net (fo=0)                   0.000     0.159    output_r_tdata[0]
                                                                      r  output_r_tdata[0] (OUT)
  -------------------------------------------------------------------    -------------------

Slack:                    inf
  Source:                 bd_0_i/hls_inst/inst/regslice_both_output_r_U/data_p1_reg[11]/C
                            (rising edge-triggered cell FDRE clocked by ap_clk  {rise@0.000ns fall@5.000ns period=10.000ns})
  Destination:            output_r_tdata[11]
                            (output port)
  Path Group:             (none)
  Path Type:              Max at Slow Process Corner
  Data Path Delay:        0.116ns  (logic 0.116ns (100.000%)  route 0.000ns (0.000%))
  Logic Levels:           0  
  Clock Uncertainty:      0.025ns  ((TSJ^2 + TIJ^2)^1/2 + DJ) / 2 + PE
    Total System Jitter     (TSJ):    0.050ns
    Total Input Jitter      (TIJ):    0.000ns
    Discrete Jitter          (DJ):    0.000ns
    Phase Error              (PE):    0.000ns

    Location             Delay type                Incr(ns)  Path(ns)    Netlist Resource(s)
  -------------------------------------------------------------------    -------------------
                         (clock ap_clk rise edge)     0.000     0.000 r  
                                                      0.000     0.000 r  ap_clk (IN)
                         net (fo=1195, unset)         0.043     0.043    bd_0_i/hls_inst/inst/regslice_both_output_r_U/ap_clk
    SLICE_X35Y41         FDRE                                         r  bd_0_i/hls_inst/inst/regslice_both_output_r_U/data_p1_reg[11]/C
  -------------------------------------------------------------------    -------------------
    SLICE_X35Y41         FDRE (Prop_GFF_SLICEM_C_Q)
                                                      0.116     0.159 r  bd_0_i/hls_inst/inst/regslice_both_output_r_U/data_p1_reg[11]/Q
                         net (fo=0)                   0.000     0.159    output_r_tdata[11]
                                                                      r  output_r_tdata[11] (OUT)
  -------------------------------------------------------------------    -------------------

Slack:                    inf
  Source:                 bd_0_i/hls_inst/inst/regslice_both_output_r_U/data_p1_reg[13]/C
                            (rising edge-triggered cell FDRE clocked by ap_clk  {rise@0.000ns fall@5.000ns period=10.000ns})
  Destination:            output_r_tdata[13]
                            (output port)
  Path Group:             (none)
  Path Type:              Max at Slow Process Corner
  Data Path Delay:        0.116ns  (logic 0.116ns (100.000%)  route 0.000ns (0.000%))
  Logic Levels:           0  
  Clock Uncertainty:      0.025ns  ((TSJ^2 + TIJ^2)^1/2 + DJ) / 2 + PE
    Total System Jitter     (TSJ):    0.050ns
    Total Input Jitter      (TIJ):    0.000ns
    Discrete Jitter          (DJ):    0.000ns
    Phase Error              (PE):    0.000ns

    Location             Delay type                Incr(ns)  Path(ns)    Netlist Resource(s)
  -------------------------------------------------------------------    -------------------
                         (clock ap_clk rise edge)     0.000     0.000 r  
                                                      0.000     0.000 r  ap_clk (IN)
                         net (fo=1195, unset)         0.043     0.043    bd_0_i/hls_inst/inst/regslice_both_output_r_U/ap_clk
    SLICE_X35Y41         FDRE                                         r  bd_0_i/hls_inst/inst/regslice_both_output_r_U/data_p1_reg[13]/C
  -------------------------------------------------------------------    -------------------
    SLICE_X35Y41         FDRE (Prop_DFF_SLICEM_C_Q)
                                                      0.116     0.159 r  bd_0_i/hls_inst/inst/regslice_both_output_r_U/data_p1_reg[13]/Q
                         net (fo=0)                   0.000     0.159    output_r_tdata[13]
                                                                      r  output_r_tdata[13] (OUT)
  -------------------------------------------------------------------    -------------------

Slack:                    inf
  Source:                 bd_0_i/hls_inst/inst/regslice_both_output_r_U/data_p1_reg[14]/C
                            (rising edge-triggered cell FDRE clocked by ap_clk  {rise@0.000ns fall@5.000ns period=10.000ns})
  Destination:            output_r_tdata[14]
                            (output port)
  Path Group:             (none)
  Path Type:              Max at Slow Process Corner
  Data Path Delay:        0.116ns  (logic 0.116ns (100.000%)  route 0.000ns (0.000%))
  Logic Levels:           0  
  Clock Uncertainty:      0.025ns  ((TSJ^2 + TIJ^2)^1/2 + DJ) / 2 + PE
    Total System Jitter     (TSJ):    0.050ns
    Total Input Jitter      (TIJ):    0.000ns
    Discrete Jitter          (DJ):    0.000ns
    Phase Error              (PE):    0.000ns

    Location             Delay type                Incr(ns)  Path(ns)    Netlist Resource(s)
  -------------------------------------------------------------------    -------------------
                         (clock ap_clk rise edge)     0.000     0.000 r  
                                                      0.000     0.000 r  ap_clk (IN)
                         net (fo=1195, unset)         0.043     0.043    bd_0_i/hls_inst/inst/regslice_both_output_r_U/ap_clk
    SLICE_X35Y41         FDRE                                         r  bd_0_i/hls_inst/inst/regslice_both_output_r_U/data_p1_reg[14]/C
  -------------------------------------------------------------------    -------------------
    SLICE_X35Y41         FDRE (Prop_CFF_SLICEM_C_Q)
                                                      0.116     0.159 r  bd_0_i/hls_inst/inst/regslice_both_output_r_U/data_p1_reg[14]/Q
                         net (fo=0)                   0.000     0.159    output_r_tdata[14]
                                                                      r  output_r_tdata[14] (OUT)
  -------------------------------------------------------------------    -------------------

Slack:                    inf
  Source:                 bd_0_i/hls_inst/inst/regslice_both_output_r_U/state_reg[0]/C
                            (rising edge-triggered cell FDRE clocked by ap_clk  {rise@0.000ns fall@5.000ns period=10.000ns})
  Destination:            output_r_tvalid
                            (output port)
  Path Group:             (none)
  Path Type:              Max at Slow Process Corner
  Data Path Delay:        0.116ns  (logic 0.116ns (100.000%)  route 0.000ns (0.000%))
  Logic Levels:           0  
  Clock Uncertainty:      0.025ns  ((TSJ^2 + TIJ^2)^1/2 + DJ) / 2 + PE
    Total System Jitter     (TSJ):    0.050ns
    Total Input Jitter      (TIJ):    0.000ns
    Discrete Jitter          (DJ):    0.000ns
    Phase Error              (PE):    0.000ns

    Location             Delay type                Incr(ns)  Path(ns)    Netlist Resource(s)
  -------------------------------------------------------------------    -------------------
                         (clock ap_clk rise edge)     0.000     0.000 r  
                                                      0.000     0.000 r  ap_clk (IN)
                         net (fo=1195, unset)         0.043     0.043    bd_0_i/hls_inst/inst/regslice_both_output_r_U/ap_clk
    SLICE_X37Y43         FDRE                                         r  bd_0_i/hls_inst/inst/regslice_both_output_r_U/state_reg[0]/C
  -------------------------------------------------------------------    -------------------
    SLICE_X37Y43         FDRE (Prop_DFF_SLICEM_C_Q)
                                                      0.116     0.159 r  bd_0_i/hls_inst/inst/regslice_both_output_r_U/state_reg[0]/Q
                         net (fo=2, unset)            0.000     0.159    output_r_tvalid
                                                                      r  output_r_tvalid (OUT)
  -------------------------------------------------------------------    -------------------

Slack:                    inf
  Source:                 bd_0_i/hls_inst/inst/regslice_both_output_r_U/data_p1_reg[10]/C
                            (rising edge-triggered cell FDRE clocked by ap_clk  {rise@0.000ns fall@5.000ns period=10.000ns})
  Destination:            output_r_tdata[10]
                            (output port)
  Path Group:             (none)
  Path Type:              Max at Slow Process Corner
  Data Path Delay:        0.114ns  (logic 0.114ns (100.000%)  route 0.000ns (0.000%))
  Logic Levels:           0  
  Clock Uncertainty:      0.025ns  ((TSJ^2 + TIJ^2)^1/2 + DJ) / 2 + PE
    Total System Jitter     (TSJ):    0.050ns
    Total Input Jitter      (TIJ):    0.000ns
    Discrete Jitter          (DJ):    0.000ns
    Phase Error              (PE):    0.000ns

    Location             Delay type                Incr(ns)  Path(ns)    Netlist Resource(s)
  -------------------------------------------------------------------    -------------------
                         (clock ap_clk rise edge)     0.000     0.000 r  
                                                      0.000     0.000 r  ap_clk (IN)
                         net (fo=1195, unset)         0.043     0.043    bd_0_i/hls_inst/inst/regslice_both_output_r_U/ap_clk
    SLICE_X35Y41         FDRE                                         r  bd_0_i/hls_inst/inst/regslice_both_output_r_U/data_p1_reg[10]/C
  -------------------------------------------------------------------    -------------------
    SLICE_X35Y41         FDRE (Prop_HFF_SLICEM_C_Q)
                                                      0.114     0.157 r  bd_0_i/hls_inst/inst/regslice_both_output_r_U/data_p1_reg[10]/Q
                         net (fo=0)                   0.000     0.157    output_r_tdata[10]
                                                                      r  output_r_tdata[10] (OUT)
  -------------------------------------------------------------------    -------------------

Slack:                    inf
  Source:                 bd_0_i/hls_inst/inst/regslice_both_output_r_U/data_p1_reg[4]/C
                            (rising edge-triggered cell FDRE clocked by ap_clk  {rise@0.000ns fall@5.000ns period=10.000ns})
  Destination:            output_r_tdata[4]
                            (output port)
  Path Group:             (none)
  Path Type:              Max at Slow Process Corner
  Data Path Delay:        0.114ns  (logic 0.114ns (100.000%)  route 0.000ns (0.000%))
  Logic Levels:           0  
  Clock Uncertainty:      0.025ns  ((TSJ^2 + TIJ^2)^1/2 + DJ) / 2 + PE
    Total System Jitter     (TSJ):    0.050ns
    Total Input Jitter      (TIJ):    0.000ns
    Discrete Jitter          (DJ):    0.000ns
    Phase Error              (PE):    0.000ns

    Location             Delay type                Incr(ns)  Path(ns)    Netlist Resource(s)
  -------------------------------------------------------------------    -------------------
                         (clock ap_clk rise edge)     0.000     0.000 r  
                                                      0.000     0.000 r  ap_clk (IN)
                         net (fo=1195, unset)         0.043     0.043    bd_0_i/hls_inst/inst/regslice_both_output_r_U/ap_clk
    SLICE_X35Y40         FDRE                                         r  bd_0_i/hls_inst/inst/regslice_both_output_r_U/data_p1_reg[4]/C
  -------------------------------------------------------------------    -------------------
    SLICE_X35Y40         FDRE (Prop_HFF_SLICEM_C_Q)
                                                      0.114     0.157 r  bd_0_i/hls_inst/inst/regslice_both_output_r_U/data_p1_reg[4]/Q
                         net (fo=0)                   0.000     0.157    output_r_tdata[4]
                                                                      r  output_r_tdata[4] (OUT)
  -------------------------------------------------------------------    -------------------

Slack:                    inf
  Source:                 bd_0_i/hls_inst/inst/regslice_both_output_r_U/data_p1_reg[7]/C
                            (rising edge-triggered cell FDRE clocked by ap_clk  {rise@0.000ns fall@5.000ns period=10.000ns})
  Destination:            output_r_tdata[7]
                            (output port)
  Path Group:             (none)
  Path Type:              Max at Slow Process Corner
  Data Path Delay:        0.114ns  (logic 0.114ns (100.000%)  route 0.000ns (0.000%))
  Logic Levels:           0  
  Clock Uncertainty:      0.025ns  ((TSJ^2 + TIJ^2)^1/2 + DJ) / 2 + PE
    Total System Jitter     (TSJ):    0.050ns
    Total Input Jitter      (TIJ):    0.000ns
    Discrete Jitter          (DJ):    0.000ns
    Phase Error              (PE):    0.000ns

    Location             Delay type                Incr(ns)  Path(ns)    Netlist Resource(s)
  -------------------------------------------------------------------    -------------------
                         (clock ap_clk rise edge)     0.000     0.000 r  
                                                      0.000     0.000 r  ap_clk (IN)
                         net (fo=1195, unset)         0.042     0.042    bd_0_i/hls_inst/inst/regslice_both_output_r_U/ap_clk
    SLICE_X36Y39         FDRE                                         r  bd_0_i/hls_inst/inst/regslice_both_output_r_U/data_p1_reg[7]/C
  -------------------------------------------------------------------    -------------------
    SLICE_X36Y39         FDRE (Prop_GFF_SLICEL_C_Q)
                                                      0.114     0.156 r  bd_0_i/hls_inst/inst/regslice_both_output_r_U/data_p1_reg[7]/Q
                         net (fo=0)                   0.000     0.156    output_r_tdata[7]
                                                                      r  output_r_tdata[7] (OUT)
  -------------------------------------------------------------------    -------------------

Slack:                    inf
  Source:                 bd_0_i/hls_inst/inst/regslice_both_output_r_U/data_p1_reg[8]/C
                            (rising edge-triggered cell FDRE clocked by ap_clk  {rise@0.000ns fall@5.000ns period=10.000ns})
  Destination:            output_r_tdata[8]
                            (output port)
  Path Group:             (none)
  Path Type:              Max at Slow Process Corner
  Data Path Delay:        0.113ns  (logic 0.113ns (100.000%)  route 0.000ns (0.000%))
  Logic Levels:           0  
  Clock Uncertainty:      0.025ns  ((TSJ^2 + TIJ^2)^1/2 + DJ) / 2 + PE
    Total System Jitter     (TSJ):    0.050ns
    Total Input Jitter      (TIJ):    0.000ns
    Discrete Jitter          (DJ):    0.000ns
    Phase Error              (PE):    0.000ns

    Location             Delay type                Incr(ns)  Path(ns)    Netlist Resource(s)
  -------------------------------------------------------------------    -------------------
                         (clock ap_clk rise edge)     0.000     0.000 r  
                                                      0.000     0.000 r  ap_clk (IN)
                         net (fo=1195, unset)         0.043     0.043    bd_0_i/hls_inst/inst/regslice_both_output_r_U/ap_clk
    SLICE_X35Y41         FDRE                                         r  bd_0_i/hls_inst/inst/regslice_both_output_r_U/data_p1_reg[8]/C
  -------------------------------------------------------------------    -------------------
    SLICE_X35Y41         FDRE (Prop_AFF_SLICEM_C_Q)
                                                      0.113     0.156 r  bd_0_i/hls_inst/inst/regslice_both_output_r_U/data_p1_reg[8]/Q
                         net (fo=0)                   0.000     0.156    output_r_tdata[8]
                                                                      r  output_r_tdata[8] (OUT)
  -------------------------------------------------------------------    -------------------





Min Delay Paths
--------------------------------------------------------------------------------------
Slack:                    inf
  Source:                 bd_0_i/hls_inst/inst/regslice_both_output_r_U/data_p1_reg[12]/C
                            (rising edge-triggered cell FDRE clocked by ap_clk  {rise@0.000ns fall@5.000ns period=10.000ns})
  Destination:            output_r_tdata[12]
                            (output port)
  Path Group:             (none)
  Path Type:              Min at Fast Process Corner
  Data Path Delay:        0.082ns  (logic 0.082ns (100.000%)  route 0.000ns (0.000%))
  Logic Levels:           0  
  Clock Uncertainty:      0.025ns  ((TSJ^2 + TIJ^2)^1/2 + DJ) / 2 + PE
    Total System Jitter     (TSJ):    0.050ns
    Total Input Jitter      (TIJ):    0.000ns
    Discrete Jitter          (DJ):    0.000ns
    Phase Error              (PE):    0.000ns

    Location             Delay type                Incr(ns)  Path(ns)    Netlist Resource(s)
  -------------------------------------------------------------------    -------------------
                         (clock ap_clk rise edge)     0.000     0.000 r  
                                                      0.000     0.000 r  ap_clk (IN)
                         net (fo=1195, unset)         0.014     0.014    bd_0_i/hls_inst/inst/regslice_both_output_r_U/ap_clk
    SLICE_X35Y41         FDRE                                         r  bd_0_i/hls_inst/inst/regslice_both_output_r_U/data_p1_reg[12]/C
  -------------------------------------------------------------------    -------------------
    SLICE_X35Y41         FDRE (Prop_FFF_SLICEM_C_Q)
                                                      0.082     0.096 r  bd_0_i/hls_inst/inst/regslice_both_output_r_U/data_p1_reg[12]/Q
                         net (fo=0)                   0.000     0.096    output_r_tdata[12]
                                                                      r  output_r_tdata[12] (OUT)
  -------------------------------------------------------------------    -------------------

Slack:                    inf
  Source:                 bd_0_i/hls_inst/inst/regslice_both_output_r_U/data_p1_reg[15]/C
                            (rising edge-triggered cell FDRE clocked by ap_clk  {rise@0.000ns fall@5.000ns period=10.000ns})
  Destination:            output_r_tdata[15]
                            (output port)
  Path Group:             (none)
  Path Type:              Min at Fast Process Corner
  Data Path Delay:        0.082ns  (logic 0.082ns (100.000%)  route 0.000ns (0.000%))
  Logic Levels:           0  
  Clock Uncertainty:      0.025ns  ((TSJ^2 + TIJ^2)^1/2 + DJ) / 2 + PE
    Total System Jitter     (TSJ):    0.050ns
    Total Input Jitter      (TIJ):    0.000ns
    Discrete Jitter          (DJ):    0.000ns
    Phase Error              (PE):    0.000ns

    Location             Delay type                Incr(ns)  Path(ns)    Netlist Resource(s)
  -------------------------------------------------------------------    -------------------
                         (clock ap_clk rise edge)     0.000     0.000 r  
                                                      0.000     0.000 r  ap_clk (IN)
                         net (fo=1195, unset)         0.014     0.014    bd_0_i/hls_inst/inst/regslice_both_output_r_U/ap_clk
    SLICE_X35Y41         FDRE                                         r  bd_0_i/hls_inst/inst/regslice_both_output_r_U/data_p1_reg[15]/C
  -------------------------------------------------------------------    -------------------
    SLICE_X35Y41         FDRE (Prop_BFF_SLICEM_C_Q)
                                                      0.082     0.096 r  bd_0_i/hls_inst/inst/regslice_both_output_r_U/data_p1_reg[15]/Q
                         net (fo=0)                   0.000     0.096    output_r_tdata[15]
                                                                      r  output_r_tdata[15] (OUT)
  -------------------------------------------------------------------    -------------------

Slack:                    inf
  Source:                 bd_0_i/hls_inst/inst/regslice_both_output_r_U/data_p1_reg[8]/C
                            (rising edge-triggered cell FDRE clocked by ap_clk  {rise@0.000ns fall@5.000ns period=10.000ns})
  Destination:            output_r_tdata[8]
                            (output port)
  Path Group:             (none)
  Path Type:              Min at Fast Process Corner
  Data Path Delay:        0.082ns  (logic 0.082ns (100.000%)  route 0.000ns (0.000%))
  Logic Levels:           0  
  Clock Uncertainty:      0.025ns  ((TSJ^2 + TIJ^2)^1/2 + DJ) / 2 + PE
    Total System Jitter     (TSJ):    0.050ns
    Total Input Jitter      (TIJ):    0.000ns
    Discrete Jitter          (DJ):    0.000ns
    Phase Error              (PE):    0.000ns

    Location             Delay type                Incr(ns)  Path(ns)    Netlist Resource(s)
  -------------------------------------------------------------------    -------------------
                         (clock ap_clk rise edge)     0.000     0.000 r  
                                                      0.000     0.000 r  ap_clk (IN)
                         net (fo=1195, unset)         0.014     0.014    bd_0_i/hls_inst/inst/regslice_both_output_r_U/ap_clk
    SLICE_X35Y41         FDRE                                         r  bd_0_i/hls_inst/inst/regslice_both_output_r_U/data_p1_reg[8]/C
  -------------------------------------------------------------------    -------------------
    SLICE_X35Y41         FDRE (Prop_AFF_SLICEM_C_Q)
                                                      0.082     0.096 r  bd_0_i/hls_inst/inst/regslice_both_output_r_U/data_p1_reg[8]/Q
                         net (fo=0)                   0.000     0.096    output_r_tdata[8]
                                                                      r  output_r_tdata[8] (OUT)
  -------------------------------------------------------------------    -------------------

Slack:                    inf
  Source:                 bd_0_i/hls_inst/inst/regslice_both_input_r_U/ack_in_t_reg/C
                            (rising edge-triggered cell FDRE clocked by ap_clk  {rise@0.000ns fall@5.000ns period=10.000ns})
  Destination:            input_r_tready
                            (output port)
  Path Group:             (none)
  Path Type:              Min at Fast Process Corner
  Data Path Delay:        0.083ns  (logic 0.083ns (100.000%)  route 0.000ns (0.000%))
  Logic Levels:           0  
  Clock Uncertainty:      0.025ns  ((TSJ^2 + TIJ^2)^1/2 + DJ) / 2 + PE
    Total System Jitter     (TSJ):    0.050ns
    Total Input Jitter      (TIJ):    0.000ns
    Discrete Jitter          (DJ):    0.000ns
    Phase Error              (PE):    0.000ns

    Location             Delay type                Incr(ns)  Path(ns)    Netlist Resource(s)
  -------------------------------------------------------------------    -------------------
                         (clock ap_clk rise edge)     0.000     0.000 r  
                                                      0.000     0.000 r  ap_clk (IN)
                         net (fo=1195, unset)         0.014     0.014    bd_0_i/hls_inst/inst/regslice_both_input_r_U/ap_clk
    SLICE_X43Y41         FDRE                                         r  bd_0_i/hls_inst/inst/regslice_both_input_r_U/ack_in_t_reg/C
  -------------------------------------------------------------------    -------------------
    SLICE_X43Y41         FDRE (Prop_CFF_SLICEM_C_Q)
                                                      0.083     0.097 r  bd_0_i/hls_inst/inst/regslice_both_input_r_U/ack_in_t_reg/Q
                         net (fo=4, unset)            0.000     0.097    input_r_tready
                                                                      r  input_r_tready (OUT)
  -------------------------------------------------------------------    -------------------

Slack:                    inf
  Source:                 bd_0_i/hls_inst/inst/regslice_both_output_r_U/data_p1_reg[10]/C
                            (rising edge-triggered cell FDRE clocked by ap_clk  {rise@0.000ns fall@5.000ns period=10.000ns})
  Destination:            output_r_tdata[10]
                            (output port)
  Path Group:             (none)
  Path Type:              Min at Fast Process Corner
  Data Path Delay:        0.083ns  (logic 0.083ns (100.000%)  route 0.000ns (0.000%))
  Logic Levels:           0  
  Clock Uncertainty:      0.025ns  ((TSJ^2 + TIJ^2)^1/2 + DJ) / 2 + PE
    Total System Jitter     (TSJ):    0.050ns
    Total Input Jitter      (TIJ):    0.000ns
    Discrete Jitter          (DJ):    0.000ns
    Phase Error              (PE):    0.000ns

    Location             Delay type                Incr(ns)  Path(ns)    Netlist Resource(s)
  -------------------------------------------------------------------    -------------------
                         (clock ap_clk rise edge)     0.000     0.000 r  
                                                      0.000     0.000 r  ap_clk (IN)
                         net (fo=1195, unset)         0.014     0.014    bd_0_i/hls_inst/inst/regslice_both_output_r_U/ap_clk
    SLICE_X35Y41         FDRE                                         r  bd_0_i/hls_inst/inst/regslice_both_output_r_U/data_p1_reg[10]/C
  -------------------------------------------------------------------    -------------------
    SLICE_X35Y41         FDRE (Prop_HFF_SLICEM_C_Q)
                                                      0.083     0.097 r  bd_0_i/hls_inst/inst/regslice_both_output_r_U/data_p1_reg[10]/Q
                         net (fo=0)                   0.000     0.097    output_r_tdata[10]
                                                                      r  output_r_tdata[10] (OUT)
  -------------------------------------------------------------------    -------------------

Slack:                    inf
  Source:                 bd_0_i/hls_inst/inst/regslice_both_output_r_U/data_p1_reg[11]/C
                            (rising edge-triggered cell FDRE clocked by ap_clk  {rise@0.000ns fall@5.000ns period=10.000ns})
  Destination:            output_r_tdata[11]
                            (output port)
  Path Group:             (none)
  Path Type:              Min at Fast Process Corner
  Data Path Delay:        0.083ns  (logic 0.083ns (100.000%)  route 0.000ns (0.000%))
  Logic Levels:           0  
  Clock Uncertainty:      0.025ns  ((TSJ^2 + TIJ^2)^1/2 + DJ) / 2 + PE
    Total System Jitter     (TSJ):    0.050ns
    Total Input Jitter      (TIJ):    0.000ns
    Discrete Jitter          (DJ):    0.000ns
    Phase Error              (PE):    0.000ns

    Location             Delay type                Incr(ns)  Path(ns)    Netlist Resource(s)
  -------------------------------------------------------------------    -------------------
                         (clock ap_clk rise edge)     0.000     0.000 r  
                                                      0.000     0.000 r  ap_clk (IN)
                         net (fo=1195, unset)         0.014     0.014    bd_0_i/hls_inst/inst/regslice_both_output_r_U/ap_clk
    SLICE_X35Y41         FDRE                                         r  bd_0_i/hls_inst/inst/regslice_both_output_r_U/data_p1_reg[11]/C
  -------------------------------------------------------------------    -------------------
    SLICE_X35Y41         FDRE (Prop_GFF_SLICEM_C_Q)
                                                      0.083     0.097 r  bd_0_i/hls_inst/inst/regslice_both_output_r_U/data_p1_reg[11]/Q
                         net (fo=0)                   0.000     0.097    output_r_tdata[11]
                                                                      r  output_r_tdata[11] (OUT)
  -------------------------------------------------------------------    -------------------

Slack:                    inf
  Source:                 bd_0_i/hls_inst/inst/regslice_both_output_r_U/data_p1_reg[13]/C
                            (rising edge-triggered cell FDRE clocked by ap_clk  {rise@0.000ns fall@5.000ns period=10.000ns})
  Destination:            output_r_tdata[13]
                            (output port)
  Path Group:             (none)
  Path Type:              Min at Fast Process Corner
  Data Path Delay:        0.083ns  (logic 0.083ns (100.000%)  route 0.000ns (0.000%))
  Logic Levels:           0  
  Clock Uncertainty:      0.025ns  ((TSJ^2 + TIJ^2)^1/2 + DJ) / 2 + PE
    Total System Jitter     (TSJ):    0.050ns
    Total Input Jitter      (TIJ):    0.000ns
    Discrete Jitter          (DJ):    0.000ns
    Phase Error              (PE):    0.000ns

    Location             Delay type                Incr(ns)  Path(ns)    Netlist Resource(s)
  -------------------------------------------------------------------    -------------------
                         (clock ap_clk rise edge)     0.000     0.000 r  
                                                      0.000     0.000 r  ap_clk (IN)
                         net (fo=1195, unset)         0.014     0.014    bd_0_i/hls_inst/inst/regslice_both_output_r_U/ap_clk
    SLICE_X35Y41         FDRE                                         r  bd_0_i/hls_inst/inst/regslice_both_output_r_U/data_p1_reg[13]/C
  -------------------------------------------------------------------    -------------------
    SLICE_X35Y41         FDRE (Prop_DFF_SLICEM_C_Q)
                                                      0.083     0.097 r  bd_0_i/hls_inst/inst/regslice_both_output_r_U/data_p1_reg[13]/Q
                         net (fo=0)                   0.000     0.097    output_r_tdata[13]
                                                                      r  output_r_tdata[13] (OUT)
  -------------------------------------------------------------------    -------------------

Slack:                    inf
  Source:                 bd_0_i/hls_inst/inst/regslice_both_output_r_U/data_p1_reg[14]/C
                            (rising edge-triggered cell FDRE clocked by ap_clk  {rise@0.000ns fall@5.000ns period=10.000ns})
  Destination:            output_r_tdata[14]
                            (output port)
  Path Group:             (none)
  Path Type:              Min at Fast Process Corner
  Data Path Delay:        0.083ns  (logic 0.083ns (100.000%)  route 0.000ns (0.000%))
  Logic Levels:           0  
  Clock Uncertainty:      0.025ns  ((TSJ^2 + TIJ^2)^1/2 + DJ) / 2 + PE
    Total System Jitter     (TSJ):    0.050ns
    Total Input Jitter      (TIJ):    0.000ns
    Discrete Jitter          (DJ):    0.000ns
    Phase Error              (PE):    0.000ns

    Location             Delay type                Incr(ns)  Path(ns)    Netlist Resource(s)
  -------------------------------------------------------------------    -------------------
                         (clock ap_clk rise edge)     0.000     0.000 r  
                                                      0.000     0.000 r  ap_clk (IN)
                         net (fo=1195, unset)         0.014     0.014    bd_0_i/hls_inst/inst/regslice_both_output_r_U/ap_clk
    SLICE_X35Y41         FDRE                                         r  bd_0_i/hls_inst/inst/regslice_both_output_r_U/data_p1_reg[14]/C
  -------------------------------------------------------------------    -------------------
    SLICE_X35Y41         FDRE (Prop_CFF_SLICEM_C_Q)
                                                      0.083     0.097 r  bd_0_i/hls_inst/inst/regslice_both_output_r_U/data_p1_reg[14]/Q
                         net (fo=0)                   0.000     0.097    output_r_tdata[14]
                                                                      r  output_r_tdata[14] (OUT)
  -------------------------------------------------------------------    -------------------

Slack:                    inf
  Source:                 bd_0_i/hls_inst/inst/regslice_both_output_r_U/data_p1_reg[4]/C
                            (rising edge-triggered cell FDRE clocked by ap_clk  {rise@0.000ns fall@5.000ns period=10.000ns})
  Destination:            output_r_tdata[4]
                            (output port)
  Path Group:             (none)
  Path Type:              Min at Fast Process Corner
  Data Path Delay:        0.083ns  (logic 0.083ns (100.000%)  route 0.000ns (0.000%))
  Logic Levels:           0  
  Clock Uncertainty:      0.025ns  ((TSJ^2 + TIJ^2)^1/2 + DJ) / 2 + PE
    Total System Jitter     (TSJ):    0.050ns
    Total Input Jitter      (TIJ):    0.000ns
    Discrete Jitter          (DJ):    0.000ns
    Phase Error              (PE):    0.000ns

    Location             Delay type                Incr(ns)  Path(ns)    Netlist Resource(s)
  -------------------------------------------------------------------    -------------------
                         (clock ap_clk rise edge)     0.000     0.000 r  
                                                      0.000     0.000 r  ap_clk (IN)
                         net (fo=1195, unset)         0.014     0.014    bd_0_i/hls_inst/inst/regslice_both_output_r_U/ap_clk
    SLICE_X35Y40         FDRE                                         r  bd_0_i/hls_inst/inst/regslice_both_output_r_U/data_p1_reg[4]/C
  -------------------------------------------------------------------    -------------------
    SLICE_X35Y40         FDRE (Prop_HFF_SLICEM_C_Q)
                                                      0.083     0.097 r  bd_0_i/hls_inst/inst/regslice_both_output_r_U/data_p1_reg[4]/Q
                         net (fo=0)                   0.000     0.097    output_r_tdata[4]
                                                                      r  output_r_tdata[4] (OUT)
  -------------------------------------------------------------------    -------------------

Slack:                    inf
  Source:                 bd_0_i/hls_inst/inst/regslice_both_output_r_U/state_reg[0]/C
                            (rising edge-triggered cell FDRE clocked by ap_clk  {rise@0.000ns fall@5.000ns period=10.000ns})
  Destination:            output_r_tvalid
                            (output port)
  Path Group:             (none)
  Path Type:              Min at Fast Process Corner
  Data Path Delay:        0.083ns  (logic 0.083ns (100.000%)  route 0.000ns (0.000%))
  Logic Levels:           0  
  Clock Uncertainty:      0.025ns  ((TSJ^2 + TIJ^2)^1/2 + DJ) / 2 + PE
    Total System Jitter     (TSJ):    0.050ns
    Total Input Jitter      (TIJ):    0.000ns
    Discrete Jitter          (DJ):    0.000ns
    Phase Error              (PE):    0.000ns

    Location             Delay type                Incr(ns)  Path(ns)    Netlist Resource(s)
  -------------------------------------------------------------------    -------------------
                         (clock ap_clk rise edge)     0.000     0.000 r  
                                                      0.000     0.000 r  ap_clk (IN)
                         net (fo=1195, unset)         0.014     0.014    bd_0_i/hls_inst/inst/regslice_both_output_r_U/ap_clk
    SLICE_X37Y43         FDRE                                         r  bd_0_i/hls_inst/inst/regslice_both_output_r_U/state_reg[0]/C
  -------------------------------------------------------------------    -------------------
    SLICE_X37Y43         FDRE (Prop_DFF_SLICEM_C_Q)
                                                      0.083     0.097 r  bd_0_i/hls_inst/inst/regslice_both_output_r_U/state_reg[0]/Q
                         net (fo=2, unset)            0.000     0.097    output_r_tvalid
                                                                      r  output_r_tvalid (OUT)
  -------------------------------------------------------------------    -------------------





--------------------------------------------------------------------------------------
Path Group:  (none)
From Clock:  
  To Clock:  ap_clk

Max Delay           185 Endpoints
Min Delay           185 Endpoints
--------------------------------------------------------------------------------------


Max Delay Paths
--------------------------------------------------------------------------------------
Slack:                    inf
  Source:                 bd_0_i/hls_inst/inst/mul_16s_9s_24_1_1_U14/tmp_product/DSP_A_B_DATA_INST/B2_DATA[3]
                            (internal pin)
  Destination:            bd_0_i/hls_inst/inst/regslice_both_output_r_U/data_p1_reg[15]/D
                            (rising edge-triggered cell FDRE clocked by ap_clk  {rise@0.000ns fall@5.000ns period=10.000ns})
  Path Group:             (none)
  Path Type:              Setup (Max at Slow Process Corner)
  Data Path Delay:        4.484ns  (logic 3.053ns (68.087%)  route 1.431ns (31.913%))
  Logic Levels:           13  (CARRY8=5 DSP_ALU=1 DSP_M_DATA=1 DSP_MULTIPLIER=1 DSP_OUTPUT=1 DSP_PREADD_DATA=1 LUT2=1 LUT4=1 LUT5=1)
  Clock Uncertainty:      0.025ns  ((TSJ^2 + TIJ^2)^1/2 + DJ) / 2 + PE
    Total System Jitter     (TSJ):    0.050ns
    Total Input Jitter      (TIJ):    0.000ns
    Discrete Jitter          (DJ):    0.000ns
    Phase Error              (PE):    0.000ns

    Location             Delay type                Incr(ns)  Path(ns)    Netlist Resource(s)
  -------------------------------------------------------------------    -------------------
    DSP48E2_X11Y15       DSP_A_B_DATA                 0.000     0.000 r  bd_0_i/hls_inst/inst/mul_16s_9s_24_1_1_U14/tmp_product/DSP_A_B_DATA_INST/B2_DATA[3]
                         net (fo=1, routed)           0.000     0.000    bd_0_i/hls_inst/inst/mul_16s_9s_24_1_1_U14/tmp_product/DSP_A_B_DATA.B2_DATA<3>
    DSP48E2_X11Y15       DSP_PREADD_DATA (Prop_DSP_PREADD_DATA_DSP48E2_B2_DATA[3]_B2B1[3])
                                                      0.097     0.097 r  bd_0_i/hls_inst/inst/mul_16s_9s_24_1_1_U14/tmp_product/DSP_PREADD_DATA_INST/B2B1[3]
                         net (fo=1, routed)           0.000     0.097    bd_0_i/hls_inst/inst/mul_16s_9s_24_1_1_U14/tmp_product/DSP_PREADD_DATA.B2B1<3>
    DSP48E2_X11Y15       DSP_MULTIPLIER (Prop_DSP_MULTIPLIER_DSP48E2_B2B1[3]_U[4])
                                                      0.773     0.870 f  bd_0_i/hls_inst/inst/mul_16s_9s_24_1_1_U14/tmp_product/DSP_MULTIPLIER_INST/U[4]
                         net (fo=1, routed)           0.000     0.870    bd_0_i/hls_inst/inst/mul_16s_9s_24_1_1_U14/tmp_product/DSP_MULTIPLIER.U<4>
    DSP48E2_X11Y15       DSP_M_DATA (Prop_DSP_M_DATA_DSP48E2_U[4]_U_DATA[4])
                                                      0.067     0.937 r  bd_0_i/hls_inst/inst/mul_16s_9s_24_1_1_U14/tmp_product/DSP_M_DATA_INST/U_DATA[4]
                         net (fo=1, routed)           0.000     0.937    bd_0_i/hls_inst/inst/mul_16s_9s_24_1_1_U14/tmp_product/DSP_M_DATA.U_DATA<4>
    DSP48E2_X11Y15       DSP_ALU (Prop_DSP_ALU_DSP48E2_U_DATA[4]_ALU_OUT[4])
                                                      0.727     1.664 f  bd_0_i/hls_inst/inst/mul_16s_9s_24_1_1_U14/tmp_product/DSP_ALU_INST/ALU_OUT[4]
                         net (fo=1, routed)           0.000     1.664    bd_0_i/hls_inst/inst/mul_16s_9s_24_1_1_U14/tmp_product/DSP_ALU.ALU_OUT<4>
    DSP48E2_X11Y15       DSP_OUTPUT (Prop_DSP_OUTPUT_DSP48E2_ALU_OUT[4]_P[4])
                                                      0.146     1.810 r  bd_0_i/hls_inst/inst/mul_16s_9s_24_1_1_U14/tmp_product/DSP_OUTPUT_INST/P[4]
                         net (fo=2, routed)           0.481     2.291    bd_0_i/hls_inst/inst/mul_16s_9s_24_1_1_U14/tmp_product_n_104
    SLICE_X39Y37         LUT2 (Prop_E6LUT_SLICEL_I0_O)
                                                      0.187     2.478 r  bd_0_i/hls_inst/inst/mul_16s_9s_24_1_1_U14/y2[7]_i_24/O
                         net (fo=1, routed)           0.011     2.489    bd_0_i/hls_inst/inst/mul_16s_9s_24_1_1_U14/y2[7]_i_24_n_3
    SLICE_X39Y37         CARRY8 (Prop_CARRY8_SLICEL_S[4]_CO[7])
                                                      0.232     2.721 r  bd_0_i/hls_inst/inst/mul_16s_9s_24_1_1_U14/y2_reg[7]_i_12/CO[7]
                         net (fo=1, routed)           0.030     2.751    bd_0_i/hls_inst/inst/mul_16s_9s_24_1_1_U14/y2_reg[7]_i_12_n_3
    SLICE_X39Y38         CARRY8 (Prop_CARRY8_SLICEL_CI_CO[7])
                                                      0.065     2.816 r  bd_0_i/hls_inst/inst/mul_16s_9s_24_1_1_U14/y2_reg[7]_i_2/CO[7]
                         net (fo=1, routed)           0.030     2.846    bd_0_i/hls_inst/inst/mul_16s_9s_24_1_1_U14/y2_reg[7]_i_2_n_3
    SLICE_X39Y39         CARRY8 (Prop_CARRY8_SLICEL_CI_CO[7])
                                                      0.065     2.911 r  bd_0_i/hls_inst/inst/mul_16s_9s_24_1_1_U14/y2_reg[7]_i_1/CO[7]
                         net (fo=1, routed)           0.030     2.941    bd_0_i/hls_inst/inst/H_filter_FIR_22_U/CO[0]
    SLICE_X39Y40         CARRY8 (Prop_CARRY8_SLICEL_CI_O[1])
                                                      0.114     3.055 r  bd_0_i/hls_inst/inst/H_filter_FIR_22_U/y2_reg[15]_i_1/O[1]
                         net (fo=2, routed)           0.508     3.563    bd_0_i/hls_inst/inst/H_filter_FIR_22_U/D[1]
    SLICE_X36Y41         LUT5 (Prop_B6LUT_SLICEL_I2_O)
                                                      0.188     3.751 r  bd_0_i/hls_inst/inst/H_filter_FIR_22_U/data_p2[15]_i_16/O
                         net (fo=1, routed)           0.013     3.764    bd_0_i/hls_inst/inst/regslice_both_input_r_U/data_p2_reg[15]_3[1]
    SLICE_X36Y41         CARRY8 (Prop_CARRY8_SLICEL_S[1]_O[7])
                                                      0.335     4.099 r  bd_0_i/hls_inst/inst/regslice_both_input_r_U/data_p2_reg[15]_i_2/O[7]
                         net (fo=2, routed)           0.247     4.346    bd_0_i/hls_inst/inst/regslice_both_output_r_U/data_p2_reg[15]_0[15]
    SLICE_X35Y41         LUT4 (Prop_B6LUT_SLICEM_I3_O)
                                                      0.057     4.403 r  bd_0_i/hls_inst/inst/regslice_both_output_r_U/data_p1[15]_i_2/O
                         net (fo=1, routed)           0.081     4.484    bd_0_i/hls_inst/inst/regslice_both_output_r_U/data_p1[15]_i_2_n_3
    SLICE_X35Y41         FDRE                                         r  bd_0_i/hls_inst/inst/regslice_both_output_r_U/data_p1_reg[15]/D
  -------------------------------------------------------------------    -------------------

                         (clock ap_clk rise edge)     0.000     0.000 r  
                                                      0.000     0.000 r  ap_clk (IN)
                         net (fo=1195, unset)         0.030     0.030    bd_0_i/hls_inst/inst/regslice_both_output_r_U/ap_clk
    SLICE_X35Y41         FDRE                                         r  bd_0_i/hls_inst/inst/regslice_both_output_r_U/data_p1_reg[15]/C

Slack:                    inf
  Source:                 bd_0_i/hls_inst/inst/mul_16s_9s_24_1_1_U14/tmp_product/DSP_A_B_DATA_INST/B2_DATA[3]
                            (internal pin)
  Destination:            bd_0_i/hls_inst/inst/regslice_both_output_r_U/data_p1_reg[13]/D
                            (rising edge-triggered cell FDRE clocked by ap_clk  {rise@0.000ns fall@5.000ns period=10.000ns})
  Path Group:             (none)
  Path Type:              Setup (Max at Slow Process Corner)
  Data Path Delay:        4.400ns  (logic 3.051ns (69.341%)  route 1.349ns (30.659%))
  Logic Levels:           13  (CARRY8=5 DSP_ALU=1 DSP_M_DATA=1 DSP_MULTIPLIER=1 DSP_OUTPUT=1 DSP_PREADD_DATA=1 LUT2=1 LUT4=1 LUT5=1)
  Clock Uncertainty:      0.025ns  ((TSJ^2 + TIJ^2)^1/2 + DJ) / 2 + PE
    Total System Jitter     (TSJ):    0.050ns
    Total Input Jitter      (TIJ):    0.000ns
    Discrete Jitter          (DJ):    0.000ns
    Phase Error              (PE):    0.000ns

    Location             Delay type                Incr(ns)  Path(ns)    Netlist Resource(s)
  -------------------------------------------------------------------    -------------------
    DSP48E2_X11Y15       DSP_A_B_DATA                 0.000     0.000 r  bd_0_i/hls_inst/inst/mul_16s_9s_24_1_1_U14/tmp_product/DSP_A_B_DATA_INST/B2_DATA[3]
                         net (fo=1, routed)           0.000     0.000    bd_0_i/hls_inst/inst/mul_16s_9s_24_1_1_U14/tmp_product/DSP_A_B_DATA.B2_DATA<3>
    DSP48E2_X11Y15       DSP_PREADD_DATA (Prop_DSP_PREADD_DATA_DSP48E2_B2_DATA[3]_B2B1[3])
                                                      0.097     0.097 r  bd_0_i/hls_inst/inst/mul_16s_9s_24_1_1_U14/tmp_product/DSP_PREADD_DATA_INST/B2B1[3]
                         net (fo=1, routed)           0.000     0.097    bd_0_i/hls_inst/inst/mul_16s_9s_24_1_1_U14/tmp_product/DSP_PREADD_DATA.B2B1<3>
    DSP48E2_X11Y15       DSP_MULTIPLIER (Prop_DSP_MULTIPLIER_DSP48E2_B2B1[3]_U[4])
                                                      0.773     0.870 f  bd_0_i/hls_inst/inst/mul_16s_9s_24_1_1_U14/tmp_product/DSP_MULTIPLIER_INST/U[4]
                         net (fo=1, routed)           0.000     0.870    bd_0_i/hls_inst/inst/mul_16s_9s_24_1_1_U14/tmp_product/DSP_MULTIPLIER.U<4>
    DSP48E2_X11Y15       DSP_M_DATA (Prop_DSP_M_DATA_DSP48E2_U[4]_U_DATA[4])
                                                      0.067     0.937 r  bd_0_i/hls_inst/inst/mul_16s_9s_24_1_1_U14/tmp_product/DSP_M_DATA_INST/U_DATA[4]
                         net (fo=1, routed)           0.000     0.937    bd_0_i/hls_inst/inst/mul_16s_9s_24_1_1_U14/tmp_product/DSP_M_DATA.U_DATA<4>
    DSP48E2_X11Y15       DSP_ALU (Prop_DSP_ALU_DSP48E2_U_DATA[4]_ALU_OUT[4])
                                                      0.727     1.664 f  bd_0_i/hls_inst/inst/mul_16s_9s_24_1_1_U14/tmp_product/DSP_ALU_INST/ALU_OUT[4]
                         net (fo=1, routed)           0.000     1.664    bd_0_i/hls_inst/inst/mul_16s_9s_24_1_1_U14/tmp_product/DSP_ALU.ALU_OUT<4>
    DSP48E2_X11Y15       DSP_OUTPUT (Prop_DSP_OUTPUT_DSP48E2_ALU_OUT[4]_P[4])
                                                      0.146     1.810 r  bd_0_i/hls_inst/inst/mul_16s_9s_24_1_1_U14/tmp_product/DSP_OUTPUT_INST/P[4]
                         net (fo=2, routed)           0.481     2.291    bd_0_i/hls_inst/inst/mul_16s_9s_24_1_1_U14/tmp_product_n_104
    SLICE_X39Y37         LUT2 (Prop_E6LUT_SLICEL_I0_O)
                                                      0.187     2.478 r  bd_0_i/hls_inst/inst/mul_16s_9s_24_1_1_U14/y2[7]_i_24/O
                         net (fo=1, routed)           0.011     2.489    bd_0_i/hls_inst/inst/mul_16s_9s_24_1_1_U14/y2[7]_i_24_n_3
    SLICE_X39Y37         CARRY8 (Prop_CARRY8_SLICEL_S[4]_CO[7])
                                                      0.232     2.721 r  bd_0_i/hls_inst/inst/mul_16s_9s_24_1_1_U14/y2_reg[7]_i_12/CO[7]
                         net (fo=1, routed)           0.030     2.751    bd_0_i/hls_inst/inst/mul_16s_9s_24_1_1_U14/y2_reg[7]_i_12_n_3
    SLICE_X39Y38         CARRY8 (Prop_CARRY8_SLICEL_CI_CO[7])
                                                      0.065     2.816 r  bd_0_i/hls_inst/inst/mul_16s_9s_24_1_1_U14/y2_reg[7]_i_2/CO[7]
                         net (fo=1, routed)           0.030     2.846    bd_0_i/hls_inst/inst/mul_16s_9s_24_1_1_U14/y2_reg[7]_i_2_n_3
    SLICE_X39Y39         CARRY8 (Prop_CARRY8_SLICEL_CI_CO[7])
                                                      0.065     2.911 r  bd_0_i/hls_inst/inst/mul_16s_9s_24_1_1_U14/y2_reg[7]_i_1/CO[7]
                         net (fo=1, routed)           0.030     2.941    bd_0_i/hls_inst/inst/H_filter_FIR_22_U/CO[0]
    SLICE_X39Y40         CARRY8 (Prop_CARRY8_SLICEL_CI_O[1])
                                                      0.114     3.055 r  bd_0_i/hls_inst/inst/H_filter_FIR_22_U/y2_reg[15]_i_1/O[1]
                         net (fo=2, routed)           0.508     3.563    bd_0_i/hls_inst/inst/H_filter_FIR_22_U/D[1]
    SLICE_X36Y41         LUT5 (Prop_B6LUT_SLICEL_I2_O)
                                                      0.188     3.751 r  bd_0_i/hls_inst/inst/H_filter_FIR_22_U/data_p2[15]_i_16/O
                         net (fo=1, routed)           0.013     3.764    bd_0_i/hls_inst/inst/regslice_both_input_r_U/data_p2_reg[15]_3[1]
    SLICE_X36Y41         CARRY8 (Prop_CARRY8_SLICEL_S[1]_O[5])
                                                      0.334     4.098 r  bd_0_i/hls_inst/inst/regslice_both_input_r_U/data_p2_reg[15]_i_2/O[5]
                         net (fo=2, routed)           0.150     4.248    bd_0_i/hls_inst/inst/regslice_both_output_r_U/data_p2_reg[15]_0[13]
    SLICE_X35Y41         LUT4 (Prop_D6LUT_SLICEM_I3_O)
                                                      0.056     4.304 r  bd_0_i/hls_inst/inst/regslice_both_output_r_U/data_p1[13]_i_1/O
                         net (fo=1, routed)           0.096     4.400    bd_0_i/hls_inst/inst/regslice_both_output_r_U/data_p1[13]_i_1_n_3
    SLICE_X35Y41         FDRE                                         r  bd_0_i/hls_inst/inst/regslice_both_output_r_U/data_p1_reg[13]/D
  -------------------------------------------------------------------    -------------------

                         (clock ap_clk rise edge)     0.000     0.000 r  
                                                      0.000     0.000 r  ap_clk (IN)
                         net (fo=1195, unset)         0.030     0.030    bd_0_i/hls_inst/inst/regslice_both_output_r_U/ap_clk
    SLICE_X35Y41         FDRE                                         r  bd_0_i/hls_inst/inst/regslice_both_output_r_U/data_p1_reg[13]/C

Slack:                    inf
  Source:                 bd_0_i/hls_inst/inst/mul_16s_9s_24_1_1_U14/tmp_product/DSP_A_B_DATA_INST/B2_DATA[3]
                            (internal pin)
  Destination:            bd_0_i/hls_inst/inst/regslice_both_output_r_U/data_p1_reg[14]/D
                            (rising edge-triggered cell FDRE clocked by ap_clk  {rise@0.000ns fall@5.000ns period=10.000ns})
  Path Group:             (none)
  Path Type:              Setup (Max at Slow Process Corner)
  Data Path Delay:        4.367ns  (logic 3.031ns (69.407%)  route 1.336ns (30.593%))
  Logic Levels:           13  (CARRY8=5 DSP_ALU=1 DSP_M_DATA=1 DSP_MULTIPLIER=1 DSP_OUTPUT=1 DSP_PREADD_DATA=1 LUT2=1 LUT4=1 LUT5=1)
  Clock Uncertainty:      0.025ns  ((TSJ^2 + TIJ^2)^1/2 + DJ) / 2 + PE
    Total System Jitter     (TSJ):    0.050ns
    Total Input Jitter      (TIJ):    0.000ns
    Discrete Jitter          (DJ):    0.000ns
    Phase Error              (PE):    0.000ns

    Location             Delay type                Incr(ns)  Path(ns)    Netlist Resource(s)
  -------------------------------------------------------------------    -------------------
    DSP48E2_X11Y15       DSP_A_B_DATA                 0.000     0.000 r  bd_0_i/hls_inst/inst/mul_16s_9s_24_1_1_U14/tmp_product/DSP_A_B_DATA_INST/B2_DATA[3]
                         net (fo=1, routed)           0.000     0.000    bd_0_i/hls_inst/inst/mul_16s_9s_24_1_1_U14/tmp_product/DSP_A_B_DATA.B2_DATA<3>
    DSP48E2_X11Y15       DSP_PREADD_DATA (Prop_DSP_PREADD_DATA_DSP48E2_B2_DATA[3]_B2B1[3])
                                                      0.097     0.097 r  bd_0_i/hls_inst/inst/mul_16s_9s_24_1_1_U14/tmp_product/DSP_PREADD_DATA_INST/B2B1[3]
                         net (fo=1, routed)           0.000     0.097    bd_0_i/hls_inst/inst/mul_16s_9s_24_1_1_U14/tmp_product/DSP_PREADD_DATA.B2B1<3>
    DSP48E2_X11Y15       DSP_MULTIPLIER (Prop_DSP_MULTIPLIER_DSP48E2_B2B1[3]_U[4])
                                                      0.773     0.870 f  bd_0_i/hls_inst/inst/mul_16s_9s_24_1_1_U14/tmp_product/DSP_MULTIPLIER_INST/U[4]
                         net (fo=1, routed)           0.000     0.870    bd_0_i/hls_inst/inst/mul_16s_9s_24_1_1_U14/tmp_product/DSP_MULTIPLIER.U<4>
    DSP48E2_X11Y15       DSP_M_DATA (Prop_DSP_M_DATA_DSP48E2_U[4]_U_DATA[4])
                                                      0.067     0.937 r  bd_0_i/hls_inst/inst/mul_16s_9s_24_1_1_U14/tmp_product/DSP_M_DATA_INST/U_DATA[4]
                         net (fo=1, routed)           0.000     0.937    bd_0_i/hls_inst/inst/mul_16s_9s_24_1_1_U14/tmp_product/DSP_M_DATA.U_DATA<4>
    DSP48E2_X11Y15       DSP_ALU (Prop_DSP_ALU_DSP48E2_U_DATA[4]_ALU_OUT[4])
                                                      0.727     1.664 f  bd_0_i/hls_inst/inst/mul_16s_9s_24_1_1_U14/tmp_product/DSP_ALU_INST/ALU_OUT[4]
                         net (fo=1, routed)           0.000     1.664    bd_0_i/hls_inst/inst/mul_16s_9s_24_1_1_U14/tmp_product/DSP_ALU.ALU_OUT<4>
    DSP48E2_X11Y15       DSP_OUTPUT (Prop_DSP_OUTPUT_DSP48E2_ALU_OUT[4]_P[4])
                                                      0.146     1.810 r  bd_0_i/hls_inst/inst/mul_16s_9s_24_1_1_U14/tmp_product/DSP_OUTPUT_INST/P[4]
                         net (fo=2, routed)           0.481     2.291    bd_0_i/hls_inst/inst/mul_16s_9s_24_1_1_U14/tmp_product_n_104
    SLICE_X39Y37         LUT2 (Prop_E6LUT_SLICEL_I0_O)
                                                      0.187     2.478 r  bd_0_i/hls_inst/inst/mul_16s_9s_24_1_1_U14/y2[7]_i_24/O
                         net (fo=1, routed)           0.011     2.489    bd_0_i/hls_inst/inst/mul_16s_9s_24_1_1_U14/y2[7]_i_24_n_3
    SLICE_X39Y37         CARRY8 (Prop_CARRY8_SLICEL_S[4]_CO[7])
                                                      0.232     2.721 r  bd_0_i/hls_inst/inst/mul_16s_9s_24_1_1_U14/y2_reg[7]_i_12/CO[7]
                         net (fo=1, routed)           0.030     2.751    bd_0_i/hls_inst/inst/mul_16s_9s_24_1_1_U14/y2_reg[7]_i_12_n_3
    SLICE_X39Y38         CARRY8 (Prop_CARRY8_SLICEL_CI_CO[7])
                                                      0.065     2.816 r  bd_0_i/hls_inst/inst/mul_16s_9s_24_1_1_U14/y2_reg[7]_i_2/CO[7]
                         net (fo=1, routed)           0.030     2.846    bd_0_i/hls_inst/inst/mul_16s_9s_24_1_1_U14/y2_reg[7]_i_2_n_3
    SLICE_X39Y39         CARRY8 (Prop_CARRY8_SLICEL_CI_CO[7])
                                                      0.065     2.911 r  bd_0_i/hls_inst/inst/mul_16s_9s_24_1_1_U14/y2_reg[7]_i_1/CO[7]
                         net (fo=1, routed)           0.030     2.941    bd_0_i/hls_inst/inst/H_filter_FIR_22_U/CO[0]
    SLICE_X39Y40         CARRY8 (Prop_CARRY8_SLICEL_CI_O[1])
                                                      0.114     3.055 r  bd_0_i/hls_inst/inst/H_filter_FIR_22_U/y2_reg[15]_i_1/O[1]
                         net (fo=2, routed)           0.508     3.563    bd_0_i/hls_inst/inst/H_filter_FIR_22_U/D[1]
    SLICE_X36Y41         LUT5 (Prop_B6LUT_SLICEL_I2_O)
                                                      0.188     3.751 r  bd_0_i/hls_inst/inst/H_filter_FIR_22_U/data_p2[15]_i_16/O
                         net (fo=1, routed)           0.013     3.764    bd_0_i/hls_inst/inst/regslice_both_input_r_U/data_p2_reg[15]_3[1]
    SLICE_X36Y41         CARRY8 (Prop_CARRY8_SLICEL_S[1]_O[6])
                                                      0.314     4.078 r  bd_0_i/hls_inst/inst/regslice_both_input_r_U/data_p2_reg[15]_i_2/O[6]
                         net (fo=2, routed)           0.138     4.216    bd_0_i/hls_inst/inst/regslice_both_output_r_U/data_p2_reg[15]_0[14]
    SLICE_X35Y41         LUT4 (Prop_C6LUT_SLICEM_I3_O)
                                                      0.056     4.272 r  bd_0_i/hls_inst/inst/regslice_both_output_r_U/data_p1[14]_i_1/O
                         net (fo=1, routed)           0.095     4.367    bd_0_i/hls_inst/inst/regslice_both_output_r_U/data_p1[14]_i_1_n_3
    SLICE_X35Y41         FDRE                                         r  bd_0_i/hls_inst/inst/regslice_both_output_r_U/data_p1_reg[14]/D
  -------------------------------------------------------------------    -------------------

                         (clock ap_clk rise edge)     0.000     0.000 r  
                                                      0.000     0.000 r  ap_clk (IN)
                         net (fo=1195, unset)         0.030     0.030    bd_0_i/hls_inst/inst/regslice_both_output_r_U/ap_clk
    SLICE_X35Y41         FDRE                                         r  bd_0_i/hls_inst/inst/regslice_both_output_r_U/data_p1_reg[14]/C

Slack:                    inf
  Source:                 bd_0_i/hls_inst/inst/mul_16s_9s_24_1_1_U14/tmp_product/DSP_A_B_DATA_INST/B2_DATA[3]
                            (internal pin)
  Destination:            bd_0_i/hls_inst/inst/regslice_both_output_r_U/data_p1_reg[12]/D
                            (rising edge-triggered cell FDRE clocked by ap_clk  {rise@0.000ns fall@5.000ns period=10.000ns})
  Path Group:             (none)
  Path Type:              Setup (Max at Slow Process Corner)
  Data Path Delay:        4.338ns  (logic 3.004ns (69.249%)  route 1.334ns (30.751%))
  Logic Levels:           13  (CARRY8=5 DSP_ALU=1 DSP_M_DATA=1 DSP_MULTIPLIER=1 DSP_OUTPUT=1 DSP_PREADD_DATA=1 LUT2=1 LUT4=1 LUT5=1)
  Clock Uncertainty:      0.025ns  ((TSJ^2 + TIJ^2)^1/2 + DJ) / 2 + PE
    Total System Jitter     (TSJ):    0.050ns
    Total Input Jitter      (TIJ):    0.000ns
    Discrete Jitter          (DJ):    0.000ns
    Phase Error              (PE):    0.000ns

    Location             Delay type                Incr(ns)  Path(ns)    Netlist Resource(s)
  -------------------------------------------------------------------    -------------------
    DSP48E2_X11Y15       DSP_A_B_DATA                 0.000     0.000 r  bd_0_i/hls_inst/inst/mul_16s_9s_24_1_1_U14/tmp_product/DSP_A_B_DATA_INST/B2_DATA[3]
                         net (fo=1, routed)           0.000     0.000    bd_0_i/hls_inst/inst/mul_16s_9s_24_1_1_U14/tmp_product/DSP_A_B_DATA.B2_DATA<3>
    DSP48E2_X11Y15       DSP_PREADD_DATA (Prop_DSP_PREADD_DATA_DSP48E2_B2_DATA[3]_B2B1[3])
                                                      0.097     0.097 r  bd_0_i/hls_inst/inst/mul_16s_9s_24_1_1_U14/tmp_product/DSP_PREADD_DATA_INST/B2B1[3]
                         net (fo=1, routed)           0.000     0.097    bd_0_i/hls_inst/inst/mul_16s_9s_24_1_1_U14/tmp_product/DSP_PREADD_DATA.B2B1<3>
    DSP48E2_X11Y15       DSP_MULTIPLIER (Prop_DSP_MULTIPLIER_DSP48E2_B2B1[3]_U[4])
                                                      0.773     0.870 f  bd_0_i/hls_inst/inst/mul_16s_9s_24_1_1_U14/tmp_product/DSP_MULTIPLIER_INST/U[4]
                         net (fo=1, routed)           0.000     0.870    bd_0_i/hls_inst/inst/mul_16s_9s_24_1_1_U14/tmp_product/DSP_MULTIPLIER.U<4>
    DSP48E2_X11Y15       DSP_M_DATA (Prop_DSP_M_DATA_DSP48E2_U[4]_U_DATA[4])
                                                      0.067     0.937 r  bd_0_i/hls_inst/inst/mul_16s_9s_24_1_1_U14/tmp_product/DSP_M_DATA_INST/U_DATA[4]
                         net (fo=1, routed)           0.000     0.937    bd_0_i/hls_inst/inst/mul_16s_9s_24_1_1_U14/tmp_product/DSP_M_DATA.U_DATA<4>
    DSP48E2_X11Y15       DSP_ALU (Prop_DSP_ALU_DSP48E2_U_DATA[4]_ALU_OUT[4])
                                                      0.727     1.664 f  bd_0_i/hls_inst/inst/mul_16s_9s_24_1_1_U14/tmp_product/DSP_ALU_INST/ALU_OUT[4]
                         net (fo=1, routed)           0.000     1.664    bd_0_i/hls_inst/inst/mul_16s_9s_24_1_1_U14/tmp_product/DSP_ALU.ALU_OUT<4>
    DSP48E2_X11Y15       DSP_OUTPUT (Prop_DSP_OUTPUT_DSP48E2_ALU_OUT[4]_P[4])
                                                      0.146     1.810 r  bd_0_i/hls_inst/inst/mul_16s_9s_24_1_1_U14/tmp_product/DSP_OUTPUT_INST/P[4]
                         net (fo=2, routed)           0.481     2.291    bd_0_i/hls_inst/inst/mul_16s_9s_24_1_1_U14/tmp_product_n_104
    SLICE_X39Y37         LUT2 (Prop_E6LUT_SLICEL_I0_O)
                                                      0.187     2.478 r  bd_0_i/hls_inst/inst/mul_16s_9s_24_1_1_U14/y2[7]_i_24/O
                         net (fo=1, routed)           0.011     2.489    bd_0_i/hls_inst/inst/mul_16s_9s_24_1_1_U14/y2[7]_i_24_n_3
    SLICE_X39Y37         CARRY8 (Prop_CARRY8_SLICEL_S[4]_CO[7])
                                                      0.232     2.721 r  bd_0_i/hls_inst/inst/mul_16s_9s_24_1_1_U14/y2_reg[7]_i_12/CO[7]
                         net (fo=1, routed)           0.030     2.751    bd_0_i/hls_inst/inst/mul_16s_9s_24_1_1_U14/y2_reg[7]_i_12_n_3
    SLICE_X39Y38         CARRY8 (Prop_CARRY8_SLICEL_CI_CO[7])
                                                      0.065     2.816 r  bd_0_i/hls_inst/inst/mul_16s_9s_24_1_1_U14/y2_reg[7]_i_2/CO[7]
                         net (fo=1, routed)           0.030     2.846    bd_0_i/hls_inst/inst/mul_16s_9s_24_1_1_U14/y2_reg[7]_i_2_n_3
    SLICE_X39Y39         CARRY8 (Prop_CARRY8_SLICEL_CI_CO[7])
                                                      0.065     2.911 r  bd_0_i/hls_inst/inst/mul_16s_9s_24_1_1_U14/y2_reg[7]_i_1/CO[7]
                         net (fo=1, routed)           0.030     2.941    bd_0_i/hls_inst/inst/H_filter_FIR_22_U/CO[0]
    SLICE_X39Y40         CARRY8 (Prop_CARRY8_SLICEL_CI_O[1])
                                                      0.114     3.055 r  bd_0_i/hls_inst/inst/H_filter_FIR_22_U/y2_reg[15]_i_1/O[1]
                         net (fo=2, routed)           0.508     3.563    bd_0_i/hls_inst/inst/H_filter_FIR_22_U/D[1]
    SLICE_X36Y41         LUT5 (Prop_B6LUT_SLICEL_I2_O)
                                                      0.188     3.751 r  bd_0_i/hls_inst/inst/H_filter_FIR_22_U/data_p2[15]_i_16/O
                         net (fo=1, routed)           0.013     3.764    bd_0_i/hls_inst/inst/regslice_both_input_r_U/data_p2_reg[15]_3[1]
    SLICE_X36Y41         CARRY8 (Prop_CARRY8_SLICEL_S[1]_O[4])
                                                      0.287     4.051 r  bd_0_i/hls_inst/inst/regslice_both_input_r_U/data_p2_reg[15]_i_2/O[4]
                         net (fo=2, routed)           0.136     4.187    bd_0_i/hls_inst/inst/regslice_both_output_r_U/data_p2_reg[15]_0[12]
    SLICE_X35Y41         LUT4 (Prop_F6LUT_SLICEM_I3_O)
                                                      0.056     4.243 r  bd_0_i/hls_inst/inst/regslice_both_output_r_U/data_p1[12]_i_1/O
                         net (fo=1, routed)           0.095     4.338    bd_0_i/hls_inst/inst/regslice_both_output_r_U/data_p1[12]_i_1_n_3
    SLICE_X35Y41         FDRE                                         r  bd_0_i/hls_inst/inst/regslice_both_output_r_U/data_p1_reg[12]/D
  -------------------------------------------------------------------    -------------------

                         (clock ap_clk rise edge)     0.000     0.000 r  
                                                      0.000     0.000 r  ap_clk (IN)
                         net (fo=1195, unset)         0.031     0.031    bd_0_i/hls_inst/inst/regslice_both_output_r_U/ap_clk
    SLICE_X35Y41         FDRE                                         r  bd_0_i/hls_inst/inst/regslice_both_output_r_U/data_p1_reg[12]/C

Slack:                    inf
  Source:                 bd_0_i/hls_inst/inst/mul_16s_9s_24_1_1_U14/tmp_product/DSP_A_B_DATA_INST/B2_DATA[3]
                            (internal pin)
  Destination:            bd_0_i/hls_inst/inst/regslice_both_output_r_U/data_p1_reg[11]/D
                            (rising edge-triggered cell FDRE clocked by ap_clk  {rise@0.000ns fall@5.000ns period=10.000ns})
  Path Group:             (none)
  Path Type:              Setup (Max at Slow Process Corner)
  Data Path Delay:        4.310ns  (logic 2.929ns (67.958%)  route 1.381ns (32.042%))
  Logic Levels:           13  (CARRY8=5 DSP_ALU=1 DSP_M_DATA=1 DSP_MULTIPLIER=1 DSP_OUTPUT=1 DSP_PREADD_DATA=1 LUT2=1 LUT4=1 LUT5=1)
  Clock Uncertainty:      0.025ns  ((TSJ^2 + TIJ^2)^1/2 + DJ) / 2 + PE
    Total System Jitter     (TSJ):    0.050ns
    Total Input Jitter      (TIJ):    0.000ns
    Discrete Jitter          (DJ):    0.000ns
    Phase Error              (PE):    0.000ns

    Location             Delay type                Incr(ns)  Path(ns)    Netlist Resource(s)
  -------------------------------------------------------------------    -------------------
    DSP48E2_X11Y15       DSP_A_B_DATA                 0.000     0.000 r  bd_0_i/hls_inst/inst/mul_16s_9s_24_1_1_U14/tmp_product/DSP_A_B_DATA_INST/B2_DATA[3]
                         net (fo=1, routed)           0.000     0.000    bd_0_i/hls_inst/inst/mul_16s_9s_24_1_1_U14/tmp_product/DSP_A_B_DATA.B2_DATA<3>
    DSP48E2_X11Y15       DSP_PREADD_DATA (Prop_DSP_PREADD_DATA_DSP48E2_B2_DATA[3]_B2B1[3])
                                                      0.097     0.097 r  bd_0_i/hls_inst/inst/mul_16s_9s_24_1_1_U14/tmp_product/DSP_PREADD_DATA_INST/B2B1[3]
                         net (fo=1, routed)           0.000     0.097    bd_0_i/hls_inst/inst/mul_16s_9s_24_1_1_U14/tmp_product/DSP_PREADD_DATA.B2B1<3>
    DSP48E2_X11Y15       DSP_MULTIPLIER (Prop_DSP_MULTIPLIER_DSP48E2_B2B1[3]_U[4])
                                                      0.773     0.870 f  bd_0_i/hls_inst/inst/mul_16s_9s_24_1_1_U14/tmp_product/DSP_MULTIPLIER_INST/U[4]
                         net (fo=1, routed)           0.000     0.870    bd_0_i/hls_inst/inst/mul_16s_9s_24_1_1_U14/tmp_product/DSP_MULTIPLIER.U<4>
    DSP48E2_X11Y15       DSP_M_DATA (Prop_DSP_M_DATA_DSP48E2_U[4]_U_DATA[4])
                                                      0.067     0.937 r  bd_0_i/hls_inst/inst/mul_16s_9s_24_1_1_U14/tmp_product/DSP_M_DATA_INST/U_DATA[4]
                         net (fo=1, routed)           0.000     0.937    bd_0_i/hls_inst/inst/mul_16s_9s_24_1_1_U14/tmp_product/DSP_M_DATA.U_DATA<4>
    DSP48E2_X11Y15       DSP_ALU (Prop_DSP_ALU_DSP48E2_U_DATA[4]_ALU_OUT[4])
                                                      0.727     1.664 f  bd_0_i/hls_inst/inst/mul_16s_9s_24_1_1_U14/tmp_product/DSP_ALU_INST/ALU_OUT[4]
                         net (fo=1, routed)           0.000     1.664    bd_0_i/hls_inst/inst/mul_16s_9s_24_1_1_U14/tmp_product/DSP_ALU.ALU_OUT<4>
    DSP48E2_X11Y15       DSP_OUTPUT (Prop_DSP_OUTPUT_DSP48E2_ALU_OUT[4]_P[4])
                                                      0.146     1.810 r  bd_0_i/hls_inst/inst/mul_16s_9s_24_1_1_U14/tmp_product/DSP_OUTPUT_INST/P[4]
                         net (fo=2, routed)           0.481     2.291    bd_0_i/hls_inst/inst/mul_16s_9s_24_1_1_U14/tmp_product_n_104
    SLICE_X39Y37         LUT2 (Prop_E6LUT_SLICEL_I0_O)
                                                      0.187     2.478 r  bd_0_i/hls_inst/inst/mul_16s_9s_24_1_1_U14/y2[7]_i_24/O
                         net (fo=1, routed)           0.011     2.489    bd_0_i/hls_inst/inst/mul_16s_9s_24_1_1_U14/y2[7]_i_24_n_3
    SLICE_X39Y37         CARRY8 (Prop_CARRY8_SLICEL_S[4]_CO[7])
                                                      0.232     2.721 r  bd_0_i/hls_inst/inst/mul_16s_9s_24_1_1_U14/y2_reg[7]_i_12/CO[7]
                         net (fo=1, routed)           0.030     2.751    bd_0_i/hls_inst/inst/mul_16s_9s_24_1_1_U14/y2_reg[7]_i_12_n_3
    SLICE_X39Y38         CARRY8 (Prop_CARRY8_SLICEL_CI_CO[7])
                                                      0.065     2.816 r  bd_0_i/hls_inst/inst/mul_16s_9s_24_1_1_U14/y2_reg[7]_i_2/CO[7]
                         net (fo=1, routed)           0.030     2.846    bd_0_i/hls_inst/inst/mul_16s_9s_24_1_1_U14/y2_reg[7]_i_2_n_3
    SLICE_X39Y39         CARRY8 (Prop_CARRY8_SLICEL_CI_CO[7])
                                                      0.065     2.911 r  bd_0_i/hls_inst/inst/mul_16s_9s_24_1_1_U14/y2_reg[7]_i_1/CO[7]
                         net (fo=1, routed)           0.030     2.941    bd_0_i/hls_inst/inst/H_filter_FIR_22_U/CO[0]
    SLICE_X39Y40         CARRY8 (Prop_CARRY8_SLICEL_CI_O[1])
                                                      0.114     3.055 r  bd_0_i/hls_inst/inst/H_filter_FIR_22_U/y2_reg[15]_i_1/O[1]
                         net (fo=2, routed)           0.508     3.563    bd_0_i/hls_inst/inst/H_filter_FIR_22_U/D[1]
    SLICE_X36Y41         LUT5 (Prop_B6LUT_SLICEL_I2_O)
                                                      0.188     3.751 r  bd_0_i/hls_inst/inst/H_filter_FIR_22_U/data_p2[15]_i_16/O
                         net (fo=1, routed)           0.013     3.764    bd_0_i/hls_inst/inst/regslice_both_input_r_U/data_p2_reg[15]_3[1]
    SLICE_X36Y41         CARRY8 (Prop_CARRY8_SLICEL_S[1]_O[3])
                                                      0.186     3.950 r  bd_0_i/hls_inst/inst/regslice_both_input_r_U/data_p2_reg[15]_i_2/O[3]
                         net (fo=2, routed)           0.198     4.148    bd_0_i/hls_inst/inst/regslice_both_output_r_U/data_p2_reg[15]_0[11]
    SLICE_X35Y41         LUT4 (Prop_G6LUT_SLICEM_I3_O)
                                                      0.082     4.230 r  bd_0_i/hls_inst/inst/regslice_both_output_r_U/data_p1[11]_i_1/O
                         net (fo=1, routed)           0.080     4.310    bd_0_i/hls_inst/inst/regslice_both_output_r_U/data_p1[11]_i_1_n_3
    SLICE_X35Y41         FDRE                                         r  bd_0_i/hls_inst/inst/regslice_both_output_r_U/data_p1_reg[11]/D
  -------------------------------------------------------------------    -------------------

                         (clock ap_clk rise edge)     0.000     0.000 r  
                                                      0.000     0.000 r  ap_clk (IN)
                         net (fo=1195, unset)         0.031     0.031    bd_0_i/hls_inst/inst/regslice_both_output_r_U/ap_clk
    SLICE_X35Y41         FDRE                                         r  bd_0_i/hls_inst/inst/regslice_both_output_r_U/data_p1_reg[11]/C

Slack:                    inf
  Source:                 bd_0_i/hls_inst/inst/mul_16s_9s_24_1_1_U14/tmp_product/DSP_A_B_DATA_INST/B2_DATA[3]
                            (internal pin)
  Destination:            bd_0_i/hls_inst/inst/regslice_both_output_r_U/data_p1_reg[8]/D
                            (rising edge-triggered cell FDRE clocked by ap_clk  {rise@0.000ns fall@5.000ns period=10.000ns})
  Path Group:             (none)
  Path Type:              Setup (Max at Slow Process Corner)
  Data Path Delay:        4.246ns  (logic 3.168ns (74.611%)  route 1.078ns (25.389%))
  Logic Levels:           13  (CARRY8=5 DSP_ALU=1 DSP_M_DATA=1 DSP_MULTIPLIER=1 DSP_OUTPUT=1 DSP_PREADD_DATA=1 LUT2=1 LUT4=1 LUT5=1)
  Clock Uncertainty:      0.025ns  ((TSJ^2 + TIJ^2)^1/2 + DJ) / 2 + PE
    Total System Jitter     (TSJ):    0.050ns
    Total Input Jitter      (TIJ):    0.000ns
    Discrete Jitter          (DJ):    0.000ns
    Phase Error              (PE):    0.000ns

    Location             Delay type                Incr(ns)  Path(ns)    Netlist Resource(s)
  -------------------------------------------------------------------    -------------------
    DSP48E2_X11Y15       DSP_A_B_DATA                 0.000     0.000 r  bd_0_i/hls_inst/inst/mul_16s_9s_24_1_1_U14/tmp_product/DSP_A_B_DATA_INST/B2_DATA[3]
                         net (fo=1, routed)           0.000     0.000    bd_0_i/hls_inst/inst/mul_16s_9s_24_1_1_U14/tmp_product/DSP_A_B_DATA.B2_DATA<3>
    DSP48E2_X11Y15       DSP_PREADD_DATA (Prop_DSP_PREADD_DATA_DSP48E2_B2_DATA[3]_B2B1[3])
                                                      0.097     0.097 r  bd_0_i/hls_inst/inst/mul_16s_9s_24_1_1_U14/tmp_product/DSP_PREADD_DATA_INST/B2B1[3]
                         net (fo=1, routed)           0.000     0.097    bd_0_i/hls_inst/inst/mul_16s_9s_24_1_1_U14/tmp_product/DSP_PREADD_DATA.B2B1<3>
    DSP48E2_X11Y15       DSP_MULTIPLIER (Prop_DSP_MULTIPLIER_DSP48E2_B2B1[3]_U[4])
                                                      0.773     0.870 f  bd_0_i/hls_inst/inst/mul_16s_9s_24_1_1_U14/tmp_product/DSP_MULTIPLIER_INST/U[4]
                         net (fo=1, routed)           0.000     0.870    bd_0_i/hls_inst/inst/mul_16s_9s_24_1_1_U14/tmp_product/DSP_MULTIPLIER.U<4>
    DSP48E2_X11Y15       DSP_M_DATA (Prop_DSP_M_DATA_DSP48E2_U[4]_U_DATA[4])
                                                      0.067     0.937 r  bd_0_i/hls_inst/inst/mul_16s_9s_24_1_1_U14/tmp_product/DSP_M_DATA_INST/U_DATA[4]
                         net (fo=1, routed)           0.000     0.937    bd_0_i/hls_inst/inst/mul_16s_9s_24_1_1_U14/tmp_product/DSP_M_DATA.U_DATA<4>
    DSP48E2_X11Y15       DSP_ALU (Prop_DSP_ALU_DSP48E2_U_DATA[4]_ALU_OUT[4])
                                                      0.727     1.664 f  bd_0_i/hls_inst/inst/mul_16s_9s_24_1_1_U14/tmp_product/DSP_ALU_INST/ALU_OUT[4]
                         net (fo=1, routed)           0.000     1.664    bd_0_i/hls_inst/inst/mul_16s_9s_24_1_1_U14/tmp_product/DSP_ALU.ALU_OUT<4>
    DSP48E2_X11Y15       DSP_OUTPUT (Prop_DSP_OUTPUT_DSP48E2_ALU_OUT[4]_P[4])
                                                      0.146     1.810 r  bd_0_i/hls_inst/inst/mul_16s_9s_24_1_1_U14/tmp_product/DSP_OUTPUT_INST/P[4]
                         net (fo=2, routed)           0.481     2.291    bd_0_i/hls_inst/inst/mul_16s_9s_24_1_1_U14/tmp_product_n_104
    SLICE_X39Y37         LUT2 (Prop_E6LUT_SLICEL_I0_O)
                                                      0.187     2.478 r  bd_0_i/hls_inst/inst/mul_16s_9s_24_1_1_U14/y2[7]_i_24/O
                         net (fo=1, routed)           0.011     2.489    bd_0_i/hls_inst/inst/mul_16s_9s_24_1_1_U14/y2[7]_i_24_n_3
    SLICE_X39Y37         CARRY8 (Prop_CARRY8_SLICEL_S[4]_CO[7])
                                                      0.232     2.721 r  bd_0_i/hls_inst/inst/mul_16s_9s_24_1_1_U14/y2_reg[7]_i_12/CO[7]
                         net (fo=1, routed)           0.030     2.751    bd_0_i/hls_inst/inst/mul_16s_9s_24_1_1_U14/y2_reg[7]_i_12_n_3
    SLICE_X39Y38         CARRY8 (Prop_CARRY8_SLICEL_CI_CO[7])
                                                      0.065     2.816 r  bd_0_i/hls_inst/inst/mul_16s_9s_24_1_1_U14/y2_reg[7]_i_2/CO[7]
                         net (fo=1, routed)           0.030     2.846    bd_0_i/hls_inst/inst/mul_16s_9s_24_1_1_U14/y2_reg[7]_i_2_n_3
    SLICE_X39Y39         CARRY8 (Prop_CARRY8_SLICEL_CI_O[1])
                                                      0.114     2.960 r  bd_0_i/hls_inst/inst/mul_16s_9s_24_1_1_U14/y2_reg[7]_i_1/O[1]
                         net (fo=2, routed)           0.256     3.216    bd_0_i/hls_inst/inst/mul_16s_9s_24_1_1_U14/D[1]
    SLICE_X36Y40         LUT5 (Prop_B6LUT_SLICEL_I2_O)
                                                      0.224     3.440 r  bd_0_i/hls_inst/inst/mul_16s_9s_24_1_1_U14/data_p2[7]_i_16/O
                         net (fo=1, routed)           0.013     3.453    bd_0_i/hls_inst/inst/regslice_both_input_r_U/S[1]
    SLICE_X36Y40         CARRY8 (Prop_CARRY8_SLICEL_S[1]_CO[7])
                                                      0.261     3.714 r  bd_0_i/hls_inst/inst/regslice_both_input_r_U/data_p2_reg[7]_i_1/CO[7]
                         net (fo=1, routed)           0.030     3.744    bd_0_i/hls_inst/inst/regslice_both_input_r_U/data_p2_reg[7]_i_1_n_3
    SLICE_X36Y41         CARRY8 (Prop_CARRY8_SLICEL_CI_O[0])
                                                      0.086     3.830 r  bd_0_i/hls_inst/inst/regslice_both_input_r_U/data_p2_reg[15]_i_2/O[0]
                         net (fo=2, routed)           0.154     3.984    bd_0_i/hls_inst/inst/regslice_both_output_r_U/data_p2_reg[15]_0[8]
    SLICE_X35Y41         LUT4 (Prop_A6LUT_SLICEM_I3_O)
                                                      0.189     4.173 r  bd_0_i/hls_inst/inst/regslice_both_output_r_U/data_p1[8]_i_1/O
                         net (fo=1, routed)           0.073     4.246    bd_0_i/hls_inst/inst/regslice_both_output_r_U/data_p1[8]_i_1_n_3
    SLICE_X35Y41         FDRE                                         r  bd_0_i/hls_inst/inst/regslice_both_output_r_U/data_p1_reg[8]/D
  -------------------------------------------------------------------    -------------------

                         (clock ap_clk rise edge)     0.000     0.000 r  
                                                      0.000     0.000 r  ap_clk (IN)
                         net (fo=1195, unset)         0.030     0.030    bd_0_i/hls_inst/inst/regslice_both_output_r_U/ap_clk
    SLICE_X35Y41         FDRE                                         r  bd_0_i/hls_inst/inst/regslice_both_output_r_U/data_p1_reg[8]/C

Slack:                    inf
  Source:                 bd_0_i/hls_inst/inst/mul_16s_9s_24_1_1_U14/tmp_product/DSP_A_B_DATA_INST/B2_DATA[3]
                            (internal pin)
  Destination:            bd_0_i/hls_inst/inst/regslice_both_output_r_U/data_p1_reg[10]/D
                            (rising edge-triggered cell FDRE clocked by ap_clk  {rise@0.000ns fall@5.000ns period=10.000ns})
  Path Group:             (none)
  Path Type:              Setup (Max at Slow Process Corner)
  Data Path Delay:        4.236ns  (logic 2.904ns (68.555%)  route 1.332ns (31.445%))
  Logic Levels:           13  (CARRY8=5 DSP_ALU=1 DSP_M_DATA=1 DSP_MULTIPLIER=1 DSP_OUTPUT=1 DSP_PREADD_DATA=1 LUT2=1 LUT4=1 LUT5=1)
  Clock Uncertainty:      0.025ns  ((TSJ^2 + TIJ^2)^1/2 + DJ) / 2 + PE
    Total System Jitter     (TSJ):    0.050ns
    Total Input Jitter      (TIJ):    0.000ns
    Discrete Jitter          (DJ):    0.000ns
    Phase Error              (PE):    0.000ns

    Location             Delay type                Incr(ns)  Path(ns)    Netlist Resource(s)
  -------------------------------------------------------------------    -------------------
    DSP48E2_X11Y15       DSP_A_B_DATA                 0.000     0.000 r  bd_0_i/hls_inst/inst/mul_16s_9s_24_1_1_U14/tmp_product/DSP_A_B_DATA_INST/B2_DATA[3]
                         net (fo=1, routed)           0.000     0.000    bd_0_i/hls_inst/inst/mul_16s_9s_24_1_1_U14/tmp_product/DSP_A_B_DATA.B2_DATA<3>
    DSP48E2_X11Y15       DSP_PREADD_DATA (Prop_DSP_PREADD_DATA_DSP48E2_B2_DATA[3]_B2B1[3])
                                                      0.097     0.097 r  bd_0_i/hls_inst/inst/mul_16s_9s_24_1_1_U14/tmp_product/DSP_PREADD_DATA_INST/B2B1[3]
                         net (fo=1, routed)           0.000     0.097    bd_0_i/hls_inst/inst/mul_16s_9s_24_1_1_U14/tmp_product/DSP_PREADD_DATA.B2B1<3>
    DSP48E2_X11Y15       DSP_MULTIPLIER (Prop_DSP_MULTIPLIER_DSP48E2_B2B1[3]_U[4])
                                                      0.773     0.870 f  bd_0_i/hls_inst/inst/mul_16s_9s_24_1_1_U14/tmp_product/DSP_MULTIPLIER_INST/U[4]
                         net (fo=1, routed)           0.000     0.870    bd_0_i/hls_inst/inst/mul_16s_9s_24_1_1_U14/tmp_product/DSP_MULTIPLIER.U<4>
    DSP48E2_X11Y15       DSP_M_DATA (Prop_DSP_M_DATA_DSP48E2_U[4]_U_DATA[4])
                                                      0.067     0.937 r  bd_0_i/hls_inst/inst/mul_16s_9s_24_1_1_U14/tmp_product/DSP_M_DATA_INST/U_DATA[4]
                         net (fo=1, routed)           0.000     0.937    bd_0_i/hls_inst/inst/mul_16s_9s_24_1_1_U14/tmp_product/DSP_M_DATA.U_DATA<4>
    DSP48E2_X11Y15       DSP_ALU (Prop_DSP_ALU_DSP48E2_U_DATA[4]_ALU_OUT[4])
                                                      0.727     1.664 f  bd_0_i/hls_inst/inst/mul_16s_9s_24_1_1_U14/tmp_product/DSP_ALU_INST/ALU_OUT[4]
                         net (fo=1, routed)           0.000     1.664    bd_0_i/hls_inst/inst/mul_16s_9s_24_1_1_U14/tmp_product/DSP_ALU.ALU_OUT<4>
    DSP48E2_X11Y15       DSP_OUTPUT (Prop_DSP_OUTPUT_DSP48E2_ALU_OUT[4]_P[4])
                                                      0.146     1.810 r  bd_0_i/hls_inst/inst/mul_16s_9s_24_1_1_U14/tmp_product/DSP_OUTPUT_INST/P[4]
                         net (fo=2, routed)           0.481     2.291    bd_0_i/hls_inst/inst/mul_16s_9s_24_1_1_U14/tmp_product_n_104
    SLICE_X39Y37         LUT2 (Prop_E6LUT_SLICEL_I0_O)
                                                      0.187     2.478 r  bd_0_i/hls_inst/inst/mul_16s_9s_24_1_1_U14/y2[7]_i_24/O
                         net (fo=1, routed)           0.011     2.489    bd_0_i/hls_inst/inst/mul_16s_9s_24_1_1_U14/y2[7]_i_24_n_3
    SLICE_X39Y37         CARRY8 (Prop_CARRY8_SLICEL_S[4]_CO[7])
                                                      0.232     2.721 r  bd_0_i/hls_inst/inst/mul_16s_9s_24_1_1_U14/y2_reg[7]_i_12/CO[7]
                         net (fo=1, routed)           0.030     2.751    bd_0_i/hls_inst/inst/mul_16s_9s_24_1_1_U14/y2_reg[7]_i_12_n_3
    SLICE_X39Y38         CARRY8 (Prop_CARRY8_SLICEL_CI_CO[7])
                                                      0.065     2.816 r  bd_0_i/hls_inst/inst/mul_16s_9s_24_1_1_U14/y2_reg[7]_i_2/CO[7]
                         net (fo=1, routed)           0.030     2.846    bd_0_i/hls_inst/inst/mul_16s_9s_24_1_1_U14/y2_reg[7]_i_2_n_3
    SLICE_X39Y39         CARRY8 (Prop_CARRY8_SLICEL_CI_CO[7])
                                                      0.065     2.911 r  bd_0_i/hls_inst/inst/mul_16s_9s_24_1_1_U14/y2_reg[7]_i_1/CO[7]
                         net (fo=1, routed)           0.030     2.941    bd_0_i/hls_inst/inst/H_filter_FIR_22_U/CO[0]
    SLICE_X39Y40         CARRY8 (Prop_CARRY8_SLICEL_CI_O[1])
                                                      0.114     3.055 r  bd_0_i/hls_inst/inst/H_filter_FIR_22_U/y2_reg[15]_i_1/O[1]
                         net (fo=2, routed)           0.508     3.563    bd_0_i/hls_inst/inst/H_filter_FIR_22_U/D[1]
    SLICE_X36Y41         LUT5 (Prop_B6LUT_SLICEL_I2_O)
                                                      0.188     3.751 r  bd_0_i/hls_inst/inst/H_filter_FIR_22_U/data_p2[15]_i_16/O
                         net (fo=1, routed)           0.013     3.764    bd_0_i/hls_inst/inst/regslice_both_input_r_U/data_p2_reg[15]_3[1]
    SLICE_X36Y41         CARRY8 (Prop_CARRY8_SLICEL_S[1]_O[2])
                                                      0.183     3.947 r  bd_0_i/hls_inst/inst/regslice_both_input_r_U/data_p2_reg[15]_i_2/O[2]
                         net (fo=2, routed)           0.149     4.096    bd_0_i/hls_inst/inst/regslice_both_output_r_U/data_p2_reg[15]_0[10]
    SLICE_X35Y41         LUT4 (Prop_H6LUT_SLICEM_I3_O)
                                                      0.060     4.156 r  bd_0_i/hls_inst/inst/regslice_both_output_r_U/data_p1[10]_i_1/O
                         net (fo=1, routed)           0.080     4.236    bd_0_i/hls_inst/inst/regslice_both_output_r_U/data_p1[10]_i_1_n_3
    SLICE_X35Y41         FDRE                                         r  bd_0_i/hls_inst/inst/regslice_both_output_r_U/data_p1_reg[10]/D
  -------------------------------------------------------------------    -------------------

                         (clock ap_clk rise edge)     0.000     0.000 r  
                                                      0.000     0.000 r  ap_clk (IN)
                         net (fo=1195, unset)         0.031     0.031    bd_0_i/hls_inst/inst/regslice_both_output_r_U/ap_clk
    SLICE_X35Y41         FDRE                                         r  bd_0_i/hls_inst/inst/regslice_both_output_r_U/data_p1_reg[10]/C

Slack:                    inf
  Source:                 bd_0_i/hls_inst/inst/mul_16s_9s_24_1_1_U14/tmp_product/DSP_A_B_DATA_INST/B2_DATA[3]
                            (internal pin)
  Destination:            bd_0_i/hls_inst/inst/regslice_both_output_r_U/data_p1_reg[9]/D
                            (rising edge-triggered cell FDRE clocked by ap_clk  {rise@0.000ns fall@5.000ns period=10.000ns})
  Path Group:             (none)
  Path Type:              Setup (Max at Slow Process Corner)
  Data Path Delay:        4.207ns  (logic 3.143ns (74.709%)  route 1.064ns (25.291%))
  Logic Levels:           13  (CARRY8=5 DSP_ALU=1 DSP_M_DATA=1 DSP_MULTIPLIER=1 DSP_OUTPUT=1 DSP_PREADD_DATA=1 LUT2=1 LUT4=1 LUT5=1)
  Clock Uncertainty:      0.025ns  ((TSJ^2 + TIJ^2)^1/2 + DJ) / 2 + PE
    Total System Jitter     (TSJ):    0.050ns
    Total Input Jitter      (TIJ):    0.000ns
    Discrete Jitter          (DJ):    0.000ns
    Phase Error              (PE):    0.000ns

    Location             Delay type                Incr(ns)  Path(ns)    Netlist Resource(s)
  -------------------------------------------------------------------    -------------------
    DSP48E2_X11Y15       DSP_A_B_DATA                 0.000     0.000 r  bd_0_i/hls_inst/inst/mul_16s_9s_24_1_1_U14/tmp_product/DSP_A_B_DATA_INST/B2_DATA[3]
                         net (fo=1, routed)           0.000     0.000    bd_0_i/hls_inst/inst/mul_16s_9s_24_1_1_U14/tmp_product/DSP_A_B_DATA.B2_DATA<3>
    DSP48E2_X11Y15       DSP_PREADD_DATA (Prop_DSP_PREADD_DATA_DSP48E2_B2_DATA[3]_B2B1[3])
                                                      0.097     0.097 r  bd_0_i/hls_inst/inst/mul_16s_9s_24_1_1_U14/tmp_product/DSP_PREADD_DATA_INST/B2B1[3]
                         net (fo=1, routed)           0.000     0.097    bd_0_i/hls_inst/inst/mul_16s_9s_24_1_1_U14/tmp_product/DSP_PREADD_DATA.B2B1<3>
    DSP48E2_X11Y15       DSP_MULTIPLIER (Prop_DSP_MULTIPLIER_DSP48E2_B2B1[3]_U[4])
                                                      0.773     0.870 f  bd_0_i/hls_inst/inst/mul_16s_9s_24_1_1_U14/tmp_product/DSP_MULTIPLIER_INST/U[4]
                         net (fo=1, routed)           0.000     0.870    bd_0_i/hls_inst/inst/mul_16s_9s_24_1_1_U14/tmp_product/DSP_MULTIPLIER.U<4>
    DSP48E2_X11Y15       DSP_M_DATA (Prop_DSP_M_DATA_DSP48E2_U[4]_U_DATA[4])
                                                      0.067     0.937 r  bd_0_i/hls_inst/inst/mul_16s_9s_24_1_1_U14/tmp_product/DSP_M_DATA_INST/U_DATA[4]
                         net (fo=1, routed)           0.000     0.937    bd_0_i/hls_inst/inst/mul_16s_9s_24_1_1_U14/tmp_product/DSP_M_DATA.U_DATA<4>
    DSP48E2_X11Y15       DSP_ALU (Prop_DSP_ALU_DSP48E2_U_DATA[4]_ALU_OUT[4])
                                                      0.727     1.664 f  bd_0_i/hls_inst/inst/mul_16s_9s_24_1_1_U14/tmp_product/DSP_ALU_INST/ALU_OUT[4]
                         net (fo=1, routed)           0.000     1.664    bd_0_i/hls_inst/inst/mul_16s_9s_24_1_1_U14/tmp_product/DSP_ALU.ALU_OUT<4>
    DSP48E2_X11Y15       DSP_OUTPUT (Prop_DSP_OUTPUT_DSP48E2_ALU_OUT[4]_P[4])
                                                      0.146     1.810 r  bd_0_i/hls_inst/inst/mul_16s_9s_24_1_1_U14/tmp_product/DSP_OUTPUT_INST/P[4]
                         net (fo=2, routed)           0.481     2.291    bd_0_i/hls_inst/inst/mul_16s_9s_24_1_1_U14/tmp_product_n_104
    SLICE_X39Y37         LUT2 (Prop_E6LUT_SLICEL_I0_O)
                                                      0.187     2.478 r  bd_0_i/hls_inst/inst/mul_16s_9s_24_1_1_U14/y2[7]_i_24/O
                         net (fo=1, routed)           0.011     2.489    bd_0_i/hls_inst/inst/mul_16s_9s_24_1_1_U14/y2[7]_i_24_n_3
    SLICE_X39Y37         CARRY8 (Prop_CARRY8_SLICEL_S[4]_CO[7])
                                                      0.232     2.721 r  bd_0_i/hls_inst/inst/mul_16s_9s_24_1_1_U14/y2_reg[7]_i_12/CO[7]
                         net (fo=1, routed)           0.030     2.751    bd_0_i/hls_inst/inst/mul_16s_9s_24_1_1_U14/y2_reg[7]_i_12_n_3
    SLICE_X39Y38         CARRY8 (Prop_CARRY8_SLICEL_CI_CO[7])
                                                      0.065     2.816 r  bd_0_i/hls_inst/inst/mul_16s_9s_24_1_1_U14/y2_reg[7]_i_2/CO[7]
                         net (fo=1, routed)           0.030     2.846    bd_0_i/hls_inst/inst/mul_16s_9s_24_1_1_U14/y2_reg[7]_i_2_n_3
    SLICE_X39Y39         CARRY8 (Prop_CARRY8_SLICEL_CI_O[1])
                                                      0.114     2.960 r  bd_0_i/hls_inst/inst/mul_16s_9s_24_1_1_U14/y2_reg[7]_i_1/O[1]
                         net (fo=2, routed)           0.256     3.216    bd_0_i/hls_inst/inst/mul_16s_9s_24_1_1_U14/D[1]
    SLICE_X36Y40         LUT5 (Prop_B6LUT_SLICEL_I2_O)
                                                      0.224     3.440 r  bd_0_i/hls_inst/inst/mul_16s_9s_24_1_1_U14/data_p2[7]_i_16/O
                         net (fo=1, routed)           0.013     3.453    bd_0_i/hls_inst/inst/regslice_both_input_r_U/S[1]
    SLICE_X36Y40         CARRY8 (Prop_CARRY8_SLICEL_S[1]_CO[7])
                                                      0.261     3.714 r  bd_0_i/hls_inst/inst/regslice_both_input_r_U/data_p2_reg[7]_i_1/CO[7]
                         net (fo=1, routed)           0.030     3.744    bd_0_i/hls_inst/inst/regslice_both_input_r_U/data_p2_reg[7]_i_1_n_3
    SLICE_X36Y41         CARRY8 (Prop_CARRY8_SLICEL_CI_O[1])
                                                      0.114     3.858 r  bd_0_i/hls_inst/inst/regslice_both_input_r_U/data_p2_reg[15]_i_2/O[1]
                         net (fo=2, routed)           0.146     4.004    bd_0_i/hls_inst/inst/regslice_both_output_r_U/data_p2_reg[15]_0[9]
    SLICE_X36Y42         LUT4 (Prop_D6LUT_SLICEL_I3_O)
                                                      0.136     4.140 r  bd_0_i/hls_inst/inst/regslice_both_output_r_U/data_p1[9]_i_1/O
                         net (fo=1, routed)           0.067     4.207    bd_0_i/hls_inst/inst/regslice_both_output_r_U/data_p1[9]_i_1_n_3
    SLICE_X36Y42         FDRE                                         r  bd_0_i/hls_inst/inst/regslice_both_output_r_U/data_p1_reg[9]/D
  -------------------------------------------------------------------    -------------------

                         (clock ap_clk rise edge)     0.000     0.000 r  
                                                      0.000     0.000 r  ap_clk (IN)
                         net (fo=1195, unset)         0.029     0.029    bd_0_i/hls_inst/inst/regslice_both_output_r_U/ap_clk
    SLICE_X36Y42         FDRE                                         r  bd_0_i/hls_inst/inst/regslice_both_output_r_U/data_p1_reg[9]/C

Slack:                    inf
  Source:                 bd_0_i/hls_inst/inst/mul_16s_9s_24_1_1_U14/tmp_product/DSP_A_B_DATA_INST/B2_DATA[3]
                            (internal pin)
  Destination:            bd_0_i/hls_inst/inst/regslice_both_output_r_U/data_p1_reg[6]/D
                            (rising edge-triggered cell FDRE clocked by ap_clk  {rise@0.000ns fall@5.000ns period=10.000ns})
  Path Group:             (none)
  Path Type:              Setup (Max at Slow Process Corner)
  Data Path Delay:        4.139ns  (logic 3.099ns (74.873%)  route 1.040ns (25.127%))
  Logic Levels:           12  (CARRY8=4 DSP_ALU=1 DSP_M_DATA=1 DSP_MULTIPLIER=1 DSP_OUTPUT=1 DSP_PREADD_DATA=1 LUT2=1 LUT4=1 LUT5=1)
  Clock Uncertainty:      0.025ns  ((TSJ^2 + TIJ^2)^1/2 + DJ) / 2 + PE
    Total System Jitter     (TSJ):    0.050ns
    Total Input Jitter      (TIJ):    0.000ns
    Discrete Jitter          (DJ):    0.000ns
    Phase Error              (PE):    0.000ns

    Location             Delay type                Incr(ns)  Path(ns)    Netlist Resource(s)
  -------------------------------------------------------------------    -------------------
    DSP48E2_X11Y15       DSP_A_B_DATA                 0.000     0.000 r  bd_0_i/hls_inst/inst/mul_16s_9s_24_1_1_U14/tmp_product/DSP_A_B_DATA_INST/B2_DATA[3]
                         net (fo=1, routed)           0.000     0.000    bd_0_i/hls_inst/inst/mul_16s_9s_24_1_1_U14/tmp_product/DSP_A_B_DATA.B2_DATA<3>
    DSP48E2_X11Y15       DSP_PREADD_DATA (Prop_DSP_PREADD_DATA_DSP48E2_B2_DATA[3]_B2B1[3])
                                                      0.097     0.097 r  bd_0_i/hls_inst/inst/mul_16s_9s_24_1_1_U14/tmp_product/DSP_PREADD_DATA_INST/B2B1[3]
                         net (fo=1, routed)           0.000     0.097    bd_0_i/hls_inst/inst/mul_16s_9s_24_1_1_U14/tmp_product/DSP_PREADD_DATA.B2B1<3>
    DSP48E2_X11Y15       DSP_MULTIPLIER (Prop_DSP_MULTIPLIER_DSP48E2_B2B1[3]_U[4])
                                                      0.773     0.870 f  bd_0_i/hls_inst/inst/mul_16s_9s_24_1_1_U14/tmp_product/DSP_MULTIPLIER_INST/U[4]
                         net (fo=1, routed)           0.000     0.870    bd_0_i/hls_inst/inst/mul_16s_9s_24_1_1_U14/tmp_product/DSP_MULTIPLIER.U<4>
    DSP48E2_X11Y15       DSP_M_DATA (Prop_DSP_M_DATA_DSP48E2_U[4]_U_DATA[4])
                                                      0.067     0.937 r  bd_0_i/hls_inst/inst/mul_16s_9s_24_1_1_U14/tmp_product/DSP_M_DATA_INST/U_DATA[4]
                         net (fo=1, routed)           0.000     0.937    bd_0_i/hls_inst/inst/mul_16s_9s_24_1_1_U14/tmp_product/DSP_M_DATA.U_DATA<4>
    DSP48E2_X11Y15       DSP_ALU (Prop_DSP_ALU_DSP48E2_U_DATA[4]_ALU_OUT[4])
                                                      0.727     1.664 f  bd_0_i/hls_inst/inst/mul_16s_9s_24_1_1_U14/tmp_product/DSP_ALU_INST/ALU_OUT[4]
                         net (fo=1, routed)           0.000     1.664    bd_0_i/hls_inst/inst/mul_16s_9s_24_1_1_U14/tmp_product/DSP_ALU.ALU_OUT<4>
    DSP48E2_X11Y15       DSP_OUTPUT (Prop_DSP_OUTPUT_DSP48E2_ALU_OUT[4]_P[4])
                                                      0.146     1.810 r  bd_0_i/hls_inst/inst/mul_16s_9s_24_1_1_U14/tmp_product/DSP_OUTPUT_INST/P[4]
                         net (fo=2, routed)           0.481     2.291    bd_0_i/hls_inst/inst/mul_16s_9s_24_1_1_U14/tmp_product_n_104
    SLICE_X39Y37         LUT2 (Prop_E6LUT_SLICEL_I0_O)
                                                      0.187     2.478 r  bd_0_i/hls_inst/inst/mul_16s_9s_24_1_1_U14/y2[7]_i_24/O
                         net (fo=1, routed)           0.011     2.489    bd_0_i/hls_inst/inst/mul_16s_9s_24_1_1_U14/y2[7]_i_24_n_3
    SLICE_X39Y37         CARRY8 (Prop_CARRY8_SLICEL_S[4]_CO[7])
                                                      0.232     2.721 r  bd_0_i/hls_inst/inst/mul_16s_9s_24_1_1_U14/y2_reg[7]_i_12/CO[7]
                         net (fo=1, routed)           0.030     2.751    bd_0_i/hls_inst/inst/mul_16s_9s_24_1_1_U14/y2_reg[7]_i_12_n_3
    SLICE_X39Y38         CARRY8 (Prop_CARRY8_SLICEL_CI_CO[7])
                                                      0.065     2.816 r  bd_0_i/hls_inst/inst/mul_16s_9s_24_1_1_U14/y2_reg[7]_i_2/CO[7]
                         net (fo=1, routed)           0.030     2.846    bd_0_i/hls_inst/inst/mul_16s_9s_24_1_1_U14/y2_reg[7]_i_2_n_3
    SLICE_X39Y39         CARRY8 (Prop_CARRY8_SLICEL_CI_O[1])
                                                      0.114     2.960 r  bd_0_i/hls_inst/inst/mul_16s_9s_24_1_1_U14/y2_reg[7]_i_1/O[1]
                         net (fo=2, routed)           0.256     3.216    bd_0_i/hls_inst/inst/mul_16s_9s_24_1_1_U14/D[1]
    SLICE_X36Y40         LUT5 (Prop_B6LUT_SLICEL_I2_O)
                                                      0.224     3.440 r  bd_0_i/hls_inst/inst/mul_16s_9s_24_1_1_U14/data_p2[7]_i_16/O
                         net (fo=1, routed)           0.013     3.453    bd_0_i/hls_inst/inst/regslice_both_input_r_U/S[1]
    SLICE_X36Y40         CARRY8 (Prop_CARRY8_SLICEL_S[1]_O[6])
                                                      0.314     3.767 r  bd_0_i/hls_inst/inst/regslice_both_input_r_U/data_p2_reg[7]_i_1/O[6]
                         net (fo=2, routed)           0.149     3.916    bd_0_i/hls_inst/inst/regslice_both_output_r_U/data_p2_reg[15]_0[6]
    SLICE_X36Y39         LUT4 (Prop_H6LUT_SLICEL_I3_O)
                                                      0.153     4.069 r  bd_0_i/hls_inst/inst/regslice_both_output_r_U/data_p1[6]_i_1/O
                         net (fo=1, routed)           0.070     4.139    bd_0_i/hls_inst/inst/regslice_both_output_r_U/data_p1[6]_i_1_n_3
    SLICE_X36Y39         FDRE                                         r  bd_0_i/hls_inst/inst/regslice_both_output_r_U/data_p1_reg[6]/D
  -------------------------------------------------------------------    -------------------

                         (clock ap_clk rise edge)     0.000     0.000 r  
                                                      0.000     0.000 r  ap_clk (IN)
                         net (fo=1195, unset)         0.029     0.029    bd_0_i/hls_inst/inst/regslice_both_output_r_U/ap_clk
    SLICE_X36Y39         FDRE                                         r  bd_0_i/hls_inst/inst/regslice_both_output_r_U/data_p1_reg[6]/C

Slack:                    inf
  Source:                 bd_0_i/hls_inst/inst/mul_16s_9s_24_1_1_U14/tmp_product/DSP_A_B_DATA_INST/B2_DATA[3]
                            (internal pin)
  Destination:            bd_0_i/hls_inst/inst/regslice_both_output_r_U/data_p1_reg[7]/D
                            (rising edge-triggered cell FDRE clocked by ap_clk  {rise@0.000ns fall@5.000ns period=10.000ns})
  Path Group:             (none)
  Path Type:              Setup (Max at Slow Process Corner)
  Data Path Delay:        4.136ns  (logic 3.049ns (73.719%)  route 1.087ns (26.281%))
  Logic Levels:           12  (CARRY8=4 DSP_ALU=1 DSP_M_DATA=1 DSP_MULTIPLIER=1 DSP_OUTPUT=1 DSP_PREADD_DATA=1 LUT2=1 LUT4=1 LUT5=1)
  Clock Uncertainty:      0.025ns  ((TSJ^2 + TIJ^2)^1/2 + DJ) / 2 + PE
    Total System Jitter     (TSJ):    0.050ns
    Total Input Jitter      (TIJ):    0.000ns
    Discrete Jitter          (DJ):    0.000ns
    Phase Error              (PE):    0.000ns

    Location             Delay type                Incr(ns)  Path(ns)    Netlist Resource(s)
  -------------------------------------------------------------------    -------------------
    DSP48E2_X11Y15       DSP_A_B_DATA                 0.000     0.000 r  bd_0_i/hls_inst/inst/mul_16s_9s_24_1_1_U14/tmp_product/DSP_A_B_DATA_INST/B2_DATA[3]
                         net (fo=1, routed)           0.000     0.000    bd_0_i/hls_inst/inst/mul_16s_9s_24_1_1_U14/tmp_product/DSP_A_B_DATA.B2_DATA<3>
    DSP48E2_X11Y15       DSP_PREADD_DATA (Prop_DSP_PREADD_DATA_DSP48E2_B2_DATA[3]_B2B1[3])
                                                      0.097     0.097 r  bd_0_i/hls_inst/inst/mul_16s_9s_24_1_1_U14/tmp_product/DSP_PREADD_DATA_INST/B2B1[3]
                         net (fo=1, routed)           0.000     0.097    bd_0_i/hls_inst/inst/mul_16s_9s_24_1_1_U14/tmp_product/DSP_PREADD_DATA.B2B1<3>
    DSP48E2_X11Y15       DSP_MULTIPLIER (Prop_DSP_MULTIPLIER_DSP48E2_B2B1[3]_U[4])
                                                      0.773     0.870 f  bd_0_i/hls_inst/inst/mul_16s_9s_24_1_1_U14/tmp_product/DSP_MULTIPLIER_INST/U[4]
                         net (fo=1, routed)           0.000     0.870    bd_0_i/hls_inst/inst/mul_16s_9s_24_1_1_U14/tmp_product/DSP_MULTIPLIER.U<4>
    DSP48E2_X11Y15       DSP_M_DATA (Prop_DSP_M_DATA_DSP48E2_U[4]_U_DATA[4])
                                                      0.067     0.937 r  bd_0_i/hls_inst/inst/mul_16s_9s_24_1_1_U14/tmp_product/DSP_M_DATA_INST/U_DATA[4]
                         net (fo=1, routed)           0.000     0.937    bd_0_i/hls_inst/inst/mul_16s_9s_24_1_1_U14/tmp_product/DSP_M_DATA.U_DATA<4>
    DSP48E2_X11Y15       DSP_ALU (Prop_DSP_ALU_DSP48E2_U_DATA[4]_ALU_OUT[4])
                                                      0.727     1.664 f  bd_0_i/hls_inst/inst/mul_16s_9s_24_1_1_U14/tmp_product/DSP_ALU_INST/ALU_OUT[4]
                         net (fo=1, routed)           0.000     1.664    bd_0_i/hls_inst/inst/mul_16s_9s_24_1_1_U14/tmp_product/DSP_ALU.ALU_OUT<4>
    DSP48E2_X11Y15       DSP_OUTPUT (Prop_DSP_OUTPUT_DSP48E2_ALU_OUT[4]_P[4])
                                                      0.146     1.810 r  bd_0_i/hls_inst/inst/mul_16s_9s_24_1_1_U14/tmp_product/DSP_OUTPUT_INST/P[4]
                         net (fo=2, routed)           0.481     2.291    bd_0_i/hls_inst/inst/mul_16s_9s_24_1_1_U14/tmp_product_n_104
    SLICE_X39Y37         LUT2 (Prop_E6LUT_SLICEL_I0_O)
                                                      0.187     2.478 r  bd_0_i/hls_inst/inst/mul_16s_9s_24_1_1_U14/y2[7]_i_24/O
                         net (fo=1, routed)           0.011     2.489    bd_0_i/hls_inst/inst/mul_16s_9s_24_1_1_U14/y2[7]_i_24_n_3
    SLICE_X39Y37         CARRY8 (Prop_CARRY8_SLICEL_S[4]_CO[7])
                                                      0.232     2.721 r  bd_0_i/hls_inst/inst/mul_16s_9s_24_1_1_U14/y2_reg[7]_i_12/CO[7]
                         net (fo=1, routed)           0.030     2.751    bd_0_i/hls_inst/inst/mul_16s_9s_24_1_1_U14/y2_reg[7]_i_12_n_3
    SLICE_X39Y38         CARRY8 (Prop_CARRY8_SLICEL_CI_CO[7])
                                                      0.065     2.816 r  bd_0_i/hls_inst/inst/mul_16s_9s_24_1_1_U14/y2_reg[7]_i_2/CO[7]
                         net (fo=1, routed)           0.030     2.846    bd_0_i/hls_inst/inst/mul_16s_9s_24_1_1_U14/y2_reg[7]_i_2_n_3
    SLICE_X39Y39         CARRY8 (Prop_CARRY8_SLICEL_CI_O[1])
                                                      0.114     2.960 r  bd_0_i/hls_inst/inst/mul_16s_9s_24_1_1_U14/y2_reg[7]_i_1/O[1]
                         net (fo=2, routed)           0.256     3.216    bd_0_i/hls_inst/inst/mul_16s_9s_24_1_1_U14/D[1]
    SLICE_X36Y40         LUT5 (Prop_B6LUT_SLICEL_I2_O)
                                                      0.224     3.440 r  bd_0_i/hls_inst/inst/mul_16s_9s_24_1_1_U14/data_p2[7]_i_16/O
                         net (fo=1, routed)           0.013     3.453    bd_0_i/hls_inst/inst/regslice_both_input_r_U/S[1]
    SLICE_X36Y40         CARRY8 (Prop_CARRY8_SLICEL_S[1]_O[7])
                                                      0.335     3.788 r  bd_0_i/hls_inst/inst/regslice_both_input_r_U/data_p2_reg[7]_i_1/O[7]
                         net (fo=2, routed)           0.200     3.988    bd_0_i/hls_inst/inst/regslice_both_output_r_U/data_p2_reg[15]_0[7]
    SLICE_X36Y39         LUT4 (Prop_G6LUT_SLICEL_I3_O)
                                                      0.082     4.070 r  bd_0_i/hls_inst/inst/regslice_both_output_r_U/data_p1[7]_i_1/O
                         net (fo=1, routed)           0.066     4.136    bd_0_i/hls_inst/inst/regslice_both_output_r_U/data_p1[7]_i_1_n_3
    SLICE_X36Y39         FDRE                                         r  bd_0_i/hls_inst/inst/regslice_both_output_r_U/data_p1_reg[7]/D
  -------------------------------------------------------------------    -------------------

                         (clock ap_clk rise edge)     0.000     0.000 r  
                                                      0.000     0.000 r  ap_clk (IN)
                         net (fo=1195, unset)         0.029     0.029    bd_0_i/hls_inst/inst/regslice_both_output_r_U/ap_clk
    SLICE_X36Y39         FDRE                                         r  bd_0_i/hls_inst/inst/regslice_both_output_r_U/data_p1_reg[7]/C





Min Delay Paths
--------------------------------------------------------------------------------------
Slack:                    inf
  Source:                 input_r_tdata[14]
                            (input port)
  Destination:            bd_0_i/hls_inst/inst/regslice_both_input_r_U/data_p2_reg[14]/D
                            (rising edge-triggered cell FDRE clocked by ap_clk  {rise@0.000ns fall@5.000ns period=10.000ns})
  Path Group:             (none)
  Path Type:              Hold (Min at Fast Process Corner)
  Data Path Delay:        0.008ns  (logic 0.000ns (0.000%)  route 0.008ns (100.000%))
  Logic Levels:           0  
  Clock Path Skew:        0.021ns (DCD - SCD - CPR)
    Destination Clock Delay (DCD):    0.021ns
    Source Clock Delay      (SCD):    0.000ns
    Clock Pessimism Removal (CPR):    -0.000ns

    Location             Delay type                Incr(ns)  Path(ns)    Netlist Resource(s)
  -------------------------------------------------------------------    -------------------
                                                      0.000     0.000 r  input_r_tdata[14] (IN)
                         net (fo=1, unset)            0.008     0.008    bd_0_i/hls_inst/inst/regslice_both_input_r_U/input_r_TDATA[14]
    SLICE_X43Y41         FDRE                                         r  bd_0_i/hls_inst/inst/regslice_both_input_r_U/data_p2_reg[14]/D
  -------------------------------------------------------------------    -------------------

                         (clock ap_clk rise edge)     0.000     0.000 r  
                                                      0.000     0.000 r  ap_clk (IN)
                         net (fo=1195, unset)         0.021     0.021    bd_0_i/hls_inst/inst/regslice_both_input_r_U/ap_clk
    SLICE_X43Y41         FDRE                                         r  bd_0_i/hls_inst/inst/regslice_both_input_r_U/data_p2_reg[14]/C

Slack:                    inf
  Source:                 input_r_tdata[5]
                            (input port)
  Destination:            bd_0_i/hls_inst/inst/regslice_both_input_r_U/data_p2_reg[5]/D
                            (rising edge-triggered cell FDRE clocked by ap_clk  {rise@0.000ns fall@5.000ns period=10.000ns})
  Path Group:             (none)
  Path Type:              Hold (Min at Fast Process Corner)
  Data Path Delay:        0.008ns  (logic 0.000ns (0.000%)  route 0.008ns (100.000%))
  Logic Levels:           0  
  Clock Path Skew:        0.020ns (DCD - SCD - CPR)
    Destination Clock Delay (DCD):    0.020ns
    Source Clock Delay      (SCD):    0.000ns
    Clock Pessimism Removal (CPR):    -0.000ns

    Location             Delay type                Incr(ns)  Path(ns)    Netlist Resource(s)
  -------------------------------------------------------------------    -------------------
                                                      0.000     0.000 r  input_r_tdata[5] (IN)
                         net (fo=1, unset)            0.008     0.008    bd_0_i/hls_inst/inst/regslice_both_input_r_U/input_r_TDATA[5]
    SLICE_X44Y37         FDRE                                         r  bd_0_i/hls_inst/inst/regslice_both_input_r_U/data_p2_reg[5]/D
  -------------------------------------------------------------------    -------------------

                         (clock ap_clk rise edge)     0.000     0.000 r  
                                                      0.000     0.000 r  ap_clk (IN)
                         net (fo=1195, unset)         0.020     0.020    bd_0_i/hls_inst/inst/regslice_both_input_r_U/ap_clk
    SLICE_X44Y37         FDRE                                         r  bd_0_i/hls_inst/inst/regslice_both_input_r_U/data_p2_reg[5]/C

Slack:                    inf
  Source:                 input_r_tdata[6]
                            (input port)
  Destination:            bd_0_i/hls_inst/inst/regslice_both_input_r_U/data_p2_reg[6]/D
                            (rising edge-triggered cell FDRE clocked by ap_clk  {rise@0.000ns fall@5.000ns period=10.000ns})
  Path Group:             (none)
  Path Type:              Hold (Min at Fast Process Corner)
  Data Path Delay:        0.008ns  (logic 0.000ns (0.000%)  route 0.008ns (100.000%))
  Logic Levels:           0  
  Clock Path Skew:        0.021ns (DCD - SCD - CPR)
    Destination Clock Delay (DCD):    0.021ns
    Source Clock Delay      (SCD):    0.000ns
    Clock Pessimism Removal (CPR):    -0.000ns

    Location             Delay type                Incr(ns)  Path(ns)    Netlist Resource(s)
  -------------------------------------------------------------------    -------------------
                                                      0.000     0.000 r  input_r_tdata[6] (IN)
                         net (fo=1, unset)            0.008     0.008    bd_0_i/hls_inst/inst/regslice_both_input_r_U/input_r_TDATA[6]
    SLICE_X43Y37         FDRE                                         r  bd_0_i/hls_inst/inst/regslice_both_input_r_U/data_p2_reg[6]/D
  -------------------------------------------------------------------    -------------------

                         (clock ap_clk rise edge)     0.000     0.000 r  
                                                      0.000     0.000 r  ap_clk (IN)
                         net (fo=1195, unset)         0.021     0.021    bd_0_i/hls_inst/inst/regslice_both_input_r_U/ap_clk
    SLICE_X43Y37         FDRE                                         r  bd_0_i/hls_inst/inst/regslice_both_input_r_U/data_p2_reg[6]/C

Slack:                    inf
  Source:                 input_r_tdata[0]
                            (input port)
  Destination:            bd_0_i/hls_inst/inst/regslice_both_input_r_U/data_p2_reg[0]/D
                            (rising edge-triggered cell FDRE clocked by ap_clk  {rise@0.000ns fall@5.000ns period=10.000ns})
  Path Group:             (none)
  Path Type:              Hold (Min at Fast Process Corner)
  Data Path Delay:        0.009ns  (logic 0.000ns (0.000%)  route 0.009ns (100.000%))
  Logic Levels:           0  
  Clock Path Skew:        0.019ns (DCD - SCD - CPR)
    Destination Clock Delay (DCD):    0.019ns
    Source Clock Delay      (SCD):    0.000ns
    Clock Pessimism Removal (CPR):    -0.000ns

    Location             Delay type                Incr(ns)  Path(ns)    Netlist Resource(s)
  -------------------------------------------------------------------    -------------------
                                                      0.000     0.000 r  input_r_tdata[0] (IN)
                         net (fo=1, unset)            0.009     0.009    bd_0_i/hls_inst/inst/regslice_both_input_r_U/input_r_TDATA[0]
    SLICE_X44Y37         FDRE                                         r  bd_0_i/hls_inst/inst/regslice_both_input_r_U/data_p2_reg[0]/D
  -------------------------------------------------------------------    -------------------

                         (clock ap_clk rise edge)     0.000     0.000 r  
                                                      0.000     0.000 r  ap_clk (IN)
                         net (fo=1195, unset)         0.019     0.019    bd_0_i/hls_inst/inst/regslice_both_input_r_U/ap_clk
    SLICE_X44Y37         FDRE                                         r  bd_0_i/hls_inst/inst/regslice_both_input_r_U/data_p2_reg[0]/C

Slack:                    inf
  Source:                 input_r_tdata[10]
                            (input port)
  Destination:            bd_0_i/hls_inst/inst/regslice_both_input_r_U/data_p2_reg[10]/D
                            (rising edge-triggered cell FDRE clocked by ap_clk  {rise@0.000ns fall@5.000ns period=10.000ns})
  Path Group:             (none)
  Path Type:              Hold (Min at Fast Process Corner)
  Data Path Delay:        0.009ns  (logic 0.000ns (0.000%)  route 0.009ns (100.000%))
  Logic Levels:           0  
  Clock Path Skew:        0.020ns (DCD - SCD - CPR)
    Destination Clock Delay (DCD):    0.020ns
    Source Clock Delay      (SCD):    0.000ns
    Clock Pessimism Removal (CPR):    -0.000ns

    Location             Delay type                Incr(ns)  Path(ns)    Netlist Resource(s)
  -------------------------------------------------------------------    -------------------
                                                      0.000     0.000 r  input_r_tdata[10] (IN)
                         net (fo=1, unset)            0.009     0.009    bd_0_i/hls_inst/inst/regslice_both_input_r_U/input_r_TDATA[10]
    SLICE_X44Y37         FDRE                                         r  bd_0_i/hls_inst/inst/regslice_both_input_r_U/data_p2_reg[10]/D
  -------------------------------------------------------------------    -------------------

                         (clock ap_clk rise edge)     0.000     0.000 r  
                                                      0.000     0.000 r  ap_clk (IN)
                         net (fo=1195, unset)         0.020     0.020    bd_0_i/hls_inst/inst/regslice_both_input_r_U/ap_clk
    SLICE_X44Y37         FDRE                                         r  bd_0_i/hls_inst/inst/regslice_both_input_r_U/data_p2_reg[10]/C

Slack:                    inf
  Source:                 input_r_tdata[12]
                            (input port)
  Destination:            bd_0_i/hls_inst/inst/regslice_both_input_r_U/data_p2_reg[12]/D
                            (rising edge-triggered cell FDRE clocked by ap_clk  {rise@0.000ns fall@5.000ns period=10.000ns})
  Path Group:             (none)
  Path Type:              Hold (Min at Fast Process Corner)
  Data Path Delay:        0.009ns  (logic 0.000ns (0.000%)  route 0.009ns (100.000%))
  Logic Levels:           0  
  Clock Path Skew:        0.020ns (DCD - SCD - CPR)
    Destination Clock Delay (DCD):    0.020ns
    Source Clock Delay      (SCD):    0.000ns
    Clock Pessimism Removal (CPR):    -0.000ns

    Location             Delay type                Incr(ns)  Path(ns)    Netlist Resource(s)
  -------------------------------------------------------------------    -------------------
                                                      0.000     0.000 r  input_r_tdata[12] (IN)
                         net (fo=1, unset)            0.009     0.009    bd_0_i/hls_inst/inst/regslice_both_input_r_U/input_r_TDATA[12]
    SLICE_X44Y37         FDRE                                         r  bd_0_i/hls_inst/inst/regslice_both_input_r_U/data_p2_reg[12]/D
  -------------------------------------------------------------------    -------------------

                         (clock ap_clk rise edge)     0.000     0.000 r  
                                                      0.000     0.000 r  ap_clk (IN)
                         net (fo=1195, unset)         0.020     0.020    bd_0_i/hls_inst/inst/regslice_both_input_r_U/ap_clk
    SLICE_X44Y37         FDRE                                         r  bd_0_i/hls_inst/inst/regslice_both_input_r_U/data_p2_reg[12]/C

Slack:                    inf
  Source:                 input_r_tdata[15]
                            (input port)
  Destination:            bd_0_i/hls_inst/inst/regslice_both_input_r_U/data_p2_reg[15]/D
                            (rising edge-triggered cell FDRE clocked by ap_clk  {rise@0.000ns fall@5.000ns period=10.000ns})
  Path Group:             (none)
  Path Type:              Hold (Min at Fast Process Corner)
  Data Path Delay:        0.009ns  (logic 0.000ns (0.000%)  route 0.009ns (100.000%))
  Logic Levels:           0  
  Clock Path Skew:        0.021ns (DCD - SCD - CPR)
    Destination Clock Delay (DCD):    0.021ns
    Source Clock Delay      (SCD):    0.000ns
    Clock Pessimism Removal (CPR):    -0.000ns

    Location             Delay type                Incr(ns)  Path(ns)    Netlist Resource(s)
  -------------------------------------------------------------------    -------------------
                                                      0.000     0.000 r  input_r_tdata[15] (IN)
                         net (fo=1, unset)            0.009     0.009    bd_0_i/hls_inst/inst/regslice_both_input_r_U/input_r_TDATA[15]
    SLICE_X43Y37         FDRE                                         r  bd_0_i/hls_inst/inst/regslice_both_input_r_U/data_p2_reg[15]/D
  -------------------------------------------------------------------    -------------------

                         (clock ap_clk rise edge)     0.000     0.000 r  
                                                      0.000     0.000 r  ap_clk (IN)
                         net (fo=1195, unset)         0.021     0.021    bd_0_i/hls_inst/inst/regslice_both_input_r_U/ap_clk
    SLICE_X43Y37         FDRE                                         r  bd_0_i/hls_inst/inst/regslice_both_input_r_U/data_p2_reg[15]/C

Slack:                    inf
  Source:                 input_r_tdata[2]
                            (input port)
  Destination:            bd_0_i/hls_inst/inst/regslice_both_input_r_U/data_p2_reg[2]/D
                            (rising edge-triggered cell FDRE clocked by ap_clk  {rise@0.000ns fall@5.000ns period=10.000ns})
  Path Group:             (none)
  Path Type:              Hold (Min at Fast Process Corner)
  Data Path Delay:        0.009ns  (logic 0.000ns (0.000%)  route 0.009ns (100.000%))
  Logic Levels:           0  
  Clock Path Skew:        0.019ns (DCD - SCD - CPR)
    Destination Clock Delay (DCD):    0.019ns
    Source Clock Delay      (SCD):    0.000ns
    Clock Pessimism Removal (CPR):    -0.000ns

    Location             Delay type                Incr(ns)  Path(ns)    Netlist Resource(s)
  -------------------------------------------------------------------    -------------------
                                                      0.000     0.000 r  input_r_tdata[2] (IN)
                         net (fo=1, unset)            0.009     0.009    bd_0_i/hls_inst/inst/regslice_both_input_r_U/input_r_TDATA[2]
    SLICE_X44Y37         FDRE                                         r  bd_0_i/hls_inst/inst/regslice_both_input_r_U/data_p2_reg[2]/D
  -------------------------------------------------------------------    -------------------

                         (clock ap_clk rise edge)     0.000     0.000 r  
                                                      0.000     0.000 r  ap_clk (IN)
                         net (fo=1195, unset)         0.019     0.019    bd_0_i/hls_inst/inst/regslice_both_input_r_U/ap_clk
    SLICE_X44Y37         FDRE                                         r  bd_0_i/hls_inst/inst/regslice_both_input_r_U/data_p2_reg[2]/C

Slack:                    inf
  Source:                 input_r_tdata[4]
                            (input port)
  Destination:            bd_0_i/hls_inst/inst/regslice_both_input_r_U/data_p2_reg[4]/D
                            (rising edge-triggered cell FDRE clocked by ap_clk  {rise@0.000ns fall@5.000ns period=10.000ns})
  Path Group:             (none)
  Path Type:              Hold (Min at Fast Process Corner)
  Data Path Delay:        0.009ns  (logic 0.000ns (0.000%)  route 0.009ns (100.000%))
  Logic Levels:           0  
  Clock Path Skew:        0.021ns (DCD - SCD - CPR)
    Destination Clock Delay (DCD):    0.021ns
    Source Clock Delay      (SCD):    0.000ns
    Clock Pessimism Removal (CPR):    -0.000ns

    Location             Delay type                Incr(ns)  Path(ns)    Netlist Resource(s)
  -------------------------------------------------------------------    -------------------
                                                      0.000     0.000 r  input_r_tdata[4] (IN)
                         net (fo=1, unset)            0.009     0.009    bd_0_i/hls_inst/inst/regslice_both_input_r_U/input_r_TDATA[4]
    SLICE_X43Y37         FDRE                                         r  bd_0_i/hls_inst/inst/regslice_both_input_r_U/data_p2_reg[4]/D
  -------------------------------------------------------------------    -------------------

                         (clock ap_clk rise edge)     0.000     0.000 r  
                                                      0.000     0.000 r  ap_clk (IN)
                         net (fo=1195, unset)         0.021     0.021    bd_0_i/hls_inst/inst/regslice_both_input_r_U/ap_clk
    SLICE_X43Y37         FDRE                                         r  bd_0_i/hls_inst/inst/regslice_both_input_r_U/data_p2_reg[4]/C

Slack:                    inf
  Source:                 input_r_tdata[7]
                            (input port)
  Destination:            bd_0_i/hls_inst/inst/regslice_both_input_r_U/data_p2_reg[7]/D
                            (rising edge-triggered cell FDRE clocked by ap_clk  {rise@0.000ns fall@5.000ns period=10.000ns})
  Path Group:             (none)
  Path Type:              Hold (Min at Fast Process Corner)
  Data Path Delay:        0.009ns  (logic 0.000ns (0.000%)  route 0.009ns (100.000%))
  Logic Levels:           0  
  Clock Path Skew:        0.021ns (DCD - SCD - CPR)
    Destination Clock Delay (DCD):    0.021ns
    Source Clock Delay      (SCD):    0.000ns
    Clock Pessimism Removal (CPR):    -0.000ns

    Location             Delay type                Incr(ns)  Path(ns)    Netlist Resource(s)
  -------------------------------------------------------------------    -------------------
                                                      0.000     0.000 r  input_r_tdata[7] (IN)
                         net (fo=1, unset)            0.009     0.009    bd_0_i/hls_inst/inst/regslice_both_input_r_U/input_r_TDATA[7]
    SLICE_X43Y37         FDRE                                         r  bd_0_i/hls_inst/inst/regslice_both_input_r_U/data_p2_reg[7]/D
  -------------------------------------------------------------------    -------------------

                         (clock ap_clk rise edge)     0.000     0.000 r  
                                                      0.000     0.000 r  ap_clk (IN)
                         net (fo=1195, unset)         0.021     0.021    bd_0_i/hls_inst/inst/regslice_both_input_r_U/ap_clk
    SLICE_X43Y37         FDRE                                         r  bd_0_i/hls_inst/inst/regslice_both_input_r_U/data_p2_reg[7]/C





