

================================================================
== Vitis HLS Report for 'FIR_Halfband_v2'
================================================================
* Date:           Sun Nov 23 23:51:45 2025

* Version:        2024.2 (Build 5238294 on Nov  8 2024)
* Project:        FIR_Halfband_v2
* Solution:       hls (Vivado IP Flow Target)
* Product family: zynquplus
* Target device:  xck26-sfvc784-2LV-c


================================================================
== Performance Estimates
================================================================
+ Timing: 
    * Summary: 
    +--------+----------+----------+------------+
    |  Clock |  Target  | Estimated| Uncertainty|
    +--------+----------+----------+------------+
    |ap_clk  |  10.00 ns|  6.736 ns|     2.70 ns|
    +--------+----------+----------+------------+

+ Latency: 
    * Summary: 
    +---------+---------+-----------+-----------+-----+-----+---------+
    |  Latency (cycles) |   Latency (absolute)  |  Interval | Pipeline|
    |   min   |   max   |    min    |    max    | min | max |   Type  |
    +---------+---------+-----------+-----------+-----+-----+---------+
    |        3|        7|  30.000 ns|  70.000 ns|    4|    8|       no|
    +---------+---------+-----------+-----------+-----+-----+---------+

    + Detail: 
        * Instance: 
        +----------------------------------+-----------------------+---------+---------+-----------+-----------+-----+-----+---------+
        |                                  |                       |  Latency (cycles) |   Latency (absolute)  |  Interval | Pipeline|
        |             Instance             |         Module        |   min   |   max   |    min    |    max    | min | max |   Type  |
        +----------------------------------+-----------------------+---------+---------+-----------+-----------+-----+-----+---------+
        |grp_FIR_filter_fu_411             |FIR_filter             |        5|        5|  50.000 ns|  50.000 ns|    1|    1|      yes|
        |grp_FIR_filter_fu_421             |FIR_filter             |        5|        5|  50.000 ns|  50.000 ns|    1|    1|      yes|
        |grp_FIR_filter_1_fu_431           |FIR_filter_1           |        4|        4|  40.000 ns|  40.000 ns|    1|    1|      yes|
        |grp_FIR_filter_1_fu_440           |FIR_filter_1           |        4|        4|  40.000 ns|  40.000 ns|    1|    1|      yes|
        |p_2_FIR_filter_transposed_fu_448  |FIR_filter_transposed  |        0|        0|       0 ns|       0 ns|    1|    1|      yes|
        +----------------------------------+-----------------------+---------+---------+-----------+-----------+-----+-----+---------+

        * Loop: 
        N/A

============================================================
+ Verbose Summary: Synthesis Manager
============================================================
InlineROM: 1
ExposeGlobal: 0
============================================================
+ Verbose Summary: CDFG Model
============================================================
IsTopModel: 1
ResetActiveHigh: 1
IsCombinational: 0
IsDatapathOnly: 0
HasWiredReturn: 1
HasMFsm: 0
HasVarLatency: 1
IsPipeline: 0
IsRtlPipelined: 0
IsInstanceOverlapped: 0
IsDontTouch: 0
HasImplIP: 0
IsGatedGlobalClock: 0


============================================================
+ Verbose Summary: Schedule
============================================================
* Number of FSM states : 15
* Pipeline : 0
* Dataflow Pipeline: 0

* FSM state transitions: 
1 --> 10 2 3 
2 --> 8 
3 --> 4 
4 --> 5 
5 --> 6 
6 --> 7 
7 --> 8 
8 --> 9 
9 --> 
10 --> 11 
11 --> 12 
12 --> 13 
13 --> 14 
14 --> 15 
15 --> 9 

* FSM state operations: 

State 1 <SV = 0> <Delay = 6.73>
ST_1 : Operation 16 [1/1] (0.00ns)   --->   "%spectopmodule_ln20 = spectopmodule void @_ssdm_op_SpecTopModule, void @empty_0" [FIR_HLS.cpp:20]   --->   Operation 16 'spectopmodule' 'spectopmodule_ln20' <Predicate = true> <Delay = 0.00>
ST_1 : Operation 17 [1/1] (0.00ns)   --->   "%specinterface_ln20 = specinterface void @_ssdm_op_SpecInterface, i32 0, void @empty, i32 0, i32 0, void @empty_1, i32 0, i32 0, void @empty_1, void @empty_1, void @empty_1, i32 0, i32 0, i32 0, i32 0, void @empty_1, void @empty_1, i32 4294967295, i32 0, i32 0" [FIR_HLS.cpp:20]   --->   Operation 17 'specinterface' 'specinterface_ln20' <Predicate = true> <Delay = 0.00>
ST_1 : Operation 18 [1/1] (0.00ns)   --->   "%specinterface_ln0 = specinterface void @_ssdm_op_SpecInterface, i16 %input_r, void @empty_2, i32 1, i32 1, void @empty_3, i32 0, i32 0, void @empty_1, void @empty_1, void @empty_1, i32 0, i32 0, i32 0, i32 0, void @empty_1, void @empty_1, i32 4294967295, i32 0, i32 0"   --->   Operation 18 'specinterface' 'specinterface_ln0' <Predicate = true> <Delay = 0.00>
ST_1 : Operation 19 [1/1] (0.00ns)   --->   "%specbitsmap_ln0 = specbitsmap void @_ssdm_op_SpecBitsMap, i16 %input_r"   --->   Operation 19 'specbitsmap' 'specbitsmap_ln0' <Predicate = true> <Delay = 0.00>
ST_1 : Operation 20 [1/1] (0.00ns)   --->   "%specinterface_ln0 = specinterface void @_ssdm_op_SpecInterface, i16 %output_r, void @empty_2, i32 1, i32 1, void @empty_3, i32 0, i32 0, void @empty_1, void @empty_1, void @empty_1, i32 0, i32 0, i32 0, i32 0, void @empty_1, void @empty_1, i32 4294967295, i32 0, i32 0"   --->   Operation 20 'specinterface' 'specinterface_ln0' <Predicate = true> <Delay = 0.00>
ST_1 : Operation 21 [1/1] (0.00ns)   --->   "%specbitsmap_ln0 = specbitsmap void @_ssdm_op_SpecBitsMap, i16 %output_r"   --->   Operation 21 'specbitsmap' 'specbitsmap_ln0' <Predicate = true> <Delay = 0.00>
ST_1 : Operation 22 [1/1] (0.00ns)   --->   "%mod_value1_load = load i1 %mod_value1" [FIR_HLS.cpp:26]   --->   Operation 22 'load' 'mod_value1_load' <Predicate = true> <Delay = 0.00>
ST_1 : Operation 23 [1/1] (0.07ns)   --->   "%input_r_read = read i16 @_ssdm_op_Read.axis.volatile.i16P128A, i16 %input_r" [FIR_HLS.cpp:51]   --->   Operation 23 'read' 'input_r_read' <Predicate = true> <Delay = 0.07> <CoreInst = "regslice">   --->   Core 147 'regslice' <Latency = 0> <II = 1> <Delay = 0.59> <Adapter> <Opcode : 'read' 'write'>
ST_1 : Operation 24 [1/1] (0.00ns)   --->   "%br_ln26 = br i1 %mod_value1_load, void %if.then, void %if.else23" [FIR_HLS.cpp:26]   --->   Operation 24 'br' 'br_ln26' <Predicate = true> <Delay = 0.00>
ST_1 : Operation 25 [1/1] (0.71ns)   --->   "%p_s = memshiftread i16 @_ssdm_op_MemShiftRead.[2 x i16]P0A, i16 1, i16 %input_r_read, i1 1" [FIR_HLS.cpp:28]   --->   Operation 25 'memshiftread' 'p_s' <Predicate = (!mod_value1_load)> <Delay = 0.71> <CoreInst = "ShiftReg">   --->   Core 76 'ShiftReg' <Latency = 0> <II = 1> <Delay = 0.71> <Storage> <Opcode : 'load' 'memshiftread'> <Ports = 1> <Width = 16> <Depth = 2> <ShiftMem>
ST_1 : Operation 26 [1/1] (0.00ns)   --->   "%sext_ln29 = sext i16 %p_s" [FIR_HLS.cpp:29]   --->   Operation 26 'sext' 'sext_ln29' <Predicate = (!mod_value1_load)> <Delay = 0.00>
ST_1 : Operation 27 [1/1] (0.00ns) (grouped into LUT with out node add_ln29)   --->   "%tmp = bitselect i1 @_ssdm_op_BitSelect.i1.i16.i32, i16 %p_s, i32 15" [FIR_HLS.cpp:29]   --->   Operation 27 'bitselect' 'tmp' <Predicate = (!mod_value1_load)> <Delay = 0.00>
ST_1 : Operation 28 [1/1] (0.85ns)   --->   "%sub_ln29 = sub i17 0, i17 %sext_ln29" [FIR_HLS.cpp:29]   --->   Operation 28 'sub' 'sub_ln29' <Predicate = (!mod_value1_load)> <Delay = 0.85> <CoreInst = "Adder">   --->   Core 1 'Adder' <Latency = 0> <II = 1> <Delay = 0.85> <FuncUnit> <Opcode : 'add' 'sub'> <InPorts = 2> <OutPorts = 1>
ST_1 : Operation 29 [1/1] (0.00ns)   --->   "%trunc_ln29_1_cast = partselect i15 @_ssdm_op_PartSelect.i15.i17.i32.i32, i17 %sub_ln29, i32 1, i32 15" [FIR_HLS.cpp:29]   --->   Operation 29 'partselect' 'trunc_ln29_1_cast' <Predicate = (!mod_value1_load)> <Delay = 0.00>
ST_1 : Operation 30 [1/1] (0.00ns) (grouped into LUT with out node add_ln29)   --->   "%trunc_ln29_2 = partselect i15 @_ssdm_op_PartSelect.i15.i16.i32.i32, i16 %p_s, i32 1, i32 15" [FIR_HLS.cpp:29]   --->   Operation 30 'partselect' 'trunc_ln29_2' <Predicate = (!mod_value1_load)> <Delay = 0.00>
ST_1 : Operation 31 [1/1] (0.84ns)   --->   "%sub_ln29_1 = sub i15 0, i15 %trunc_ln29_1_cast" [FIR_HLS.cpp:29]   --->   Operation 31 'sub' 'sub_ln29_1' <Predicate = (!mod_value1_load)> <Delay = 0.84> <CoreInst = "Adder">   --->   Core 1 'Adder' <Latency = 0> <II = 1> <Delay = 0.84> <FuncUnit> <Opcode : 'add' 'sub'> <InPorts = 2> <OutPorts = 1>
ST_1 : Operation 32 [1/1] (0.00ns) (grouped into LUT with out node add_ln29)   --->   "%select_ln29 = select i1 %tmp, i15 %sub_ln29_1, i15 %trunc_ln29_2" [FIR_HLS.cpp:29]   --->   Operation 32 'select' 'select_ln29' <Predicate = (!mod_value1_load)> <Delay = 0.00> <CoreInst = "Sel">   --->   Core 73 'Sel' <Latency = 0> <II = 1> <Delay = 0.29> <FuncUnit> <Opcode : 'select'> <InPorts = 3> <OutPorts = 1>
ST_1 : Operation 33 [1/1] (0.00ns) (grouped into LUT with out node add_ln29)   --->   "%sext_ln29_1 = sext i15 %select_ln29" [FIR_HLS.cpp:29]   --->   Operation 33 'sext' 'sext_ln29_1' <Predicate = (!mod_value1_load)> <Delay = 0.00>
ST_1 : Operation 34 [1/1] (0.00ns)   --->   "%y1_phase1_load = load i16 %y1_phase1" [FIR_HLS.cpp:29]   --->   Operation 34 'load' 'y1_phase1_load' <Predicate = (!mod_value1_load)> <Delay = 0.00>
ST_1 : Operation 35 [1/1] (0.85ns) (out node of the LUT)   --->   "%add_ln29 = add i16 %y1_phase1_load, i16 %sext_ln29_1" [FIR_HLS.cpp:29]   --->   Operation 35 'add' 'add_ln29' <Predicate = (!mod_value1_load)> <Delay = 0.85> <CoreInst = "Adder">   --->   Core 1 'Adder' <Latency = 0> <II = 1> <Delay = 0.85> <FuncUnit> <Opcode : 'add' 'sub'> <InPorts = 2> <OutPorts = 1>
ST_1 : Operation 36 [1/1] (0.00ns)   --->   "%mod_value2_load = load i1 %mod_value2" [FIR_HLS.cpp:31]   --->   Operation 36 'load' 'mod_value2_load' <Predicate = (!mod_value1_load)> <Delay = 0.00>
ST_1 : Operation 37 [1/1] (0.00ns)   --->   "%br_ln31 = br i1 %mod_value2_load, void %if.then5, void %if.else" [FIR_HLS.cpp:31]   --->   Operation 37 'br' 'br_ln31' <Predicate = (!mod_value1_load)> <Delay = 0.00>
ST_1 : Operation 38 [1/1] (0.71ns)   --->   "%p_1 = memshiftread i16 @_ssdm_op_MemShiftRead.[3 x i16]P0A, i16 2, i16 %add_ln29, i1 1" [FIR_HLS.cpp:34]   --->   Operation 38 'memshiftread' 'p_1' <Predicate = (!mod_value1_load & !mod_value2_load)> <Delay = 0.71> <CoreInst = "ShiftReg">   --->   Core 76 'ShiftReg' <Latency = 0> <II = 1> <Delay = 0.71> <Storage> <Opcode : 'load' 'memshiftread'> <Ports = 1> <Width = 16> <Depth = 3> <ShiftMem>
ST_1 : Operation 39 [1/1] (0.00ns)   --->   "%sext_ln35 = sext i16 %p_1" [FIR_HLS.cpp:35]   --->   Operation 39 'sext' 'sext_ln35' <Predicate = (!mod_value1_load & !mod_value2_load)> <Delay = 0.00>
ST_1 : Operation 40 [1/1] (0.00ns) (grouped into LUT with out node add_ln35)   --->   "%tmp_10 = bitselect i1 @_ssdm_op_BitSelect.i1.i16.i32, i16 %p_1, i32 15" [FIR_HLS.cpp:35]   --->   Operation 40 'bitselect' 'tmp_10' <Predicate = (!mod_value1_load & !mod_value2_load)> <Delay = 0.00>
ST_1 : Operation 41 [1/1] (0.85ns)   --->   "%sub_ln35 = sub i17 0, i17 %sext_ln35" [FIR_HLS.cpp:35]   --->   Operation 41 'sub' 'sub_ln35' <Predicate = (!mod_value1_load & !mod_value2_load)> <Delay = 0.85> <CoreInst = "Adder">   --->   Core 1 'Adder' <Latency = 0> <II = 1> <Delay = 0.85> <FuncUnit> <Opcode : 'add' 'sub'> <InPorts = 2> <OutPorts = 1>
ST_1 : Operation 42 [1/1] (0.00ns)   --->   "%trunc_ln35_1_cast = partselect i15 @_ssdm_op_PartSelect.i15.i17.i32.i32, i17 %sub_ln35, i32 1, i32 15" [FIR_HLS.cpp:35]   --->   Operation 42 'partselect' 'trunc_ln35_1_cast' <Predicate = (!mod_value1_load & !mod_value2_load)> <Delay = 0.00>
ST_1 : Operation 43 [1/1] (0.00ns) (grouped into LUT with out node add_ln35)   --->   "%trunc_ln35_2 = partselect i15 @_ssdm_op_PartSelect.i15.i16.i32.i32, i16 %p_1, i32 1, i32 15" [FIR_HLS.cpp:35]   --->   Operation 43 'partselect' 'trunc_ln35_2' <Predicate = (!mod_value1_load & !mod_value2_load)> <Delay = 0.00>
ST_1 : Operation 44 [1/1] (0.84ns)   --->   "%sub_ln35_1 = sub i15 0, i15 %trunc_ln35_1_cast" [FIR_HLS.cpp:35]   --->   Operation 44 'sub' 'sub_ln35_1' <Predicate = (!mod_value1_load & !mod_value2_load)> <Delay = 0.84> <CoreInst = "Adder">   --->   Core 1 'Adder' <Latency = 0> <II = 1> <Delay = 0.84> <FuncUnit> <Opcode : 'add' 'sub'> <InPorts = 2> <OutPorts = 1>
ST_1 : Operation 45 [1/1] (0.00ns) (grouped into LUT with out node add_ln35)   --->   "%select_ln35 = select i1 %tmp_10, i15 %sub_ln35_1, i15 %trunc_ln35_2" [FIR_HLS.cpp:35]   --->   Operation 45 'select' 'select_ln35' <Predicate = (!mod_value1_load & !mod_value2_load)> <Delay = 0.00> <CoreInst = "Sel">   --->   Core 73 'Sel' <Latency = 0> <II = 1> <Delay = 0.29> <FuncUnit> <Opcode : 'select'> <InPorts = 3> <OutPorts = 1>
ST_1 : Operation 46 [1/1] (0.00ns) (grouped into LUT with out node add_ln35)   --->   "%sext_ln35_1 = sext i15 %select_ln35" [FIR_HLS.cpp:35]   --->   Operation 46 'sext' 'sext_ln35_1' <Predicate = (!mod_value1_load & !mod_value2_load)> <Delay = 0.00>
ST_1 : Operation 47 [1/1] (0.00ns)   --->   "%y2_phase1_load = load i16 %y2_phase1" [FIR_HLS.cpp:35]   --->   Operation 47 'load' 'y2_phase1_load' <Predicate = (!mod_value1_load & !mod_value2_load)> <Delay = 0.00>
ST_1 : Operation 48 [1/1] (0.85ns) (out node of the LUT)   --->   "%add_ln35 = add i16 %y2_phase1_load, i16 %sext_ln35_1" [FIR_HLS.cpp:35]   --->   Operation 48 'add' 'add_ln35' <Predicate = (!mod_value1_load & !mod_value2_load)> <Delay = 0.85> <CoreInst = "Adder">   --->   Core 1 'Adder' <Latency = 0> <II = 1> <Delay = 0.85> <FuncUnit> <Opcode : 'add' 'sub'> <InPorts = 2> <OutPorts = 1>
ST_1 : Operation 49 [1/1] (0.00ns)   --->   "%p_ZL21H_filter_FIR_dec_2_21_0_load = load i16 %p_ZL21H_filter_FIR_dec_2_21_0" [FIR_HLS.cpp:42]   --->   Operation 49 'load' 'p_ZL21H_filter_FIR_dec_2_21_0_load' <Predicate = (!mod_value1_load & mod_value2_load)> <Delay = 0.00>
ST_1 : Operation 50 [1/1] (0.00ns)   --->   "%p_ZL21H_filter_FIR_dec_2_21_1_load = load i16 %p_ZL21H_filter_FIR_dec_2_21_1" [FIR_HLS.cpp:42]   --->   Operation 50 'load' 'p_ZL21H_filter_FIR_dec_2_21_1_load' <Predicate = (!mod_value1_load & mod_value2_load)> <Delay = 0.00>
ST_1 : Operation 51 [1/1] (0.00ns)   --->   "%p_ZL21H_filter_FIR_dec_2_21_2_load = load i16 %p_ZL21H_filter_FIR_dec_2_21_2" [FIR_HLS.cpp:42]   --->   Operation 51 'load' 'p_ZL21H_filter_FIR_dec_2_21_2_load' <Predicate = (!mod_value1_load & mod_value2_load)> <Delay = 0.00>
ST_1 : Operation 52 [1/1] (0.00ns)   --->   "%p_ZL21H_filter_FIR_dec_2_21_3_load = load i16 %p_ZL21H_filter_FIR_dec_2_21_3" [FIR_HLS.cpp:42]   --->   Operation 52 'load' 'p_ZL21H_filter_FIR_dec_2_21_3_load' <Predicate = (!mod_value1_load & mod_value2_load)> <Delay = 0.00>
ST_1 : Operation 53 [1/1] (0.00ns)   --->   "%p_ZL21H_filter_FIR_dec_2_21_4_load = load i16 %p_ZL21H_filter_FIR_dec_2_21_4" [FIR_HLS.cpp:42]   --->   Operation 53 'load' 'p_ZL21H_filter_FIR_dec_2_21_4_load' <Predicate = (!mod_value1_load & mod_value2_load)> <Delay = 0.00>
ST_1 : Operation 54 [7/7] (3.39ns)   --->   "%call_ret2 = call i96 @FIR_filter, i16 %p_ZL21H_filter_FIR_dec_2_21_0_load, i16 %p_ZL21H_filter_FIR_dec_2_21_1_load, i16 %p_ZL21H_filter_FIR_dec_2_21_2_load, i16 %p_ZL21H_filter_FIR_dec_2_21_3_load, i16 %p_ZL21H_filter_FIR_dec_2_21_4_load, i16 %add_ln29" [FIR_HLS.cpp:42]   --->   Operation 54 'call' 'call_ret2' <Predicate = (!mod_value1_load & mod_value2_load)> <Delay = 3.39> <CoreType = "Generic">   --->   Generic Core
ST_1 : Operation 55 [1/1] (0.00ns)   --->   "%y3_load = load i16 %y3" [FIR_HLS.cpp:43]   --->   Operation 55 'load' 'y3_load' <Predicate = (!mod_value1_load & mod_value2_load)> <Delay = 0.00>
ST_1 : Operation 56 [1/1] (0.00ns)   --->   "%p_ZL21H_filter_FIR_int_2_21_0_load = load i16 %p_ZL21H_filter_FIR_int_2_21_0" [FIR_HLS.cpp:43]   --->   Operation 56 'load' 'p_ZL21H_filter_FIR_int_2_21_0_load' <Predicate = (!mod_value1_load & mod_value2_load)> <Delay = 0.00>
ST_1 : Operation 57 [1/1] (0.00ns)   --->   "%p_ZL21H_filter_FIR_int_2_21_1_load = load i16 %p_ZL21H_filter_FIR_int_2_21_1" [FIR_HLS.cpp:43]   --->   Operation 57 'load' 'p_ZL21H_filter_FIR_int_2_21_1_load' <Predicate = (!mod_value1_load & mod_value2_load)> <Delay = 0.00>
ST_1 : Operation 58 [1/1] (0.00ns)   --->   "%p_ZL21H_filter_FIR_int_2_21_2_load = load i16 %p_ZL21H_filter_FIR_int_2_21_2" [FIR_HLS.cpp:43]   --->   Operation 58 'load' 'p_ZL21H_filter_FIR_int_2_21_2_load' <Predicate = (!mod_value1_load & mod_value2_load)> <Delay = 0.00>
ST_1 : Operation 59 [1/1] (0.00ns)   --->   "%p_ZL21H_filter_FIR_int_2_21_3_load = load i16 %p_ZL21H_filter_FIR_int_2_21_3" [FIR_HLS.cpp:43]   --->   Operation 59 'load' 'p_ZL21H_filter_FIR_int_2_21_3_load' <Predicate = (!mod_value1_load & mod_value2_load)> <Delay = 0.00>
ST_1 : Operation 60 [1/1] (0.00ns)   --->   "%p_ZL21H_filter_FIR_int_2_21_4_load = load i16 %p_ZL21H_filter_FIR_int_2_21_4" [FIR_HLS.cpp:43]   --->   Operation 60 'load' 'p_ZL21H_filter_FIR_int_2_21_4_load' <Predicate = (!mod_value1_load & mod_value2_load)> <Delay = 0.00>
ST_1 : Operation 61 [7/7] (3.39ns)   --->   "%call_ret3 = call i96 @FIR_filter, i16 %p_ZL21H_filter_FIR_int_2_21_0_load, i16 %p_ZL21H_filter_FIR_int_2_21_1_load, i16 %p_ZL21H_filter_FIR_int_2_21_2_load, i16 %p_ZL21H_filter_FIR_int_2_21_3_load, i16 %p_ZL21H_filter_FIR_int_2_21_4_load, i16 %y3_load" [FIR_HLS.cpp:43]   --->   Operation 61 'call' 'call_ret3' <Predicate = (!mod_value1_load & mod_value2_load)> <Delay = 3.39> <CoreType = "Generic">   --->   Generic Core
ST_1 : Operation 62 [1/1] (0.00ns)   --->   "%p_ZL21H_filter_FIR_dec_1_21_0_load = load i16 %p_ZL21H_filter_FIR_dec_1_21_0" [FIR_HLS.cpp:51]   --->   Operation 62 'load' 'p_ZL21H_filter_FIR_dec_1_21_0_load' <Predicate = (mod_value1_load)> <Delay = 0.00>
ST_1 : Operation 63 [1/1] (0.00ns)   --->   "%p_ZL21H_filter_FIR_dec_1_21_1_load = load i16 %p_ZL21H_filter_FIR_dec_1_21_1" [FIR_HLS.cpp:51]   --->   Operation 63 'load' 'p_ZL21H_filter_FIR_dec_1_21_1_load' <Predicate = (mod_value1_load)> <Delay = 0.00>
ST_1 : Operation 64 [1/1] (0.00ns)   --->   "%p_ZL21H_filter_FIR_dec_1_21_2_load = load i16 %p_ZL21H_filter_FIR_dec_1_21_2" [FIR_HLS.cpp:51]   --->   Operation 64 'load' 'p_ZL21H_filter_FIR_dec_1_21_2_load' <Predicate = (mod_value1_load)> <Delay = 0.00>
ST_1 : Operation 65 [6/6] (3.39ns)   --->   "%call_ret = call i64 @FIR_filter.1, i16 %p_ZL21H_filter_FIR_dec_1_21_0_load, i16 %p_ZL21H_filter_FIR_dec_1_21_1_load, i16 %p_ZL21H_filter_FIR_dec_1_21_2_load, i16 %input_r_read" [FIR_HLS.cpp:51]   --->   Operation 65 'call' 'call_ret' <Predicate = (mod_value1_load)> <Delay = 3.39> <CoreType = "Generic">   --->   Generic Core
ST_1 : Operation 66 [1/1] (0.00ns)   --->   "%y4_load = load i16 %y4" [FIR_HLS.cpp:52]   --->   Operation 66 'load' 'y4_load' <Predicate = (mod_value1_load)> <Delay = 0.00>
ST_1 : Operation 67 [1/1] (0.00ns)   --->   "%p_ZL21H_filter_FIR_int_1_21_0_load = load i16 %p_ZL21H_filter_FIR_int_1_21_0" [FIR_HLS.cpp:52]   --->   Operation 67 'load' 'p_ZL21H_filter_FIR_int_1_21_0_load' <Predicate = (mod_value1_load)> <Delay = 0.00>
ST_1 : Operation 68 [1/1] (0.00ns)   --->   "%p_ZL21H_filter_FIR_int_1_21_1_load = load i16 %p_ZL21H_filter_FIR_int_1_21_1" [FIR_HLS.cpp:52]   --->   Operation 68 'load' 'p_ZL21H_filter_FIR_int_1_21_1_load' <Predicate = (mod_value1_load)> <Delay = 0.00>
ST_1 : Operation 69 [1/1] (0.00ns)   --->   "%p_ZL21H_filter_FIR_int_1_21_2_load = load i16 %p_ZL21H_filter_FIR_int_1_21_2" [FIR_HLS.cpp:52]   --->   Operation 69 'load' 'p_ZL21H_filter_FIR_int_1_21_2_load' <Predicate = (mod_value1_load)> <Delay = 0.00>
ST_1 : Operation 70 [6/6] (3.39ns)   --->   "%call_ret1 = call i64 @FIR_filter.1, i16 %p_ZL21H_filter_FIR_int_1_21_0_load, i16 %p_ZL21H_filter_FIR_int_1_21_1_load, i16 %p_ZL21H_filter_FIR_int_1_21_2_load, i16 %y4_load" [FIR_HLS.cpp:52]   --->   Operation 70 'call' 'call_ret1' <Predicate = (mod_value1_load)> <Delay = 3.39> <CoreType = "Generic">   --->   Generic Core

State 2 <SV = 1> <Delay = 4.11>
ST_2 : Operation 71 [1/1] (3.39ns)   --->   "%p_2 = call i16 @FIR_filter_transposed, i16 %add_ln35, i32 %p_ZL10H_accu_FIR_0, i32 %p_ZL10H_accu_FIR_1, i32 %p_ZL10H_accu_FIR_2, i32 %p_ZL10H_accu_FIR_3, i32 %p_ZL10H_accu_FIR_4, i32 %p_ZL10H_accu_FIR_5, i32 %p_ZL10H_accu_FIR_6, i32 %p_ZL10H_accu_FIR_7, i32 %p_ZL10H_accu_FIR_8, i32 %p_ZL10H_accu_FIR_9, i32 %p_ZL10H_accu_FIR_10, i32 %p_ZL10H_accu_FIR_11, i32 %p_ZL10H_accu_FIR_12, i32 %p_ZL10H_accu_FIR_13, i32 %p_ZL10H_accu_FIR_14, i32 %p_ZL10H_accu_FIR_15, i32 %p_ZL10H_accu_FIR_16, i32 %p_ZL10H_accu_FIR_17, i32 %p_ZL10H_accu_FIR_18, i32 %p_ZL10H_accu_FIR_19, i32 %p_ZL10H_accu_FIR_20, i32 %p_ZL10H_accu_FIR_21, i32 %p_ZL10H_accu_FIR_22, i32 %p_ZL10H_accu_FIR_23, i32 %p_ZL10H_accu_FIR_24, i32 %p_ZL10H_accu_FIR_25, i32 %p_ZL10H_accu_FIR_26, i32 %p_ZL10H_accu_FIR_27, i32 %p_ZL10H_accu_FIR_28, i32 %p_ZL10H_accu_FIR_29, i32 %p_ZL10H_accu_FIR_30, i32 %p_ZL10H_accu_FIR_31, i32 %p_ZL10H_accu_FIR_32, i32 %p_ZL10H_accu_FIR_33, i32 %p_ZL10H_accu_FIR_34, i32 %p_ZL10H_accu_FIR_35, i32 %p_ZL10H_accu_FIR_36, i32 %p_ZL10H_accu_FIR_37, i32 %p_ZL10H_accu_FIR_38, i32 %p_ZL10H_accu_FIR_39, i32 %p_ZL10H_accu_FIR_40, i32 %p_ZL10H_accu_FIR_41, i32 %p_ZL10H_accu_FIR_42, i32 %p_ZL10H_accu_FIR_43, i32 %p_ZL10H_accu_FIR_44, i32 %p_ZL10H_accu_FIR_45, i32 %p_ZL10H_accu_FIR_46, i32 %p_ZL10H_accu_FIR_47, i32 %p_ZL10H_accu_FIR_48, i32 %p_ZL10H_accu_FIR_49, i32 %p_ZL10H_accu_FIR_50, i32 %p_ZL10H_accu_FIR_51, i32 %p_ZL10H_accu_FIR_52, i32 %p_ZL10H_accu_FIR_53, i32 %p_ZL10H_accu_FIR_54, i32 %p_ZL10H_accu_FIR_55, i32 %p_ZL10H_accu_FIR_56, i32 %p_ZL10H_accu_FIR_57, i32 %p_ZL10H_accu_FIR_58, i32 %p_ZL10H_accu_FIR_59, i32 %p_ZL10H_accu_FIR_60, i32 %p_ZL10H_accu_FIR_61, i32 %p_ZL10H_accu_FIR_62, i32 %p_ZL10H_accu_FIR_63, i32 %p_ZL10H_accu_FIR_64, i32 %p_ZL10H_accu_FIR_65, i32 %p_ZL10H_accu_FIR_66, i32 %p_ZL10H_accu_FIR_67, i32 %p_ZL10H_accu_FIR_68, i32 %p_ZL10H_accu_FIR_69, i32 %p_ZL10H_accu_FIR_70, i32 %p_ZL10H_accu_FIR_71, i32 %p_ZL10H_accu_FIR_72, i32 %p_ZL10H_accu_FIR_73, i32 %p_ZL10H_accu_FIR_74, i32 %p_ZL10H_accu_FIR_75, i32 %p_ZL10H_accu_FIR_76, i32 %p_ZL10H_accu_FIR_77, i32 %p_ZL10H_accu_FIR_78, i32 %p_ZL10H_accu_FIR_79, i32 %p_ZL10H_accu_FIR_80, i32 %p_ZL10H_accu_FIR_81, i32 %p_ZL10H_accu_FIR_82, i32 %p_ZL10H_accu_FIR_83, i32 %p_ZL10H_accu_FIR_84, i32 %p_ZL10H_accu_FIR_85, i32 %p_ZL10H_accu_FIR_86, i32 %p_ZL10H_accu_FIR_87, i32 %p_ZL10H_accu_FIR_88, i32 %p_ZL10H_accu_FIR_89, i32 %p_ZL10H_accu_FIR_90, i32 %p_ZL10H_accu_FIR_91, i32 %p_ZL10H_accu_FIR_92, i32 %p_ZL10H_accu_FIR_93, i32 %p_ZL10H_accu_FIR_94, i32 %p_ZL10H_accu_FIR_95, i32 %p_ZL10H_accu_FIR_96, i32 %p_ZL10H_accu_FIR_97, i32 %p_ZL10H_accu_FIR_98, i32 %p_ZL10H_accu_FIR_99, i32 %p_ZL10H_accu_FIR_100, i32 %p_ZL10H_accu_FIR_101, i32 %p_ZL10H_accu_FIR_102, i32 %p_ZL10H_accu_FIR_103, i32 %p_ZL10H_accu_FIR_104, i32 %p_ZL10H_accu_FIR_105, i32 %p_ZL10H_accu_FIR_106, i32 %p_ZL10H_accu_FIR_107, i32 %p_ZL10H_accu_FIR_108, i32 %p_ZL10H_accu_FIR_109, i32 %p_ZL10H_accu_FIR_110, i32 %p_ZL10H_accu_FIR_111, i31 %p_ZL10H_accu_FIR_112, i30 %p_ZL10H_accu_FIR_113, i29 %p_ZL10H_accu_FIR_114, i28 %p_ZL10H_accu_FIR_115, i27 %p_ZL10H_accu_FIR_116, i27 %p_ZL10H_accu_FIR_117, i26 %p_ZL10H_accu_FIR_118, i26 %p_ZL10H_accu_FIR_119, i25 %p_ZL10H_accu_FIR_120, i25 %p_ZL10H_accu_FIR_121, i23 %p_ZL10H_accu_FIR_122" [FIR_HLS.cpp:36]   --->   Operation 71 'call' 'p_2' <Predicate = true> <Delay = 3.39> <CoreType = "Generic">   --->   Generic Core
ST_2 : Operation 72 [1/1] (0.00ns)   --->   "%store_ln36 = store i16 %p_2, i16 %y3" [FIR_HLS.cpp:36]   --->   Operation 72 'store' 'store_ln36' <Predicate = true> <Delay = 0.00>
ST_2 : Operation 73 [1/1] (0.71ns)   --->   "%p_3 = memshiftread i16 @_ssdm_op_MemShiftRead.[3 x i16]P0A, i16 2, i16 %p_2, i1 1" [FIR_HLS.cpp:38]   --->   Operation 73 'memshiftread' 'p_3' <Predicate = true> <Delay = 0.71> <CoreInst = "ShiftReg">   --->   Core 76 'ShiftReg' <Latency = 0> <II = 1> <Delay = 0.71> <Storage> <Opcode : 'load' 'memshiftread'> <Ports = 1> <Width = 16> <Depth = 3> <ShiftMem>
ST_2 : Operation 74 [1/1] (0.42ns)   --->   "%br_ln40 = br void %if.end" [FIR_HLS.cpp:40]   --->   Operation 74 'br' 'br_ln40' <Predicate = true> <Delay = 0.42>

State 3 <SV = 1> <Delay = 3.39>
ST_3 : Operation 75 [6/7] (3.39ns)   --->   "%call_ret2 = call i96 @FIR_filter, i16 %p_ZL21H_filter_FIR_dec_2_21_0_load, i16 %p_ZL21H_filter_FIR_dec_2_21_1_load, i16 %p_ZL21H_filter_FIR_dec_2_21_2_load, i16 %p_ZL21H_filter_FIR_dec_2_21_3_load, i16 %p_ZL21H_filter_FIR_dec_2_21_4_load, i16 %add_ln29" [FIR_HLS.cpp:42]   --->   Operation 75 'call' 'call_ret2' <Predicate = true> <Delay = 3.39> <CoreType = "Generic">   --->   Generic Core
ST_3 : Operation 76 [6/7] (3.39ns)   --->   "%call_ret3 = call i96 @FIR_filter, i16 %p_ZL21H_filter_FIR_int_2_21_0_load, i16 %p_ZL21H_filter_FIR_int_2_21_1_load, i16 %p_ZL21H_filter_FIR_int_2_21_2_load, i16 %p_ZL21H_filter_FIR_int_2_21_3_load, i16 %p_ZL21H_filter_FIR_int_2_21_4_load, i16 %y3_load" [FIR_HLS.cpp:43]   --->   Operation 76 'call' 'call_ret3' <Predicate = true> <Delay = 3.39> <CoreType = "Generic">   --->   Generic Core

State 4 <SV = 2> <Delay = 3.39>
ST_4 : Operation 77 [5/7] (3.39ns)   --->   "%call_ret2 = call i96 @FIR_filter, i16 %p_ZL21H_filter_FIR_dec_2_21_0_load, i16 %p_ZL21H_filter_FIR_dec_2_21_1_load, i16 %p_ZL21H_filter_FIR_dec_2_21_2_load, i16 %p_ZL21H_filter_FIR_dec_2_21_3_load, i16 %p_ZL21H_filter_FIR_dec_2_21_4_load, i16 %add_ln29" [FIR_HLS.cpp:42]   --->   Operation 77 'call' 'call_ret2' <Predicate = true> <Delay = 3.39> <CoreType = "Generic">   --->   Generic Core
ST_4 : Operation 78 [5/7] (3.39ns)   --->   "%call_ret3 = call i96 @FIR_filter, i16 %p_ZL21H_filter_FIR_int_2_21_0_load, i16 %p_ZL21H_filter_FIR_int_2_21_1_load, i16 %p_ZL21H_filter_FIR_int_2_21_2_load, i16 %p_ZL21H_filter_FIR_int_2_21_3_load, i16 %p_ZL21H_filter_FIR_int_2_21_4_load, i16 %y3_load" [FIR_HLS.cpp:43]   --->   Operation 78 'call' 'call_ret3' <Predicate = true> <Delay = 3.39> <CoreType = "Generic">   --->   Generic Core

State 5 <SV = 3> <Delay = 3.39>
ST_5 : Operation 79 [4/7] (3.39ns)   --->   "%call_ret2 = call i96 @FIR_filter, i16 %p_ZL21H_filter_FIR_dec_2_21_0_load, i16 %p_ZL21H_filter_FIR_dec_2_21_1_load, i16 %p_ZL21H_filter_FIR_dec_2_21_2_load, i16 %p_ZL21H_filter_FIR_dec_2_21_3_load, i16 %p_ZL21H_filter_FIR_dec_2_21_4_load, i16 %add_ln29" [FIR_HLS.cpp:42]   --->   Operation 79 'call' 'call_ret2' <Predicate = true> <Delay = 3.39> <CoreType = "Generic">   --->   Generic Core
ST_5 : Operation 80 [4/7] (3.39ns)   --->   "%call_ret3 = call i96 @FIR_filter, i16 %p_ZL21H_filter_FIR_int_2_21_0_load, i16 %p_ZL21H_filter_FIR_int_2_21_1_load, i16 %p_ZL21H_filter_FIR_int_2_21_2_load, i16 %p_ZL21H_filter_FIR_int_2_21_3_load, i16 %p_ZL21H_filter_FIR_int_2_21_4_load, i16 %y3_load" [FIR_HLS.cpp:43]   --->   Operation 80 'call' 'call_ret3' <Predicate = true> <Delay = 3.39> <CoreType = "Generic">   --->   Generic Core

State 6 <SV = 4> <Delay = 3.39>
ST_6 : Operation 81 [3/7] (3.39ns)   --->   "%call_ret2 = call i96 @FIR_filter, i16 %p_ZL21H_filter_FIR_dec_2_21_0_load, i16 %p_ZL21H_filter_FIR_dec_2_21_1_load, i16 %p_ZL21H_filter_FIR_dec_2_21_2_load, i16 %p_ZL21H_filter_FIR_dec_2_21_3_load, i16 %p_ZL21H_filter_FIR_dec_2_21_4_load, i16 %add_ln29" [FIR_HLS.cpp:42]   --->   Operation 81 'call' 'call_ret2' <Predicate = true> <Delay = 3.39> <CoreType = "Generic">   --->   Generic Core
ST_6 : Operation 82 [3/7] (3.39ns)   --->   "%call_ret3 = call i96 @FIR_filter, i16 %p_ZL21H_filter_FIR_int_2_21_0_load, i16 %p_ZL21H_filter_FIR_int_2_21_1_load, i16 %p_ZL21H_filter_FIR_int_2_21_2_load, i16 %p_ZL21H_filter_FIR_int_2_21_3_load, i16 %p_ZL21H_filter_FIR_int_2_21_4_load, i16 %y3_load" [FIR_HLS.cpp:43]   --->   Operation 82 'call' 'call_ret3' <Predicate = true> <Delay = 3.39> <CoreType = "Generic">   --->   Generic Core

State 7 <SV = 5> <Delay = 3.39>
ST_7 : Operation 83 [2/7] (3.39ns)   --->   "%call_ret2 = call i96 @FIR_filter, i16 %p_ZL21H_filter_FIR_dec_2_21_0_load, i16 %p_ZL21H_filter_FIR_dec_2_21_1_load, i16 %p_ZL21H_filter_FIR_dec_2_21_2_load, i16 %p_ZL21H_filter_FIR_dec_2_21_3_load, i16 %p_ZL21H_filter_FIR_dec_2_21_4_load, i16 %add_ln29" [FIR_HLS.cpp:42]   --->   Operation 83 'call' 'call_ret2' <Predicate = true> <Delay = 3.39> <CoreType = "Generic">   --->   Generic Core
ST_7 : Operation 84 [2/7] (3.39ns)   --->   "%call_ret3 = call i96 @FIR_filter, i16 %p_ZL21H_filter_FIR_int_2_21_0_load, i16 %p_ZL21H_filter_FIR_int_2_21_1_load, i16 %p_ZL21H_filter_FIR_int_2_21_2_load, i16 %p_ZL21H_filter_FIR_int_2_21_3_load, i16 %p_ZL21H_filter_FIR_int_2_21_4_load, i16 %y3_load" [FIR_HLS.cpp:43]   --->   Operation 84 'call' 'call_ret3' <Predicate = true> <Delay = 3.39> <CoreType = "Generic">   --->   Generic Core

State 8 <SV = 6> <Delay = 2.24>
ST_8 : Operation 85 [1/7] (0.64ns)   --->   "%call_ret2 = call i96 @FIR_filter, i16 %p_ZL21H_filter_FIR_dec_2_21_0_load, i16 %p_ZL21H_filter_FIR_dec_2_21_1_load, i16 %p_ZL21H_filter_FIR_dec_2_21_2_load, i16 %p_ZL21H_filter_FIR_dec_2_21_3_load, i16 %p_ZL21H_filter_FIR_dec_2_21_4_load, i16 %add_ln29" [FIR_HLS.cpp:42]   --->   Operation 85 'call' 'call_ret2' <Predicate = (mod_value2_load)> <Delay = 0.64> <CoreType = "Generic">   --->   Generic Core
ST_8 : Operation 86 [1/1] (0.00ns)   --->   "%newret9 = extractvalue i96 %call_ret2" [FIR_HLS.cpp:42]   --->   Operation 86 'extractvalue' 'newret9' <Predicate = (mod_value2_load)> <Delay = 0.00>
ST_8 : Operation 87 [1/1] (0.00ns)   --->   "%newret1 = extractvalue i96 %call_ret2" [FIR_HLS.cpp:42]   --->   Operation 87 'extractvalue' 'newret1' <Predicate = (mod_value2_load)> <Delay = 0.00>
ST_8 : Operation 88 [1/1] (0.00ns)   --->   "%newret10 = extractvalue i96 %call_ret2" [FIR_HLS.cpp:42]   --->   Operation 88 'extractvalue' 'newret10' <Predicate = (mod_value2_load)> <Delay = 0.00>
ST_8 : Operation 89 [1/1] (0.00ns)   --->   "%newret11 = extractvalue i96 %call_ret2" [FIR_HLS.cpp:42]   --->   Operation 89 'extractvalue' 'newret11' <Predicate = (mod_value2_load)> <Delay = 0.00>
ST_8 : Operation 90 [1/1] (0.00ns)   --->   "%newret12 = extractvalue i96 %call_ret2" [FIR_HLS.cpp:42]   --->   Operation 90 'extractvalue' 'newret12' <Predicate = (mod_value2_load)> <Delay = 0.00>
ST_8 : Operation 91 [1/1] (0.00ns)   --->   "%newret13 = extractvalue i96 %call_ret2" [FIR_HLS.cpp:42]   --->   Operation 91 'extractvalue' 'newret13' <Predicate = (mod_value2_load)> <Delay = 0.00>
ST_8 : Operation 92 [1/1] (0.00ns)   --->   "%store_ln42 = store i16 %newret1, i16 %p_ZL21H_filter_FIR_dec_2_21_0" [FIR_HLS.cpp:42]   --->   Operation 92 'store' 'store_ln42' <Predicate = (mod_value2_load)> <Delay = 0.00>
ST_8 : Operation 93 [1/1] (0.00ns)   --->   "%store_ln42 = store i16 %newret10, i16 %p_ZL21H_filter_FIR_dec_2_21_1" [FIR_HLS.cpp:42]   --->   Operation 93 'store' 'store_ln42' <Predicate = (mod_value2_load)> <Delay = 0.00>
ST_8 : Operation 94 [1/1] (0.00ns)   --->   "%store_ln42 = store i16 %newret11, i16 %p_ZL21H_filter_FIR_dec_2_21_2" [FIR_HLS.cpp:42]   --->   Operation 94 'store' 'store_ln42' <Predicate = (mod_value2_load)> <Delay = 0.00>
ST_8 : Operation 95 [1/1] (0.00ns)   --->   "%store_ln42 = store i16 %newret12, i16 %p_ZL21H_filter_FIR_dec_2_21_3" [FIR_HLS.cpp:42]   --->   Operation 95 'store' 'store_ln42' <Predicate = (mod_value2_load)> <Delay = 0.00>
ST_8 : Operation 96 [1/1] (0.00ns)   --->   "%store_ln42 = store i16 %newret13, i16 %p_ZL21H_filter_FIR_dec_2_21_4" [FIR_HLS.cpp:42]   --->   Operation 96 'store' 'store_ln42' <Predicate = (mod_value2_load)> <Delay = 0.00>
ST_8 : Operation 97 [1/1] (0.00ns)   --->   "%store_ln42 = store i16 %newret9, i16 %y2_phase1" [FIR_HLS.cpp:42]   --->   Operation 97 'store' 'store_ln42' <Predicate = (mod_value2_load)> <Delay = 0.00>
ST_8 : Operation 98 [1/7] (0.64ns)   --->   "%call_ret3 = call i96 @FIR_filter, i16 %p_ZL21H_filter_FIR_int_2_21_0_load, i16 %p_ZL21H_filter_FIR_int_2_21_1_load, i16 %p_ZL21H_filter_FIR_int_2_21_2_load, i16 %p_ZL21H_filter_FIR_int_2_21_3_load, i16 %p_ZL21H_filter_FIR_int_2_21_4_load, i16 %y3_load" [FIR_HLS.cpp:43]   --->   Operation 98 'call' 'call_ret3' <Predicate = (mod_value2_load)> <Delay = 0.64> <CoreType = "Generic">   --->   Generic Core
ST_8 : Operation 99 [1/1] (0.00ns)   --->   "%newret14 = extractvalue i96 %call_ret3" [FIR_HLS.cpp:43]   --->   Operation 99 'extractvalue' 'newret14' <Predicate = (mod_value2_load)> <Delay = 0.00>
ST_8 : Operation 100 [1/1] (0.00ns)   --->   "%newret15 = extractvalue i96 %call_ret3" [FIR_HLS.cpp:43]   --->   Operation 100 'extractvalue' 'newret15' <Predicate = (mod_value2_load)> <Delay = 0.00>
ST_8 : Operation 101 [1/1] (0.00ns)   --->   "%newret16 = extractvalue i96 %call_ret3" [FIR_HLS.cpp:43]   --->   Operation 101 'extractvalue' 'newret16' <Predicate = (mod_value2_load)> <Delay = 0.00>
ST_8 : Operation 102 [1/1] (0.00ns)   --->   "%newret17 = extractvalue i96 %call_ret3" [FIR_HLS.cpp:43]   --->   Operation 102 'extractvalue' 'newret17' <Predicate = (mod_value2_load)> <Delay = 0.00>
ST_8 : Operation 103 [1/1] (0.00ns)   --->   "%newret18 = extractvalue i96 %call_ret3" [FIR_HLS.cpp:43]   --->   Operation 103 'extractvalue' 'newret18' <Predicate = (mod_value2_load)> <Delay = 0.00>
ST_8 : Operation 104 [1/1] (0.00ns)   --->   "%newret19 = extractvalue i96 %call_ret3" [FIR_HLS.cpp:43]   --->   Operation 104 'extractvalue' 'newret19' <Predicate = (mod_value2_load)> <Delay = 0.00>
ST_8 : Operation 105 [1/1] (0.00ns)   --->   "%store_ln43 = store i16 %newret15, i16 %p_ZL21H_filter_FIR_int_2_21_0" [FIR_HLS.cpp:43]   --->   Operation 105 'store' 'store_ln43' <Predicate = (mod_value2_load)> <Delay = 0.00>
ST_8 : Operation 106 [1/1] (0.00ns)   --->   "%store_ln43 = store i16 %newret16, i16 %p_ZL21H_filter_FIR_int_2_21_1" [FIR_HLS.cpp:43]   --->   Operation 106 'store' 'store_ln43' <Predicate = (mod_value2_load)> <Delay = 0.00>
ST_8 : Operation 107 [1/1] (0.00ns)   --->   "%store_ln43 = store i16 %newret17, i16 %p_ZL21H_filter_FIR_int_2_21_2" [FIR_HLS.cpp:43]   --->   Operation 107 'store' 'store_ln43' <Predicate = (mod_value2_load)> <Delay = 0.00>
ST_8 : Operation 108 [1/1] (0.00ns)   --->   "%store_ln43 = store i16 %newret18, i16 %p_ZL21H_filter_FIR_int_2_21_3" [FIR_HLS.cpp:43]   --->   Operation 108 'store' 'store_ln43' <Predicate = (mod_value2_load)> <Delay = 0.00>
ST_8 : Operation 109 [1/1] (0.00ns)   --->   "%store_ln43 = store i16 %newret19, i16 %p_ZL21H_filter_FIR_int_2_21_4" [FIR_HLS.cpp:43]   --->   Operation 109 'store' 'store_ln43' <Predicate = (mod_value2_load)> <Delay = 0.00>
ST_8 : Operation 110 [1/1] (0.00ns)   --->   "%shl_ln43 = shl i16 %newret14, i16 1" [FIR_HLS.cpp:43]   --->   Operation 110 'shl' 'shl_ln43' <Predicate = (mod_value2_load)> <Delay = 0.00>
ST_8 : Operation 111 [1/1] (0.42ns)   --->   "%br_ln0 = br void %if.end"   --->   Operation 111 'br' 'br_ln0' <Predicate = (mod_value2_load)> <Delay = 0.42>
ST_8 : Operation 112 [1/1] (0.00ns)   --->   "%p_013_0_0_0 = phi i16 %shl_ln43, void %if.else, i16 %p_3, void %if.then5" [FIR_HLS.cpp:43]   --->   Operation 112 'phi' 'p_013_0_0_0' <Predicate = true> <Delay = 0.00>
ST_8 : Operation 113 [1/1] (0.00ns)   --->   "%store_ln43 = store i16 %p_013_0_0_0, i16 %y4" [FIR_HLS.cpp:43]   --->   Operation 113 'store' 'store_ln43' <Predicate = true> <Delay = 0.00>
ST_8 : Operation 114 [1/1] (0.71ns)   --->   "%p_0 = memshiftread i16 @_ssdm_op_MemShiftRead.[2 x i16]P0A, i16 1, i16 %p_013_0_0_0, i1 1" [FIR_HLS.cpp:47]   --->   Operation 114 'memshiftread' 'p_0' <Predicate = true> <Delay = 0.71> <CoreInst = "ShiftReg">   --->   Core 76 'ShiftReg' <Latency = 0> <II = 1> <Delay = 0.71> <Storage> <Opcode : 'load' 'memshiftread'> <Ports = 1> <Width = 16> <Depth = 2> <ShiftMem>
ST_8 : Operation 115 [2/2] (0.45ns)   --->   "%write_ln47 = write void @_ssdm_op_Write.axis.volatile.i16P128A, i16 %output_r, i16 %p_0" [FIR_HLS.cpp:47]   --->   Operation 115 'write' 'write_ln47' <Predicate = true> <Delay = 0.45> <CoreInst = "regslice">   --->   Core 147 'regslice' <Latency = 0> <II = 1> <Delay = 0.59> <Adapter> <Opcode : 'read' 'write'>

State 9 <SV = 7> <Delay = 0.45>
ST_9 : Operation 116 [1/1] (0.00ns)   --->   "%storemerge1 = phi i1 0, void %if.else, i1 1, void %if.then5"   --->   Operation 116 'phi' 'storemerge1' <Predicate = (!mod_value1_load)> <Delay = 0.00>
ST_9 : Operation 117 [1/1] (0.00ns)   --->   "%store_ln0 = store i1 %storemerge1, i1 %mod_value2"   --->   Operation 117 'store' 'store_ln0' <Predicate = (!mod_value1_load)> <Delay = 0.00>
ST_9 : Operation 118 [1/2] (0.45ns)   --->   "%write_ln47 = write void @_ssdm_op_Write.axis.volatile.i16P128A, i16 %output_r, i16 %p_0" [FIR_HLS.cpp:47]   --->   Operation 118 'write' 'write_ln47' <Predicate = (!mod_value1_load)> <Delay = 0.45> <CoreInst = "regslice">   --->   Core 147 'regslice' <Latency = 0> <II = 1> <Delay = 0.59> <Adapter> <Opcode : 'read' 'write'>
ST_9 : Operation 119 [1/1] (0.42ns)   --->   "%br_ln49 = br void %if.end30" [FIR_HLS.cpp:49]   --->   Operation 119 'br' 'br_ln49' <Predicate = (!mod_value1_load)> <Delay = 0.42>
ST_9 : Operation 120 [1/1] (0.00ns)   --->   "%storemerge = phi i1 0, void %if.else23, i1 1, void %if.end"   --->   Operation 120 'phi' 'storemerge' <Predicate = true> <Delay = 0.00>
ST_9 : Operation 121 [1/1] (0.00ns)   --->   "%store_ln0 = store i1 %storemerge, i1 %mod_value1"   --->   Operation 121 'store' 'store_ln0' <Predicate = true> <Delay = 0.00>
ST_9 : Operation 122 [1/1] (0.00ns)   --->   "%ret_ln56 = ret" [FIR_HLS.cpp:56]   --->   Operation 122 'ret' 'ret_ln56' <Predicate = true> <Delay = 0.00>

State 10 <SV = 1> <Delay = 3.39>
ST_10 : Operation 123 [5/6] (3.39ns)   --->   "%call_ret = call i64 @FIR_filter.1, i16 %p_ZL21H_filter_FIR_dec_1_21_0_load, i16 %p_ZL21H_filter_FIR_dec_1_21_1_load, i16 %p_ZL21H_filter_FIR_dec_1_21_2_load, i16 %input_r_read" [FIR_HLS.cpp:51]   --->   Operation 123 'call' 'call_ret' <Predicate = true> <Delay = 3.39> <CoreType = "Generic">   --->   Generic Core
ST_10 : Operation 124 [5/6] (3.39ns)   --->   "%call_ret1 = call i64 @FIR_filter.1, i16 %p_ZL21H_filter_FIR_int_1_21_0_load, i16 %p_ZL21H_filter_FIR_int_1_21_1_load, i16 %p_ZL21H_filter_FIR_int_1_21_2_load, i16 %y4_load" [FIR_HLS.cpp:52]   --->   Operation 124 'call' 'call_ret1' <Predicate = true> <Delay = 3.39> <CoreType = "Generic">   --->   Generic Core

State 11 <SV = 2> <Delay = 3.39>
ST_11 : Operation 125 [4/6] (3.39ns)   --->   "%call_ret = call i64 @FIR_filter.1, i16 %p_ZL21H_filter_FIR_dec_1_21_0_load, i16 %p_ZL21H_filter_FIR_dec_1_21_1_load, i16 %p_ZL21H_filter_FIR_dec_1_21_2_load, i16 %input_r_read" [FIR_HLS.cpp:51]   --->   Operation 125 'call' 'call_ret' <Predicate = true> <Delay = 3.39> <CoreType = "Generic">   --->   Generic Core
ST_11 : Operation 126 [4/6] (3.39ns)   --->   "%call_ret1 = call i64 @FIR_filter.1, i16 %p_ZL21H_filter_FIR_int_1_21_0_load, i16 %p_ZL21H_filter_FIR_int_1_21_1_load, i16 %p_ZL21H_filter_FIR_int_1_21_2_load, i16 %y4_load" [FIR_HLS.cpp:52]   --->   Operation 126 'call' 'call_ret1' <Predicate = true> <Delay = 3.39> <CoreType = "Generic">   --->   Generic Core

State 12 <SV = 3> <Delay = 3.39>
ST_12 : Operation 127 [3/6] (3.39ns)   --->   "%call_ret = call i64 @FIR_filter.1, i16 %p_ZL21H_filter_FIR_dec_1_21_0_load, i16 %p_ZL21H_filter_FIR_dec_1_21_1_load, i16 %p_ZL21H_filter_FIR_dec_1_21_2_load, i16 %input_r_read" [FIR_HLS.cpp:51]   --->   Operation 127 'call' 'call_ret' <Predicate = true> <Delay = 3.39> <CoreType = "Generic">   --->   Generic Core
ST_12 : Operation 128 [3/6] (3.39ns)   --->   "%call_ret1 = call i64 @FIR_filter.1, i16 %p_ZL21H_filter_FIR_int_1_21_0_load, i16 %p_ZL21H_filter_FIR_int_1_21_1_load, i16 %p_ZL21H_filter_FIR_int_1_21_2_load, i16 %y4_load" [FIR_HLS.cpp:52]   --->   Operation 128 'call' 'call_ret1' <Predicate = true> <Delay = 3.39> <CoreType = "Generic">   --->   Generic Core

State 13 <SV = 4> <Delay = 3.39>
ST_13 : Operation 129 [2/6] (3.39ns)   --->   "%call_ret = call i64 @FIR_filter.1, i16 %p_ZL21H_filter_FIR_dec_1_21_0_load, i16 %p_ZL21H_filter_FIR_dec_1_21_1_load, i16 %p_ZL21H_filter_FIR_dec_1_21_2_load, i16 %input_r_read" [FIR_HLS.cpp:51]   --->   Operation 129 'call' 'call_ret' <Predicate = true> <Delay = 3.39> <CoreType = "Generic">   --->   Generic Core
ST_13 : Operation 130 [2/6] (3.39ns)   --->   "%call_ret1 = call i64 @FIR_filter.1, i16 %p_ZL21H_filter_FIR_int_1_21_0_load, i16 %p_ZL21H_filter_FIR_int_1_21_1_load, i16 %p_ZL21H_filter_FIR_int_1_21_2_load, i16 %y4_load" [FIR_HLS.cpp:52]   --->   Operation 130 'call' 'call_ret1' <Predicate = true> <Delay = 3.39> <CoreType = "Generic">   --->   Generic Core

State 14 <SV = 5> <Delay = 1.09>
ST_14 : Operation 131 [1/6] (0.64ns)   --->   "%call_ret = call i64 @FIR_filter.1, i16 %p_ZL21H_filter_FIR_dec_1_21_0_load, i16 %p_ZL21H_filter_FIR_dec_1_21_1_load, i16 %p_ZL21H_filter_FIR_dec_1_21_2_load, i16 %input_r_read" [FIR_HLS.cpp:51]   --->   Operation 131 'call' 'call_ret' <Predicate = true> <Delay = 0.64> <CoreType = "Generic">   --->   Generic Core
ST_14 : Operation 132 [1/1] (0.00ns)   --->   "%newret2 = extractvalue i64 %call_ret" [FIR_HLS.cpp:51]   --->   Operation 132 'extractvalue' 'newret2' <Predicate = true> <Delay = 0.00>
ST_14 : Operation 133 [1/1] (0.00ns)   --->   "%newret3 = extractvalue i64 %call_ret" [FIR_HLS.cpp:51]   --->   Operation 133 'extractvalue' 'newret3' <Predicate = true> <Delay = 0.00>
ST_14 : Operation 134 [1/1] (0.00ns)   --->   "%newret4 = extractvalue i64 %call_ret" [FIR_HLS.cpp:51]   --->   Operation 134 'extractvalue' 'newret4' <Predicate = true> <Delay = 0.00>
ST_14 : Operation 135 [1/1] (0.00ns)   --->   "%newret5 = extractvalue i64 %call_ret" [FIR_HLS.cpp:51]   --->   Operation 135 'extractvalue' 'newret5' <Predicate = true> <Delay = 0.00>
ST_14 : Operation 136 [1/1] (0.00ns)   --->   "%store_ln51 = store i16 %newret3, i16 %p_ZL21H_filter_FIR_dec_1_21_0" [FIR_HLS.cpp:51]   --->   Operation 136 'store' 'store_ln51' <Predicate = true> <Delay = 0.00>
ST_14 : Operation 137 [1/1] (0.00ns)   --->   "%store_ln51 = store i16 %newret4, i16 %p_ZL21H_filter_FIR_dec_1_21_1" [FIR_HLS.cpp:51]   --->   Operation 137 'store' 'store_ln51' <Predicate = true> <Delay = 0.00>
ST_14 : Operation 138 [1/1] (0.00ns)   --->   "%store_ln51 = store i16 %newret5, i16 %p_ZL21H_filter_FIR_dec_1_21_2" [FIR_HLS.cpp:51]   --->   Operation 138 'store' 'store_ln51' <Predicate = true> <Delay = 0.00>
ST_14 : Operation 139 [1/1] (0.00ns)   --->   "%store_ln51 = store i16 %newret2, i16 %y1_phase1" [FIR_HLS.cpp:51]   --->   Operation 139 'store' 'store_ln51' <Predicate = true> <Delay = 0.00>
ST_14 : Operation 140 [1/6] (0.64ns)   --->   "%call_ret1 = call i64 @FIR_filter.1, i16 %p_ZL21H_filter_FIR_int_1_21_0_load, i16 %p_ZL21H_filter_FIR_int_1_21_1_load, i16 %p_ZL21H_filter_FIR_int_1_21_2_load, i16 %y4_load" [FIR_HLS.cpp:52]   --->   Operation 140 'call' 'call_ret1' <Predicate = true> <Delay = 0.64> <CoreType = "Generic">   --->   Generic Core
ST_14 : Operation 141 [1/1] (0.00ns)   --->   "%newret = extractvalue i64 %call_ret1" [FIR_HLS.cpp:52]   --->   Operation 141 'extractvalue' 'newret' <Predicate = true> <Delay = 0.00>
ST_14 : Operation 142 [1/1] (0.00ns)   --->   "%newret6 = extractvalue i64 %call_ret1" [FIR_HLS.cpp:52]   --->   Operation 142 'extractvalue' 'newret6' <Predicate = true> <Delay = 0.00>
ST_14 : Operation 143 [1/1] (0.00ns)   --->   "%newret7 = extractvalue i64 %call_ret1" [FIR_HLS.cpp:52]   --->   Operation 143 'extractvalue' 'newret7' <Predicate = true> <Delay = 0.00>
ST_14 : Operation 144 [1/1] (0.00ns)   --->   "%newret8 = extractvalue i64 %call_ret1" [FIR_HLS.cpp:52]   --->   Operation 144 'extractvalue' 'newret8' <Predicate = true> <Delay = 0.00>
ST_14 : Operation 145 [1/1] (0.00ns)   --->   "%store_ln52 = store i16 %newret6, i16 %p_ZL21H_filter_FIR_int_1_21_0" [FIR_HLS.cpp:52]   --->   Operation 145 'store' 'store_ln52' <Predicate = true> <Delay = 0.00>
ST_14 : Operation 146 [1/1] (0.00ns)   --->   "%store_ln52 = store i16 %newret7, i16 %p_ZL21H_filter_FIR_int_1_21_1" [FIR_HLS.cpp:52]   --->   Operation 146 'store' 'store_ln52' <Predicate = true> <Delay = 0.00>
ST_14 : Operation 147 [1/1] (0.00ns)   --->   "%store_ln52 = store i16 %newret8, i16 %p_ZL21H_filter_FIR_int_1_21_2" [FIR_HLS.cpp:52]   --->   Operation 147 'store' 'store_ln52' <Predicate = true> <Delay = 0.00>
ST_14 : Operation 148 [1/1] (0.00ns)   --->   "%shl_ln52 = shl i16 %newret, i16 1" [FIR_HLS.cpp:52]   --->   Operation 148 'shl' 'shl_ln52' <Predicate = true> <Delay = 0.00>
ST_14 : Operation 149 [2/2] (0.45ns)   --->   "%write_ln52 = write void @_ssdm_op_Write.axis.volatile.i16P128A, i16 %output_r, i16 %shl_ln52" [FIR_HLS.cpp:52]   --->   Operation 149 'write' 'write_ln52' <Predicate = true> <Delay = 0.45> <CoreInst = "regslice">   --->   Core 147 'regslice' <Latency = 0> <II = 1> <Delay = 0.59> <Adapter> <Opcode : 'read' 'write'>

State 15 <SV = 6> <Delay = 0.45>
ST_15 : Operation 150 [1/2] (0.45ns)   --->   "%write_ln52 = write void @_ssdm_op_Write.axis.volatile.i16P128A, i16 %output_r, i16 %shl_ln52" [FIR_HLS.cpp:52]   --->   Operation 150 'write' 'write_ln52' <Predicate = true> <Delay = 0.45> <CoreInst = "regslice">   --->   Core 147 'regslice' <Latency = 0> <II = 1> <Delay = 0.59> <Adapter> <Opcode : 'read' 'write'>
ST_15 : Operation 151 [1/1] (0.42ns)   --->   "%br_ln0 = br void %if.end30"   --->   Operation 151 'br' 'br_ln0' <Predicate = true> <Delay = 0.42>


============================================================
+ Verbose Summary: Binding
============================================================
STG Binding: 
---------------- STG Properties BEGIN ----------------
- Is combinational: 0
- Is one-state seq: 0
- Is datapath-only: 0
- Is pipelined: 0
- Is top level: 1
Port [ Return ] is wired: 1; IO mode=ap_ctrl_none:ce=0
Port [ input_r]:  wired=1; compound=1; hidden=0; nouse=0; global=0; static=0; extern=0; dir=0; type=0; pingpong=0; private_global=0; IO mode=axis:ce=0
Port [ output_r]:  wired=1; compound=1; hidden=0; nouse=0; global=0; static=0; extern=0; dir=1; type=0; pingpong=0; private_global=0; IO mode=axis:ce=0
Port [ mod_value1]:  wired=0; compound=0; hidden=1; nouse=0; global=1; static=1; extern=0; dir=2; type=0; pingpong=0; private_global=1; IO mode=ap_ovld:ce=0
Port [ y1_phase1]:  wired=0; compound=0; hidden=1; nouse=0; global=1; static=1; extern=0; dir=2; type=0; pingpong=0; private_global=1; IO mode=ap_ovld:ce=0
Port [ mod_value2]:  wired=0; compound=0; hidden=1; nouse=0; global=1; static=1; extern=0; dir=2; type=0; pingpong=0; private_global=1; IO mode=ap_ovld:ce=0
Port [ y2_phase1]:  wired=0; compound=0; hidden=1; nouse=0; global=1; static=1; extern=0; dir=2; type=0; pingpong=0; private_global=1; IO mode=ap_ovld:ce=0
Port [ p_ZL10H_accu_FIR_0]:  wired=0; compound=0; hidden=1; nouse=1; global=1; static=1; extern=0; dir=2; type=0; pingpong=0; private_global=0; IO mode=ap_ovld:ce=0
Port [ p_ZL10H_accu_FIR_1]:  wired=0; compound=0; hidden=1; nouse=1; global=1; static=1; extern=0; dir=2; type=0; pingpong=0; private_global=0; IO mode=ap_ovld:ce=0
Port [ p_ZL10H_accu_FIR_2]:  wired=0; compound=0; hidden=1; nouse=1; global=1; static=1; extern=0; dir=2; type=0; pingpong=0; private_global=0; IO mode=ap_ovld:ce=0
Port [ p_ZL10H_accu_FIR_3]:  wired=0; compound=0; hidden=1; nouse=1; global=1; static=1; extern=0; dir=2; type=0; pingpong=0; private_global=0; IO mode=ap_ovld:ce=0
Port [ p_ZL10H_accu_FIR_4]:  wired=0; compound=0; hidden=1; nouse=1; global=1; static=1; extern=0; dir=2; type=0; pingpong=0; private_global=0; IO mode=ap_ovld:ce=0
Port [ p_ZL10H_accu_FIR_5]:  wired=0; compound=0; hidden=1; nouse=1; global=1; static=1; extern=0; dir=2; type=0; pingpong=0; private_global=0; IO mode=ap_ovld:ce=0
Port [ p_ZL10H_accu_FIR_6]:  wired=0; compound=0; hidden=1; nouse=1; global=1; static=1; extern=0; dir=2; type=0; pingpong=0; private_global=0; IO mode=ap_ovld:ce=0
Port [ p_ZL10H_accu_FIR_7]:  wired=0; compound=0; hidden=1; nouse=1; global=1; static=1; extern=0; dir=2; type=0; pingpong=0; private_global=0; IO mode=ap_ovld:ce=0
Port [ p_ZL10H_accu_FIR_8]:  wired=0; compound=0; hidden=1; nouse=1; global=1; static=1; extern=0; dir=2; type=0; pingpong=0; private_global=0; IO mode=ap_ovld:ce=0
Port [ p_ZL10H_accu_FIR_9]:  wired=0; compound=0; hidden=1; nouse=1; global=1; static=1; extern=0; dir=2; type=0; pingpong=0; private_global=0; IO mode=ap_ovld:ce=0
Port [ p_ZL10H_accu_FIR_10]:  wired=0; compound=0; hidden=1; nouse=1; global=1; static=1; extern=0; dir=2; type=0; pingpong=0; private_global=0; IO mode=ap_ovld:ce=0
Port [ p_ZL10H_accu_FIR_11]:  wired=0; compound=0; hidden=1; nouse=1; global=1; static=1; extern=0; dir=2; type=0; pingpong=0; private_global=0; IO mode=ap_ovld:ce=0
Port [ p_ZL10H_accu_FIR_12]:  wired=0; compound=0; hidden=1; nouse=1; global=1; static=1; extern=0; dir=2; type=0; pingpong=0; private_global=0; IO mode=ap_ovld:ce=0
Port [ p_ZL10H_accu_FIR_13]:  wired=0; compound=0; hidden=1; nouse=1; global=1; static=1; extern=0; dir=2; type=0; pingpong=0; private_global=0; IO mode=ap_ovld:ce=0
Port [ p_ZL10H_accu_FIR_14]:  wired=0; compound=0; hidden=1; nouse=1; global=1; static=1; extern=0; dir=2; type=0; pingpong=0; private_global=0; IO mode=ap_ovld:ce=0
Port [ p_ZL10H_accu_FIR_15]:  wired=0; compound=0; hidden=1; nouse=1; global=1; static=1; extern=0; dir=2; type=0; pingpong=0; private_global=0; IO mode=ap_ovld:ce=0
Port [ p_ZL10H_accu_FIR_16]:  wired=0; compound=0; hidden=1; nouse=1; global=1; static=1; extern=0; dir=2; type=0; pingpong=0; private_global=0; IO mode=ap_ovld:ce=0
Port [ p_ZL10H_accu_FIR_17]:  wired=0; compound=0; hidden=1; nouse=1; global=1; static=1; extern=0; dir=2; type=0; pingpong=0; private_global=0; IO mode=ap_ovld:ce=0
Port [ p_ZL10H_accu_FIR_18]:  wired=0; compound=0; hidden=1; nouse=1; global=1; static=1; extern=0; dir=2; type=0; pingpong=0; private_global=0; IO mode=ap_ovld:ce=0
Port [ p_ZL10H_accu_FIR_19]:  wired=0; compound=0; hidden=1; nouse=1; global=1; static=1; extern=0; dir=2; type=0; pingpong=0; private_global=0; IO mode=ap_ovld:ce=0
Port [ p_ZL10H_accu_FIR_20]:  wired=0; compound=0; hidden=1; nouse=1; global=1; static=1; extern=0; dir=2; type=0; pingpong=0; private_global=0; IO mode=ap_ovld:ce=0
Port [ p_ZL10H_accu_FIR_21]:  wired=0; compound=0; hidden=1; nouse=1; global=1; static=1; extern=0; dir=2; type=0; pingpong=0; private_global=0; IO mode=ap_ovld:ce=0
Port [ p_ZL10H_accu_FIR_22]:  wired=0; compound=0; hidden=1; nouse=1; global=1; static=1; extern=0; dir=2; type=0; pingpong=0; private_global=0; IO mode=ap_ovld:ce=0
Port [ p_ZL10H_accu_FIR_23]:  wired=0; compound=0; hidden=1; nouse=1; global=1; static=1; extern=0; dir=2; type=0; pingpong=0; private_global=0; IO mode=ap_ovld:ce=0
Port [ p_ZL10H_accu_FIR_24]:  wired=0; compound=0; hidden=1; nouse=1; global=1; static=1; extern=0; dir=2; type=0; pingpong=0; private_global=0; IO mode=ap_ovld:ce=0
Port [ p_ZL10H_accu_FIR_25]:  wired=0; compound=0; hidden=1; nouse=1; global=1; static=1; extern=0; dir=2; type=0; pingpong=0; private_global=0; IO mode=ap_ovld:ce=0
Port [ p_ZL10H_accu_FIR_26]:  wired=0; compound=0; hidden=1; nouse=1; global=1; static=1; extern=0; dir=2; type=0; pingpong=0; private_global=0; IO mode=ap_ovld:ce=0
Port [ p_ZL10H_accu_FIR_27]:  wired=0; compound=0; hidden=1; nouse=1; global=1; static=1; extern=0; dir=2; type=0; pingpong=0; private_global=0; IO mode=ap_ovld:ce=0
Port [ p_ZL10H_accu_FIR_28]:  wired=0; compound=0; hidden=1; nouse=1; global=1; static=1; extern=0; dir=2; type=0; pingpong=0; private_global=0; IO mode=ap_ovld:ce=0
Port [ p_ZL10H_accu_FIR_29]:  wired=0; compound=0; hidden=1; nouse=1; global=1; static=1; extern=0; dir=2; type=0; pingpong=0; private_global=0; IO mode=ap_ovld:ce=0
Port [ p_ZL10H_accu_FIR_30]:  wired=0; compound=0; hidden=1; nouse=1; global=1; static=1; extern=0; dir=2; type=0; pingpong=0; private_global=0; IO mode=ap_ovld:ce=0
Port [ p_ZL10H_accu_FIR_31]:  wired=0; compound=0; hidden=1; nouse=1; global=1; static=1; extern=0; dir=2; type=0; pingpong=0; private_global=0; IO mode=ap_ovld:ce=0
Port [ p_ZL10H_accu_FIR_32]:  wired=0; compound=0; hidden=1; nouse=1; global=1; static=1; extern=0; dir=2; type=0; pingpong=0; private_global=0; IO mode=ap_ovld:ce=0
Port [ p_ZL10H_accu_FIR_33]:  wired=0; compound=0; hidden=1; nouse=1; global=1; static=1; extern=0; dir=2; type=0; pingpong=0; private_global=0; IO mode=ap_ovld:ce=0
Port [ p_ZL10H_accu_FIR_34]:  wired=0; compound=0; hidden=1; nouse=1; global=1; static=1; extern=0; dir=2; type=0; pingpong=0; private_global=0; IO mode=ap_ovld:ce=0
Port [ p_ZL10H_accu_FIR_35]:  wired=0; compound=0; hidden=1; nouse=1; global=1; static=1; extern=0; dir=2; type=0; pingpong=0; private_global=0; IO mode=ap_ovld:ce=0
Port [ p_ZL10H_accu_FIR_36]:  wired=0; compound=0; hidden=1; nouse=1; global=1; static=1; extern=0; dir=2; type=0; pingpong=0; private_global=0; IO mode=ap_ovld:ce=0
Port [ p_ZL10H_accu_FIR_37]:  wired=0; compound=0; hidden=1; nouse=1; global=1; static=1; extern=0; dir=2; type=0; pingpong=0; private_global=0; IO mode=ap_ovld:ce=0
Port [ p_ZL10H_accu_FIR_38]:  wired=0; compound=0; hidden=1; nouse=1; global=1; static=1; extern=0; dir=2; type=0; pingpong=0; private_global=0; IO mode=ap_ovld:ce=0
Port [ p_ZL10H_accu_FIR_39]:  wired=0; compound=0; hidden=1; nouse=1; global=1; static=1; extern=0; dir=2; type=0; pingpong=0; private_global=0; IO mode=ap_ovld:ce=0
Port [ p_ZL10H_accu_FIR_40]:  wired=0; compound=0; hidden=1; nouse=1; global=1; static=1; extern=0; dir=2; type=0; pingpong=0; private_global=0; IO mode=ap_ovld:ce=0
Port [ p_ZL10H_accu_FIR_41]:  wired=0; compound=0; hidden=1; nouse=1; global=1; static=1; extern=0; dir=2; type=0; pingpong=0; private_global=0; IO mode=ap_ovld:ce=0
Port [ p_ZL10H_accu_FIR_42]:  wired=0; compound=0; hidden=1; nouse=1; global=1; static=1; extern=0; dir=2; type=0; pingpong=0; private_global=0; IO mode=ap_ovld:ce=0
Port [ p_ZL10H_accu_FIR_43]:  wired=0; compound=0; hidden=1; nouse=1; global=1; static=1; extern=0; dir=2; type=0; pingpong=0; private_global=0; IO mode=ap_ovld:ce=0
Port [ p_ZL10H_accu_FIR_44]:  wired=0; compound=0; hidden=1; nouse=1; global=1; static=1; extern=0; dir=2; type=0; pingpong=0; private_global=0; IO mode=ap_ovld:ce=0
Port [ p_ZL10H_accu_FIR_45]:  wired=0; compound=0; hidden=1; nouse=1; global=1; static=1; extern=0; dir=2; type=0; pingpong=0; private_global=0; IO mode=ap_ovld:ce=0
Port [ p_ZL10H_accu_FIR_46]:  wired=0; compound=0; hidden=1; nouse=1; global=1; static=1; extern=0; dir=2; type=0; pingpong=0; private_global=0; IO mode=ap_ovld:ce=0
Port [ p_ZL10H_accu_FIR_47]:  wired=0; compound=0; hidden=1; nouse=1; global=1; static=1; extern=0; dir=2; type=0; pingpong=0; private_global=0; IO mode=ap_ovld:ce=0
Port [ p_ZL10H_accu_FIR_48]:  wired=0; compound=0; hidden=1; nouse=1; global=1; static=1; extern=0; dir=2; type=0; pingpong=0; private_global=0; IO mode=ap_ovld:ce=0
Port [ p_ZL10H_accu_FIR_49]:  wired=0; compound=0; hidden=1; nouse=1; global=1; static=1; extern=0; dir=2; type=0; pingpong=0; private_global=0; IO mode=ap_ovld:ce=0
Port [ p_ZL10H_accu_FIR_50]:  wired=0; compound=0; hidden=1; nouse=1; global=1; static=1; extern=0; dir=2; type=0; pingpong=0; private_global=0; IO mode=ap_ovld:ce=0
Port [ p_ZL10H_accu_FIR_51]:  wired=0; compound=0; hidden=1; nouse=1; global=1; static=1; extern=0; dir=2; type=0; pingpong=0; private_global=0; IO mode=ap_ovld:ce=0
Port [ p_ZL10H_accu_FIR_52]:  wired=0; compound=0; hidden=1; nouse=1; global=1; static=1; extern=0; dir=2; type=0; pingpong=0; private_global=0; IO mode=ap_ovld:ce=0
Port [ p_ZL10H_accu_FIR_53]:  wired=0; compound=0; hidden=1; nouse=1; global=1; static=1; extern=0; dir=2; type=0; pingpong=0; private_global=0; IO mode=ap_ovld:ce=0
Port [ p_ZL10H_accu_FIR_54]:  wired=0; compound=0; hidden=1; nouse=1; global=1; static=1; extern=0; dir=2; type=0; pingpong=0; private_global=0; IO mode=ap_ovld:ce=0
Port [ p_ZL10H_accu_FIR_55]:  wired=0; compound=0; hidden=1; nouse=1; global=1; static=1; extern=0; dir=2; type=0; pingpong=0; private_global=0; IO mode=ap_ovld:ce=0
Port [ p_ZL10H_accu_FIR_56]:  wired=0; compound=0; hidden=1; nouse=1; global=1; static=1; extern=0; dir=2; type=0; pingpong=0; private_global=0; IO mode=ap_ovld:ce=0
Port [ p_ZL10H_accu_FIR_57]:  wired=0; compound=0; hidden=1; nouse=1; global=1; static=1; extern=0; dir=2; type=0; pingpong=0; private_global=0; IO mode=ap_ovld:ce=0
Port [ p_ZL10H_accu_FIR_58]:  wired=0; compound=0; hidden=1; nouse=1; global=1; static=1; extern=0; dir=2; type=0; pingpong=0; private_global=0; IO mode=ap_ovld:ce=0
Port [ p_ZL10H_accu_FIR_59]:  wired=0; compound=0; hidden=1; nouse=1; global=1; static=1; extern=0; dir=2; type=0; pingpong=0; private_global=0; IO mode=ap_ovld:ce=0
Port [ p_ZL10H_accu_FIR_60]:  wired=0; compound=0; hidden=1; nouse=1; global=1; static=1; extern=0; dir=2; type=0; pingpong=0; private_global=0; IO mode=ap_ovld:ce=0
Port [ p_ZL10H_accu_FIR_61]:  wired=0; compound=0; hidden=1; nouse=1; global=1; static=1; extern=0; dir=2; type=0; pingpong=0; private_global=0; IO mode=ap_ovld:ce=0
Port [ p_ZL10H_accu_FIR_62]:  wired=0; compound=0; hidden=1; nouse=1; global=1; static=1; extern=0; dir=2; type=0; pingpong=0; private_global=0; IO mode=ap_ovld:ce=0
Port [ p_ZL10H_accu_FIR_63]:  wired=0; compound=0; hidden=1; nouse=1; global=1; static=1; extern=0; dir=2; type=0; pingpong=0; private_global=0; IO mode=ap_ovld:ce=0
Port [ p_ZL10H_accu_FIR_64]:  wired=0; compound=0; hidden=1; nouse=1; global=1; static=1; extern=0; dir=2; type=0; pingpong=0; private_global=0; IO mode=ap_ovld:ce=0
Port [ p_ZL10H_accu_FIR_65]:  wired=0; compound=0; hidden=1; nouse=1; global=1; static=1; extern=0; dir=2; type=0; pingpong=0; private_global=0; IO mode=ap_ovld:ce=0
Port [ p_ZL10H_accu_FIR_66]:  wired=0; compound=0; hidden=1; nouse=1; global=1; static=1; extern=0; dir=2; type=0; pingpong=0; private_global=0; IO mode=ap_ovld:ce=0
Port [ p_ZL10H_accu_FIR_67]:  wired=0; compound=0; hidden=1; nouse=1; global=1; static=1; extern=0; dir=2; type=0; pingpong=0; private_global=0; IO mode=ap_ovld:ce=0
Port [ p_ZL10H_accu_FIR_68]:  wired=0; compound=0; hidden=1; nouse=1; global=1; static=1; extern=0; dir=2; type=0; pingpong=0; private_global=0; IO mode=ap_ovld:ce=0
Port [ p_ZL10H_accu_FIR_69]:  wired=0; compound=0; hidden=1; nouse=1; global=1; static=1; extern=0; dir=2; type=0; pingpong=0; private_global=0; IO mode=ap_ovld:ce=0
Port [ p_ZL10H_accu_FIR_70]:  wired=0; compound=0; hidden=1; nouse=1; global=1; static=1; extern=0; dir=2; type=0; pingpong=0; private_global=0; IO mode=ap_ovld:ce=0
Port [ p_ZL10H_accu_FIR_71]:  wired=0; compound=0; hidden=1; nouse=1; global=1; static=1; extern=0; dir=2; type=0; pingpong=0; private_global=0; IO mode=ap_ovld:ce=0
Port [ p_ZL10H_accu_FIR_72]:  wired=0; compound=0; hidden=1; nouse=1; global=1; static=1; extern=0; dir=2; type=0; pingpong=0; private_global=0; IO mode=ap_ovld:ce=0
Port [ p_ZL10H_accu_FIR_73]:  wired=0; compound=0; hidden=1; nouse=1; global=1; static=1; extern=0; dir=2; type=0; pingpong=0; private_global=0; IO mode=ap_ovld:ce=0
Port [ p_ZL10H_accu_FIR_74]:  wired=0; compound=0; hidden=1; nouse=1; global=1; static=1; extern=0; dir=2; type=0; pingpong=0; private_global=0; IO mode=ap_ovld:ce=0
Port [ p_ZL10H_accu_FIR_75]:  wired=0; compound=0; hidden=1; nouse=1; global=1; static=1; extern=0; dir=2; type=0; pingpong=0; private_global=0; IO mode=ap_ovld:ce=0
Port [ p_ZL10H_accu_FIR_76]:  wired=0; compound=0; hidden=1; nouse=1; global=1; static=1; extern=0; dir=2; type=0; pingpong=0; private_global=0; IO mode=ap_ovld:ce=0
Port [ p_ZL10H_accu_FIR_77]:  wired=0; compound=0; hidden=1; nouse=1; global=1; static=1; extern=0; dir=2; type=0; pingpong=0; private_global=0; IO mode=ap_ovld:ce=0
Port [ p_ZL10H_accu_FIR_78]:  wired=0; compound=0; hidden=1; nouse=1; global=1; static=1; extern=0; dir=2; type=0; pingpong=0; private_global=0; IO mode=ap_ovld:ce=0
Port [ p_ZL10H_accu_FIR_79]:  wired=0; compound=0; hidden=1; nouse=1; global=1; static=1; extern=0; dir=2; type=0; pingpong=0; private_global=0; IO mode=ap_ovld:ce=0
Port [ p_ZL10H_accu_FIR_80]:  wired=0; compound=0; hidden=1; nouse=1; global=1; static=1; extern=0; dir=2; type=0; pingpong=0; private_global=0; IO mode=ap_ovld:ce=0
Port [ p_ZL10H_accu_FIR_81]:  wired=0; compound=0; hidden=1; nouse=1; global=1; static=1; extern=0; dir=2; type=0; pingpong=0; private_global=0; IO mode=ap_ovld:ce=0
Port [ p_ZL10H_accu_FIR_82]:  wired=0; compound=0; hidden=1; nouse=1; global=1; static=1; extern=0; dir=2; type=0; pingpong=0; private_global=0; IO mode=ap_ovld:ce=0
Port [ p_ZL10H_accu_FIR_83]:  wired=0; compound=0; hidden=1; nouse=1; global=1; static=1; extern=0; dir=2; type=0; pingpong=0; private_global=0; IO mode=ap_ovld:ce=0
Port [ p_ZL10H_accu_FIR_84]:  wired=0; compound=0; hidden=1; nouse=1; global=1; static=1; extern=0; dir=2; type=0; pingpong=0; private_global=0; IO mode=ap_ovld:ce=0
Port [ p_ZL10H_accu_FIR_85]:  wired=0; compound=0; hidden=1; nouse=1; global=1; static=1; extern=0; dir=2; type=0; pingpong=0; private_global=0; IO mode=ap_ovld:ce=0
Port [ p_ZL10H_accu_FIR_86]:  wired=0; compound=0; hidden=1; nouse=1; global=1; static=1; extern=0; dir=2; type=0; pingpong=0; private_global=0; IO mode=ap_ovld:ce=0
Port [ p_ZL10H_accu_FIR_87]:  wired=0; compound=0; hidden=1; nouse=1; global=1; static=1; extern=0; dir=2; type=0; pingpong=0; private_global=0; IO mode=ap_ovld:ce=0
Port [ p_ZL10H_accu_FIR_88]:  wired=0; compound=0; hidden=1; nouse=1; global=1; static=1; extern=0; dir=2; type=0; pingpong=0; private_global=0; IO mode=ap_ovld:ce=0
Port [ p_ZL10H_accu_FIR_89]:  wired=0; compound=0; hidden=1; nouse=1; global=1; static=1; extern=0; dir=2; type=0; pingpong=0; private_global=0; IO mode=ap_ovld:ce=0
Port [ p_ZL10H_accu_FIR_90]:  wired=0; compound=0; hidden=1; nouse=1; global=1; static=1; extern=0; dir=2; type=0; pingpong=0; private_global=0; IO mode=ap_ovld:ce=0
Port [ p_ZL10H_accu_FIR_91]:  wired=0; compound=0; hidden=1; nouse=1; global=1; static=1; extern=0; dir=2; type=0; pingpong=0; private_global=0; IO mode=ap_ovld:ce=0
Port [ p_ZL10H_accu_FIR_92]:  wired=0; compound=0; hidden=1; nouse=1; global=1; static=1; extern=0; dir=2; type=0; pingpong=0; private_global=0; IO mode=ap_ovld:ce=0
Port [ p_ZL10H_accu_FIR_93]:  wired=0; compound=0; hidden=1; nouse=1; global=1; static=1; extern=0; dir=2; type=0; pingpong=0; private_global=0; IO mode=ap_ovld:ce=0
Port [ p_ZL10H_accu_FIR_94]:  wired=0; compound=0; hidden=1; nouse=1; global=1; static=1; extern=0; dir=2; type=0; pingpong=0; private_global=0; IO mode=ap_ovld:ce=0
Port [ p_ZL10H_accu_FIR_95]:  wired=0; compound=0; hidden=1; nouse=1; global=1; static=1; extern=0; dir=2; type=0; pingpong=0; private_global=0; IO mode=ap_ovld:ce=0
Port [ p_ZL10H_accu_FIR_96]:  wired=0; compound=0; hidden=1; nouse=1; global=1; static=1; extern=0; dir=2; type=0; pingpong=0; private_global=0; IO mode=ap_ovld:ce=0
Port [ p_ZL10H_accu_FIR_97]:  wired=0; compound=0; hidden=1; nouse=1; global=1; static=1; extern=0; dir=2; type=0; pingpong=0; private_global=0; IO mode=ap_ovld:ce=0
Port [ p_ZL10H_accu_FIR_98]:  wired=0; compound=0; hidden=1; nouse=1; global=1; static=1; extern=0; dir=2; type=0; pingpong=0; private_global=0; IO mode=ap_ovld:ce=0
Port [ p_ZL10H_accu_FIR_99]:  wired=0; compound=0; hidden=1; nouse=1; global=1; static=1; extern=0; dir=2; type=0; pingpong=0; private_global=0; IO mode=ap_ovld:ce=0
Port [ p_ZL10H_accu_FIR_100]:  wired=0; compound=0; hidden=1; nouse=1; global=1; static=1; extern=0; dir=2; type=0; pingpong=0; private_global=0; IO mode=ap_ovld:ce=0
Port [ p_ZL10H_accu_FIR_101]:  wired=0; compound=0; hidden=1; nouse=1; global=1; static=1; extern=0; dir=2; type=0; pingpong=0; private_global=0; IO mode=ap_ovld:ce=0
Port [ p_ZL10H_accu_FIR_102]:  wired=0; compound=0; hidden=1; nouse=1; global=1; static=1; extern=0; dir=2; type=0; pingpong=0; private_global=0; IO mode=ap_ovld:ce=0
Port [ p_ZL10H_accu_FIR_103]:  wired=0; compound=0; hidden=1; nouse=1; global=1; static=1; extern=0; dir=2; type=0; pingpong=0; private_global=0; IO mode=ap_ovld:ce=0
Port [ p_ZL10H_accu_FIR_104]:  wired=0; compound=0; hidden=1; nouse=1; global=1; static=1; extern=0; dir=2; type=0; pingpong=0; private_global=0; IO mode=ap_ovld:ce=0
Port [ p_ZL10H_accu_FIR_105]:  wired=0; compound=0; hidden=1; nouse=1; global=1; static=1; extern=0; dir=2; type=0; pingpong=0; private_global=0; IO mode=ap_ovld:ce=0
Port [ p_ZL10H_accu_FIR_106]:  wired=0; compound=0; hidden=1; nouse=1; global=1; static=1; extern=0; dir=2; type=0; pingpong=0; private_global=0; IO mode=ap_ovld:ce=0
Port [ p_ZL10H_accu_FIR_107]:  wired=0; compound=0; hidden=1; nouse=1; global=1; static=1; extern=0; dir=2; type=0; pingpong=0; private_global=0; IO mode=ap_ovld:ce=0
Port [ p_ZL10H_accu_FIR_108]:  wired=0; compound=0; hidden=1; nouse=1; global=1; static=1; extern=0; dir=2; type=0; pingpong=0; private_global=0; IO mode=ap_ovld:ce=0
Port [ p_ZL10H_accu_FIR_109]:  wired=0; compound=0; hidden=1; nouse=1; global=1; static=1; extern=0; dir=2; type=0; pingpong=0; private_global=0; IO mode=ap_ovld:ce=0
Port [ p_ZL10H_accu_FIR_110]:  wired=0; compound=0; hidden=1; nouse=1; global=1; static=1; extern=0; dir=2; type=0; pingpong=0; private_global=0; IO mode=ap_ovld:ce=0
Port [ p_ZL10H_accu_FIR_111]:  wired=0; compound=0; hidden=1; nouse=1; global=1; static=1; extern=0; dir=2; type=0; pingpong=0; private_global=0; IO mode=ap_ovld:ce=0
Port [ p_ZL10H_accu_FIR_112]:  wired=0; compound=0; hidden=1; nouse=1; global=1; static=1; extern=0; dir=2; type=0; pingpong=0; private_global=0; IO mode=ap_ovld:ce=0
Port [ p_ZL10H_accu_FIR_113]:  wired=0; compound=0; hidden=1; nouse=1; global=1; static=1; extern=0; dir=2; type=0; pingpong=0; private_global=0; IO mode=ap_ovld:ce=0
Port [ p_ZL10H_accu_FIR_114]:  wired=0; compound=0; hidden=1; nouse=1; global=1; static=1; extern=0; dir=2; type=0; pingpong=0; private_global=0; IO mode=ap_ovld:ce=0
Port [ p_ZL10H_accu_FIR_115]:  wired=0; compound=0; hidden=1; nouse=1; global=1; static=1; extern=0; dir=2; type=0; pingpong=0; private_global=0; IO mode=ap_ovld:ce=0
Port [ p_ZL10H_accu_FIR_116]:  wired=0; compound=0; hidden=1; nouse=1; global=1; static=1; extern=0; dir=2; type=0; pingpong=0; private_global=0; IO mode=ap_ovld:ce=0
Port [ p_ZL10H_accu_FIR_117]:  wired=0; compound=0; hidden=1; nouse=1; global=1; static=1; extern=0; dir=2; type=0; pingpong=0; private_global=0; IO mode=ap_ovld:ce=0
Port [ p_ZL10H_accu_FIR_118]:  wired=0; compound=0; hidden=1; nouse=1; global=1; static=1; extern=0; dir=2; type=0; pingpong=0; private_global=0; IO mode=ap_ovld:ce=0
Port [ p_ZL10H_accu_FIR_119]:  wired=0; compound=0; hidden=1; nouse=1; global=1; static=1; extern=0; dir=2; type=0; pingpong=0; private_global=0; IO mode=ap_ovld:ce=0
Port [ p_ZL10H_accu_FIR_120]:  wired=0; compound=0; hidden=1; nouse=1; global=1; static=1; extern=0; dir=2; type=0; pingpong=0; private_global=0; IO mode=ap_ovld:ce=0
Port [ p_ZL10H_accu_FIR_121]:  wired=0; compound=0; hidden=1; nouse=1; global=1; static=1; extern=0; dir=2; type=0; pingpong=0; private_global=0; IO mode=ap_ovld:ce=0
Port [ p_ZL10H_accu_FIR_122]:  wired=0; compound=0; hidden=1; nouse=1; global=1; static=1; extern=0; dir=2; type=0; pingpong=0; private_global=0; IO mode=ap_ovld:ce=0
Port [ y3]:  wired=0; compound=0; hidden=1; nouse=0; global=1; static=1; extern=0; dir=2; type=0; pingpong=0; private_global=1; IO mode=ap_ovld:ce=0
Port [ p_ZL21H_filter_FIR_dec_2_21_0]:  wired=0; compound=0; hidden=1; nouse=0; global=1; static=1; extern=0; dir=2; type=0; pingpong=0; private_global=1; IO mode=ap_ovld:ce=0
Port [ p_ZL21H_filter_FIR_dec_2_21_1]:  wired=0; compound=0; hidden=1; nouse=0; global=1; static=1; extern=0; dir=2; type=0; pingpong=0; private_global=1; IO mode=ap_ovld:ce=0
Port [ p_ZL21H_filter_FIR_dec_2_21_2]:  wired=0; compound=0; hidden=1; nouse=0; global=1; static=1; extern=0; dir=2; type=0; pingpong=0; private_global=1; IO mode=ap_ovld:ce=0
Port [ p_ZL21H_filter_FIR_dec_2_21_3]:  wired=0; compound=0; hidden=1; nouse=0; global=1; static=1; extern=0; dir=2; type=0; pingpong=0; private_global=1; IO mode=ap_ovld:ce=0
Port [ p_ZL21H_filter_FIR_dec_2_21_4]:  wired=0; compound=0; hidden=1; nouse=0; global=1; static=1; extern=0; dir=2; type=0; pingpong=0; private_global=1; IO mode=ap_ovld:ce=0
Port [ p_ZL21H_filter_FIR_int_2_21_0]:  wired=0; compound=0; hidden=1; nouse=0; global=1; static=1; extern=0; dir=2; type=0; pingpong=0; private_global=1; IO mode=ap_ovld:ce=0
Port [ p_ZL21H_filter_FIR_int_2_21_1]:  wired=0; compound=0; hidden=1; nouse=0; global=1; static=1; extern=0; dir=2; type=0; pingpong=0; private_global=1; IO mode=ap_ovld:ce=0
Port [ p_ZL21H_filter_FIR_int_2_21_2]:  wired=0; compound=0; hidden=1; nouse=0; global=1; static=1; extern=0; dir=2; type=0; pingpong=0; private_global=1; IO mode=ap_ovld:ce=0
Port [ p_ZL21H_filter_FIR_int_2_21_3]:  wired=0; compound=0; hidden=1; nouse=0; global=1; static=1; extern=0; dir=2; type=0; pingpong=0; private_global=1; IO mode=ap_ovld:ce=0
Port [ p_ZL21H_filter_FIR_int_2_21_4]:  wired=0; compound=0; hidden=1; nouse=0; global=1; static=1; extern=0; dir=2; type=0; pingpong=0; private_global=1; IO mode=ap_ovld:ce=0
Port [ y4]:  wired=0; compound=0; hidden=1; nouse=0; global=1; static=1; extern=0; dir=2; type=0; pingpong=0; private_global=1; IO mode=ap_ovld:ce=0
Port [ p_ZL21H_filter_FIR_dec_1_21_0]:  wired=0; compound=0; hidden=1; nouse=0; global=1; static=1; extern=0; dir=2; type=0; pingpong=0; private_global=1; IO mode=ap_ovld:ce=0
Port [ p_ZL21H_filter_FIR_dec_1_21_1]:  wired=0; compound=0; hidden=1; nouse=0; global=1; static=1; extern=0; dir=2; type=0; pingpong=0; private_global=1; IO mode=ap_ovld:ce=0
Port [ p_ZL21H_filter_FIR_dec_1_21_2]:  wired=0; compound=0; hidden=1; nouse=0; global=1; static=1; extern=0; dir=2; type=0; pingpong=0; private_global=1; IO mode=ap_ovld:ce=0
Port [ p_ZL21H_filter_FIR_int_1_21_0]:  wired=0; compound=0; hidden=1; nouse=0; global=1; static=1; extern=0; dir=2; type=0; pingpong=0; private_global=1; IO mode=ap_ovld:ce=0
Port [ p_ZL21H_filter_FIR_int_1_21_1]:  wired=0; compound=0; hidden=1; nouse=0; global=1; static=1; extern=0; dir=2; type=0; pingpong=0; private_global=1; IO mode=ap_ovld:ce=0
Port [ p_ZL21H_filter_FIR_int_1_21_2]:  wired=0; compound=0; hidden=1; nouse=0; global=1; static=1; extern=0; dir=2; type=0; pingpong=0; private_global=1; IO mode=ap_ovld:ce=0
Port [ H_dec_1_20_V]:  wired=0; compound=1; hidden=1; nouse=0; global=1; static=1; extern=0; dir=3; type=1; pingpong=0; private_global=1; MemPort=[2]; IO mode=ap_memory:ce=0
Port [ H_dec_2_20_V]:  wired=0; compound=1; hidden=1; nouse=0; global=1; static=1; extern=0; dir=3; type=1; pingpong=0; private_global=1; MemPort=[2]; IO mode=ap_memory:ce=0
Port [ H_int_2_20_V]:  wired=0; compound=1; hidden=1; nouse=0; global=1; static=1; extern=0; dir=3; type=1; pingpong=0; private_global=1; MemPort=[2]; IO mode=ap_memory:ce=0
Port [ H_int_1_20_V]:  wired=0; compound=1; hidden=1; nouse=0; global=1; static=1; extern=0; dir=3; type=1; pingpong=0; private_global=1; MemPort=[2]; IO mode=ap_memory:ce=0
---------------- STG Properties END ------------------

---------------- Datapath Model BEGIN ----------------

<LifeTime>
<method=bitvector/>
spectopmodule_ln20                 (spectopmodule) [ 0000000000000000]
specinterface_ln20                 (specinterface) [ 0000000000000000]
specinterface_ln0                  (specinterface) [ 0000000000000000]
specbitsmap_ln0                    (specbitsmap  ) [ 0000000000000000]
specinterface_ln0                  (specinterface) [ 0000000000000000]
specbitsmap_ln0                    (specbitsmap  ) [ 0000000000000000]
mod_value1_load                    (load         ) [ 0111111111111111]
input_r_read                       (read         ) [ 0000000000111110]
br_ln26                            (br           ) [ 0000000000000000]
p_s                                (memshiftread ) [ 0000000000000000]
sext_ln29                          (sext         ) [ 0000000000000000]
tmp                                (bitselect    ) [ 0000000000000000]
sub_ln29                           (sub          ) [ 0000000000000000]
trunc_ln29_1_cast                  (partselect   ) [ 0000000000000000]
trunc_ln29_2                       (partselect   ) [ 0000000000000000]
sub_ln29_1                         (sub          ) [ 0000000000000000]
select_ln29                        (select       ) [ 0000000000000000]
sext_ln29_1                        (sext         ) [ 0000000000000000]
y1_phase1_load                     (load         ) [ 0000000000000000]
add_ln29                           (add          ) [ 0011111110000000]
mod_value2_load                    (load         ) [ 0111111110000000]
br_ln31                            (br           ) [ 0000000000000000]
p_1                                (memshiftread ) [ 0000000000000000]
sext_ln35                          (sext         ) [ 0000000000000000]
tmp_10                             (bitselect    ) [ 0000000000000000]
sub_ln35                           (sub          ) [ 0000000000000000]
trunc_ln35_1_cast                  (partselect   ) [ 0000000000000000]
trunc_ln35_2                       (partselect   ) [ 0000000000000000]
sub_ln35_1                         (sub          ) [ 0000000000000000]
select_ln35                        (select       ) [ 0000000000000000]
sext_ln35_1                        (sext         ) [ 0000000000000000]
y2_phase1_load                     (load         ) [ 0000000000000000]
add_ln35                           (add          ) [ 0010000000000000]
p_ZL21H_filter_FIR_dec_2_21_0_load (load         ) [ 0011111110000000]
p_ZL21H_filter_FIR_dec_2_21_1_load (load         ) [ 0011111110000000]
p_ZL21H_filter_FIR_dec_2_21_2_load (load         ) [ 0011111110000000]
p_ZL21H_filter_FIR_dec_2_21_3_load (load         ) [ 0011111110000000]
p_ZL21H_filter_FIR_dec_2_21_4_load (load         ) [ 0011111110000000]
y3_load                            (load         ) [ 0011111110000000]
p_ZL21H_filter_FIR_int_2_21_0_load (load         ) [ 0011111110000000]
p_ZL21H_filter_FIR_int_2_21_1_load (load         ) [ 0011111110000000]
p_ZL21H_filter_FIR_int_2_21_2_load (load         ) [ 0011111110000000]
p_ZL21H_filter_FIR_int_2_21_3_load (load         ) [ 0011111110000000]
p_ZL21H_filter_FIR_int_2_21_4_load (load         ) [ 0011111110000000]
p_ZL21H_filter_FIR_dec_1_21_0_load (load         ) [ 0000000000111110]
p_ZL21H_filter_FIR_dec_1_21_1_load (load         ) [ 0000000000111110]
p_ZL21H_filter_FIR_dec_1_21_2_load (load         ) [ 0000000000111110]
y4_load                            (load         ) [ 0000000000111110]
p_ZL21H_filter_FIR_int_1_21_0_load (load         ) [ 0000000000111110]
p_ZL21H_filter_FIR_int_1_21_1_load (load         ) [ 0000000000111110]
p_ZL21H_filter_FIR_int_1_21_2_load (load         ) [ 0000000000111110]
p_2                                (call         ) [ 0000000000000000]
store_ln36                         (store        ) [ 0000000000000000]
p_3                                (memshiftread ) [ 0010000010000000]
br_ln40                            (br           ) [ 0010000011000000]
call_ret2                          (call         ) [ 0000000000000000]
newret9                            (extractvalue ) [ 0000000000000000]
newret1                            (extractvalue ) [ 0000000000000000]
newret10                           (extractvalue ) [ 0000000000000000]
newret11                           (extractvalue ) [ 0000000000000000]
newret12                           (extractvalue ) [ 0000000000000000]
newret13                           (extractvalue ) [ 0000000000000000]
store_ln42                         (store        ) [ 0000000000000000]
store_ln42                         (store        ) [ 0000000000000000]
store_ln42                         (store        ) [ 0000000000000000]
store_ln42                         (store        ) [ 0000000000000000]
store_ln42                         (store        ) [ 0000000000000000]
store_ln42                         (store        ) [ 0000000000000000]
call_ret3                          (call         ) [ 0000000000000000]
newret14                           (extractvalue ) [ 0000000000000000]
newret15                           (extractvalue ) [ 0000000000000000]
newret16                           (extractvalue ) [ 0000000000000000]
newret17                           (extractvalue ) [ 0000000000000000]
newret18                           (extractvalue ) [ 0000000000000000]
newret19                           (extractvalue ) [ 0000000000000000]
store_ln43                         (store        ) [ 0000000000000000]
store_ln43                         (store        ) [ 0000000000000000]
store_ln43                         (store        ) [ 0000000000000000]
store_ln43                         (store        ) [ 0000000000000000]
store_ln43                         (store        ) [ 0000000000000000]
shl_ln43                           (shl          ) [ 0000000000000000]
br_ln0                             (br           ) [ 0010000011000000]
p_013_0_0_0                        (phi          ) [ 0000000010000000]
store_ln43                         (store        ) [ 0000000000000000]
p_0                                (memshiftread ) [ 0000000001000000]
storemerge1                        (phi          ) [ 0000000001000000]
store_ln0                          (store        ) [ 0000000000000000]
write_ln47                         (write        ) [ 0000000000000000]
br_ln49                            (br           ) [ 0000000000000000]
storemerge                         (phi          ) [ 0000000001000000]
store_ln0                          (store        ) [ 0000000000000000]
ret_ln56                           (ret          ) [ 0000000000000000]
call_ret                           (call         ) [ 0000000000000000]
newret2                            (extractvalue ) [ 0000000000000000]
newret3                            (extractvalue ) [ 0000000000000000]
newret4                            (extractvalue ) [ 0000000000000000]
newret5                            (extractvalue ) [ 0000000000000000]
store_ln51                         (store        ) [ 0000000000000000]
store_ln51                         (store        ) [ 0000000000000000]
store_ln51                         (store        ) [ 0000000000000000]
store_ln51                         (store        ) [ 0000000000000000]
call_ret1                          (call         ) [ 0000000000000000]
newret                             (extractvalue ) [ 0000000000000000]
newret6                            (extractvalue ) [ 0000000000000000]
newret7                            (extractvalue ) [ 0000000000000000]
newret8                            (extractvalue ) [ 0000000000000000]
store_ln52                         (store        ) [ 0000000000000000]
store_ln52                         (store        ) [ 0000000000000000]
store_ln52                         (store        ) [ 0000000000000000]
shl_ln52                           (shl          ) [ 0000000000000001]
write_ln52                         (write        ) [ 0000000000000000]
br_ln0                             (br           ) [ 0000000001000001]
</LifeTime>

<model>

<comp_list>
<comp id="0" class="1000" name="input_r">
<pin_list>
<pin id="1" dir="1" index="0" bw="1" slack="0"/>
</pin_list>
<bind>
<StgValue><ssdm name="input_r"/></StgValue>
</bind>
</comp>

<comp id="2" class="1000" name="output_r">
<pin_list>
<pin id="3" dir="1" index="0" bw="1" slack="0"/>
</pin_list>
<bind>
<StgValue><ssdm name="output_r"/></StgValue>
</bind>
</comp>

<comp id="4" class="1000" name="mod_value1">
<pin_list>
<pin id="5" dir="1" index="0" bw="1" slack="0"/>
</pin_list>
<bind>
<StgValue><ssdm name="mod_value1"/></StgValue>
</bind>
</comp>

<comp id="6" class="1000" name="y1_phase1">
<pin_list>
<pin id="7" dir="1" index="0" bw="1" slack="0"/>
</pin_list>
<bind>
<StgValue><ssdm name="y1_phase1"/></StgValue>
</bind>
</comp>

<comp id="8" class="1000" name="mod_value2">
<pin_list>
<pin id="9" dir="1" index="0" bw="1" slack="0"/>
</pin_list>
<bind>
<StgValue><ssdm name="mod_value2"/></StgValue>
</bind>
</comp>

<comp id="10" class="1000" name="y2_phase1">
<pin_list>
<pin id="11" dir="1" index="0" bw="1" slack="0"/>
</pin_list>
<bind>
<StgValue><ssdm name="y2_phase1"/></StgValue>
</bind>
</comp>

<comp id="12" class="1000" name="p_ZL10H_accu_FIR_0">
<pin_list>
<pin id="13" dir="1" index="0" bw="1" slack="0"/>
</pin_list>
<bind>
<StgValue><ssdm name="p_ZL10H_accu_FIR_0"/></StgValue>
</bind>
</comp>

<comp id="14" class="1000" name="p_ZL10H_accu_FIR_1">
<pin_list>
<pin id="15" dir="1" index="0" bw="1" slack="0"/>
</pin_list>
<bind>
<StgValue><ssdm name="p_ZL10H_accu_FIR_1"/></StgValue>
</bind>
</comp>

<comp id="16" class="1000" name="p_ZL10H_accu_FIR_2">
<pin_list>
<pin id="17" dir="1" index="0" bw="1" slack="0"/>
</pin_list>
<bind>
<StgValue><ssdm name="p_ZL10H_accu_FIR_2"/></StgValue>
</bind>
</comp>

<comp id="18" class="1000" name="p_ZL10H_accu_FIR_3">
<pin_list>
<pin id="19" dir="1" index="0" bw="1" slack="0"/>
</pin_list>
<bind>
<StgValue><ssdm name="p_ZL10H_accu_FIR_3"/></StgValue>
</bind>
</comp>

<comp id="20" class="1000" name="p_ZL10H_accu_FIR_4">
<pin_list>
<pin id="21" dir="1" index="0" bw="1" slack="0"/>
</pin_list>
<bind>
<StgValue><ssdm name="p_ZL10H_accu_FIR_4"/></StgValue>
</bind>
</comp>

<comp id="22" class="1000" name="p_ZL10H_accu_FIR_5">
<pin_list>
<pin id="23" dir="1" index="0" bw="1" slack="0"/>
</pin_list>
<bind>
<StgValue><ssdm name="p_ZL10H_accu_FIR_5"/></StgValue>
</bind>
</comp>

<comp id="24" class="1000" name="p_ZL10H_accu_FIR_6">
<pin_list>
<pin id="25" dir="1" index="0" bw="1" slack="0"/>
</pin_list>
<bind>
<StgValue><ssdm name="p_ZL10H_accu_FIR_6"/></StgValue>
</bind>
</comp>

<comp id="26" class="1000" name="p_ZL10H_accu_FIR_7">
<pin_list>
<pin id="27" dir="1" index="0" bw="1" slack="0"/>
</pin_list>
<bind>
<StgValue><ssdm name="p_ZL10H_accu_FIR_7"/></StgValue>
</bind>
</comp>

<comp id="28" class="1000" name="p_ZL10H_accu_FIR_8">
<pin_list>
<pin id="29" dir="1" index="0" bw="1" slack="0"/>
</pin_list>
<bind>
<StgValue><ssdm name="p_ZL10H_accu_FIR_8"/></StgValue>
</bind>
</comp>

<comp id="30" class="1000" name="p_ZL10H_accu_FIR_9">
<pin_list>
<pin id="31" dir="1" index="0" bw="1" slack="0"/>
</pin_list>
<bind>
<StgValue><ssdm name="p_ZL10H_accu_FIR_9"/></StgValue>
</bind>
</comp>

<comp id="32" class="1000" name="p_ZL10H_accu_FIR_10">
<pin_list>
<pin id="33" dir="1" index="0" bw="1" slack="0"/>
</pin_list>
<bind>
<StgValue><ssdm name="p_ZL10H_accu_FIR_10"/></StgValue>
</bind>
</comp>

<comp id="34" class="1000" name="p_ZL10H_accu_FIR_11">
<pin_list>
<pin id="35" dir="1" index="0" bw="1" slack="0"/>
</pin_list>
<bind>
<StgValue><ssdm name="p_ZL10H_accu_FIR_11"/></StgValue>
</bind>
</comp>

<comp id="36" class="1000" name="p_ZL10H_accu_FIR_12">
<pin_list>
<pin id="37" dir="1" index="0" bw="1" slack="0"/>
</pin_list>
<bind>
<StgValue><ssdm name="p_ZL10H_accu_FIR_12"/></StgValue>
</bind>
</comp>

<comp id="38" class="1000" name="p_ZL10H_accu_FIR_13">
<pin_list>
<pin id="39" dir="1" index="0" bw="1" slack="0"/>
</pin_list>
<bind>
<StgValue><ssdm name="p_ZL10H_accu_FIR_13"/></StgValue>
</bind>
</comp>

<comp id="40" class="1000" name="p_ZL10H_accu_FIR_14">
<pin_list>
<pin id="41" dir="1" index="0" bw="1" slack="0"/>
</pin_list>
<bind>
<StgValue><ssdm name="p_ZL10H_accu_FIR_14"/></StgValue>
</bind>
</comp>

<comp id="42" class="1000" name="p_ZL10H_accu_FIR_15">
<pin_list>
<pin id="43" dir="1" index="0" bw="1" slack="0"/>
</pin_list>
<bind>
<StgValue><ssdm name="p_ZL10H_accu_FIR_15"/></StgValue>
</bind>
</comp>

<comp id="44" class="1000" name="p_ZL10H_accu_FIR_16">
<pin_list>
<pin id="45" dir="1" index="0" bw="1" slack="0"/>
</pin_list>
<bind>
<StgValue><ssdm name="p_ZL10H_accu_FIR_16"/></StgValue>
</bind>
</comp>

<comp id="46" class="1000" name="p_ZL10H_accu_FIR_17">
<pin_list>
<pin id="47" dir="1" index="0" bw="1" slack="0"/>
</pin_list>
<bind>
<StgValue><ssdm name="p_ZL10H_accu_FIR_17"/></StgValue>
</bind>
</comp>

<comp id="48" class="1000" name="p_ZL10H_accu_FIR_18">
<pin_list>
<pin id="49" dir="1" index="0" bw="1" slack="0"/>
</pin_list>
<bind>
<StgValue><ssdm name="p_ZL10H_accu_FIR_18"/></StgValue>
</bind>
</comp>

<comp id="50" class="1000" name="p_ZL10H_accu_FIR_19">
<pin_list>
<pin id="51" dir="1" index="0" bw="1" slack="0"/>
</pin_list>
<bind>
<StgValue><ssdm name="p_ZL10H_accu_FIR_19"/></StgValue>
</bind>
</comp>

<comp id="52" class="1000" name="p_ZL10H_accu_FIR_20">
<pin_list>
<pin id="53" dir="1" index="0" bw="1" slack="0"/>
</pin_list>
<bind>
<StgValue><ssdm name="p_ZL10H_accu_FIR_20"/></StgValue>
</bind>
</comp>

<comp id="54" class="1000" name="p_ZL10H_accu_FIR_21">
<pin_list>
<pin id="55" dir="1" index="0" bw="1" slack="0"/>
</pin_list>
<bind>
<StgValue><ssdm name="p_ZL10H_accu_FIR_21"/></StgValue>
</bind>
</comp>

<comp id="56" class="1000" name="p_ZL10H_accu_FIR_22">
<pin_list>
<pin id="57" dir="1" index="0" bw="1" slack="0"/>
</pin_list>
<bind>
<StgValue><ssdm name="p_ZL10H_accu_FIR_22"/></StgValue>
</bind>
</comp>

<comp id="58" class="1000" name="p_ZL10H_accu_FIR_23">
<pin_list>
<pin id="59" dir="1" index="0" bw="1" slack="0"/>
</pin_list>
<bind>
<StgValue><ssdm name="p_ZL10H_accu_FIR_23"/></StgValue>
</bind>
</comp>

<comp id="60" class="1000" name="p_ZL10H_accu_FIR_24">
<pin_list>
<pin id="61" dir="1" index="0" bw="1" slack="0"/>
</pin_list>
<bind>
<StgValue><ssdm name="p_ZL10H_accu_FIR_24"/></StgValue>
</bind>
</comp>

<comp id="62" class="1000" name="p_ZL10H_accu_FIR_25">
<pin_list>
<pin id="63" dir="1" index="0" bw="1" slack="0"/>
</pin_list>
<bind>
<StgValue><ssdm name="p_ZL10H_accu_FIR_25"/></StgValue>
</bind>
</comp>

<comp id="64" class="1000" name="p_ZL10H_accu_FIR_26">
<pin_list>
<pin id="65" dir="1" index="0" bw="1" slack="0"/>
</pin_list>
<bind>
<StgValue><ssdm name="p_ZL10H_accu_FIR_26"/></StgValue>
</bind>
</comp>

<comp id="66" class="1000" name="p_ZL10H_accu_FIR_27">
<pin_list>
<pin id="67" dir="1" index="0" bw="1" slack="0"/>
</pin_list>
<bind>
<StgValue><ssdm name="p_ZL10H_accu_FIR_27"/></StgValue>
</bind>
</comp>

<comp id="68" class="1000" name="p_ZL10H_accu_FIR_28">
<pin_list>
<pin id="69" dir="1" index="0" bw="1" slack="0"/>
</pin_list>
<bind>
<StgValue><ssdm name="p_ZL10H_accu_FIR_28"/></StgValue>
</bind>
</comp>

<comp id="70" class="1000" name="p_ZL10H_accu_FIR_29">
<pin_list>
<pin id="71" dir="1" index="0" bw="1" slack="0"/>
</pin_list>
<bind>
<StgValue><ssdm name="p_ZL10H_accu_FIR_29"/></StgValue>
</bind>
</comp>

<comp id="72" class="1000" name="p_ZL10H_accu_FIR_30">
<pin_list>
<pin id="73" dir="1" index="0" bw="1" slack="0"/>
</pin_list>
<bind>
<StgValue><ssdm name="p_ZL10H_accu_FIR_30"/></StgValue>
</bind>
</comp>

<comp id="74" class="1000" name="p_ZL10H_accu_FIR_31">
<pin_list>
<pin id="75" dir="1" index="0" bw="1" slack="0"/>
</pin_list>
<bind>
<StgValue><ssdm name="p_ZL10H_accu_FIR_31"/></StgValue>
</bind>
</comp>

<comp id="76" class="1000" name="p_ZL10H_accu_FIR_32">
<pin_list>
<pin id="77" dir="1" index="0" bw="1" slack="0"/>
</pin_list>
<bind>
<StgValue><ssdm name="p_ZL10H_accu_FIR_32"/></StgValue>
</bind>
</comp>

<comp id="78" class="1000" name="p_ZL10H_accu_FIR_33">
<pin_list>
<pin id="79" dir="1" index="0" bw="1" slack="0"/>
</pin_list>
<bind>
<StgValue><ssdm name="p_ZL10H_accu_FIR_33"/></StgValue>
</bind>
</comp>

<comp id="80" class="1000" name="p_ZL10H_accu_FIR_34">
<pin_list>
<pin id="81" dir="1" index="0" bw="1" slack="0"/>
</pin_list>
<bind>
<StgValue><ssdm name="p_ZL10H_accu_FIR_34"/></StgValue>
</bind>
</comp>

<comp id="82" class="1000" name="p_ZL10H_accu_FIR_35">
<pin_list>
<pin id="83" dir="1" index="0" bw="1" slack="0"/>
</pin_list>
<bind>
<StgValue><ssdm name="p_ZL10H_accu_FIR_35"/></StgValue>
</bind>
</comp>

<comp id="84" class="1000" name="p_ZL10H_accu_FIR_36">
<pin_list>
<pin id="85" dir="1" index="0" bw="1" slack="0"/>
</pin_list>
<bind>
<StgValue><ssdm name="p_ZL10H_accu_FIR_36"/></StgValue>
</bind>
</comp>

<comp id="86" class="1000" name="p_ZL10H_accu_FIR_37">
<pin_list>
<pin id="87" dir="1" index="0" bw="1" slack="0"/>
</pin_list>
<bind>
<StgValue><ssdm name="p_ZL10H_accu_FIR_37"/></StgValue>
</bind>
</comp>

<comp id="88" class="1000" name="p_ZL10H_accu_FIR_38">
<pin_list>
<pin id="89" dir="1" index="0" bw="1" slack="0"/>
</pin_list>
<bind>
<StgValue><ssdm name="p_ZL10H_accu_FIR_38"/></StgValue>
</bind>
</comp>

<comp id="90" class="1000" name="p_ZL10H_accu_FIR_39">
<pin_list>
<pin id="91" dir="1" index="0" bw="1" slack="0"/>
</pin_list>
<bind>
<StgValue><ssdm name="p_ZL10H_accu_FIR_39"/></StgValue>
</bind>
</comp>

<comp id="92" class="1000" name="p_ZL10H_accu_FIR_40">
<pin_list>
<pin id="93" dir="1" index="0" bw="1" slack="0"/>
</pin_list>
<bind>
<StgValue><ssdm name="p_ZL10H_accu_FIR_40"/></StgValue>
</bind>
</comp>

<comp id="94" class="1000" name="p_ZL10H_accu_FIR_41">
<pin_list>
<pin id="95" dir="1" index="0" bw="1" slack="0"/>
</pin_list>
<bind>
<StgValue><ssdm name="p_ZL10H_accu_FIR_41"/></StgValue>
</bind>
</comp>

<comp id="96" class="1000" name="p_ZL10H_accu_FIR_42">
<pin_list>
<pin id="97" dir="1" index="0" bw="1" slack="0"/>
</pin_list>
<bind>
<StgValue><ssdm name="p_ZL10H_accu_FIR_42"/></StgValue>
</bind>
</comp>

<comp id="98" class="1000" name="p_ZL10H_accu_FIR_43">
<pin_list>
<pin id="99" dir="1" index="0" bw="1" slack="0"/>
</pin_list>
<bind>
<StgValue><ssdm name="p_ZL10H_accu_FIR_43"/></StgValue>
</bind>
</comp>

<comp id="100" class="1000" name="p_ZL10H_accu_FIR_44">
<pin_list>
<pin id="101" dir="1" index="0" bw="1" slack="0"/>
</pin_list>
<bind>
<StgValue><ssdm name="p_ZL10H_accu_FIR_44"/></StgValue>
</bind>
</comp>

<comp id="102" class="1000" name="p_ZL10H_accu_FIR_45">
<pin_list>
<pin id="103" dir="1" index="0" bw="1" slack="0"/>
</pin_list>
<bind>
<StgValue><ssdm name="p_ZL10H_accu_FIR_45"/></StgValue>
</bind>
</comp>

<comp id="104" class="1000" name="p_ZL10H_accu_FIR_46">
<pin_list>
<pin id="105" dir="1" index="0" bw="1" slack="0"/>
</pin_list>
<bind>
<StgValue><ssdm name="p_ZL10H_accu_FIR_46"/></StgValue>
</bind>
</comp>

<comp id="106" class="1000" name="p_ZL10H_accu_FIR_47">
<pin_list>
<pin id="107" dir="1" index="0" bw="1" slack="0"/>
</pin_list>
<bind>
<StgValue><ssdm name="p_ZL10H_accu_FIR_47"/></StgValue>
</bind>
</comp>

<comp id="108" class="1000" name="p_ZL10H_accu_FIR_48">
<pin_list>
<pin id="109" dir="1" index="0" bw="1" slack="0"/>
</pin_list>
<bind>
<StgValue><ssdm name="p_ZL10H_accu_FIR_48"/></StgValue>
</bind>
</comp>

<comp id="110" class="1000" name="p_ZL10H_accu_FIR_49">
<pin_list>
<pin id="111" dir="1" index="0" bw="1" slack="0"/>
</pin_list>
<bind>
<StgValue><ssdm name="p_ZL10H_accu_FIR_49"/></StgValue>
</bind>
</comp>

<comp id="112" class="1000" name="p_ZL10H_accu_FIR_50">
<pin_list>
<pin id="113" dir="1" index="0" bw="1" slack="0"/>
</pin_list>
<bind>
<StgValue><ssdm name="p_ZL10H_accu_FIR_50"/></StgValue>
</bind>
</comp>

<comp id="114" class="1000" name="p_ZL10H_accu_FIR_51">
<pin_list>
<pin id="115" dir="1" index="0" bw="1" slack="0"/>
</pin_list>
<bind>
<StgValue><ssdm name="p_ZL10H_accu_FIR_51"/></StgValue>
</bind>
</comp>

<comp id="116" class="1000" name="p_ZL10H_accu_FIR_52">
<pin_list>
<pin id="117" dir="1" index="0" bw="1" slack="0"/>
</pin_list>
<bind>
<StgValue><ssdm name="p_ZL10H_accu_FIR_52"/></StgValue>
</bind>
</comp>

<comp id="118" class="1000" name="p_ZL10H_accu_FIR_53">
<pin_list>
<pin id="119" dir="1" index="0" bw="1" slack="0"/>
</pin_list>
<bind>
<StgValue><ssdm name="p_ZL10H_accu_FIR_53"/></StgValue>
</bind>
</comp>

<comp id="120" class="1000" name="p_ZL10H_accu_FIR_54">
<pin_list>
<pin id="121" dir="1" index="0" bw="1" slack="0"/>
</pin_list>
<bind>
<StgValue><ssdm name="p_ZL10H_accu_FIR_54"/></StgValue>
</bind>
</comp>

<comp id="122" class="1000" name="p_ZL10H_accu_FIR_55">
<pin_list>
<pin id="123" dir="1" index="0" bw="1" slack="0"/>
</pin_list>
<bind>
<StgValue><ssdm name="p_ZL10H_accu_FIR_55"/></StgValue>
</bind>
</comp>

<comp id="124" class="1000" name="p_ZL10H_accu_FIR_56">
<pin_list>
<pin id="125" dir="1" index="0" bw="1" slack="0"/>
</pin_list>
<bind>
<StgValue><ssdm name="p_ZL10H_accu_FIR_56"/></StgValue>
</bind>
</comp>

<comp id="126" class="1000" name="p_ZL10H_accu_FIR_57">
<pin_list>
<pin id="127" dir="1" index="0" bw="1" slack="0"/>
</pin_list>
<bind>
<StgValue><ssdm name="p_ZL10H_accu_FIR_57"/></StgValue>
</bind>
</comp>

<comp id="128" class="1000" name="p_ZL10H_accu_FIR_58">
<pin_list>
<pin id="129" dir="1" index="0" bw="1" slack="0"/>
</pin_list>
<bind>
<StgValue><ssdm name="p_ZL10H_accu_FIR_58"/></StgValue>
</bind>
</comp>

<comp id="130" class="1000" name="p_ZL10H_accu_FIR_59">
<pin_list>
<pin id="131" dir="1" index="0" bw="1" slack="0"/>
</pin_list>
<bind>
<StgValue><ssdm name="p_ZL10H_accu_FIR_59"/></StgValue>
</bind>
</comp>

<comp id="132" class="1000" name="p_ZL10H_accu_FIR_60">
<pin_list>
<pin id="133" dir="1" index="0" bw="1" slack="0"/>
</pin_list>
<bind>
<StgValue><ssdm name="p_ZL10H_accu_FIR_60"/></StgValue>
</bind>
</comp>

<comp id="134" class="1000" name="p_ZL10H_accu_FIR_61">
<pin_list>
<pin id="135" dir="1" index="0" bw="1" slack="0"/>
</pin_list>
<bind>
<StgValue><ssdm name="p_ZL10H_accu_FIR_61"/></StgValue>
</bind>
</comp>

<comp id="136" class="1000" name="p_ZL10H_accu_FIR_62">
<pin_list>
<pin id="137" dir="1" index="0" bw="1" slack="0"/>
</pin_list>
<bind>
<StgValue><ssdm name="p_ZL10H_accu_FIR_62"/></StgValue>
</bind>
</comp>

<comp id="138" class="1000" name="p_ZL10H_accu_FIR_63">
<pin_list>
<pin id="139" dir="1" index="0" bw="1" slack="0"/>
</pin_list>
<bind>
<StgValue><ssdm name="p_ZL10H_accu_FIR_63"/></StgValue>
</bind>
</comp>

<comp id="140" class="1000" name="p_ZL10H_accu_FIR_64">
<pin_list>
<pin id="141" dir="1" index="0" bw="1" slack="0"/>
</pin_list>
<bind>
<StgValue><ssdm name="p_ZL10H_accu_FIR_64"/></StgValue>
</bind>
</comp>

<comp id="142" class="1000" name="p_ZL10H_accu_FIR_65">
<pin_list>
<pin id="143" dir="1" index="0" bw="1" slack="0"/>
</pin_list>
<bind>
<StgValue><ssdm name="p_ZL10H_accu_FIR_65"/></StgValue>
</bind>
</comp>

<comp id="144" class="1000" name="p_ZL10H_accu_FIR_66">
<pin_list>
<pin id="145" dir="1" index="0" bw="1" slack="0"/>
</pin_list>
<bind>
<StgValue><ssdm name="p_ZL10H_accu_FIR_66"/></StgValue>
</bind>
</comp>

<comp id="146" class="1000" name="p_ZL10H_accu_FIR_67">
<pin_list>
<pin id="147" dir="1" index="0" bw="1" slack="0"/>
</pin_list>
<bind>
<StgValue><ssdm name="p_ZL10H_accu_FIR_67"/></StgValue>
</bind>
</comp>

<comp id="148" class="1000" name="p_ZL10H_accu_FIR_68">
<pin_list>
<pin id="149" dir="1" index="0" bw="1" slack="0"/>
</pin_list>
<bind>
<StgValue><ssdm name="p_ZL10H_accu_FIR_68"/></StgValue>
</bind>
</comp>

<comp id="150" class="1000" name="p_ZL10H_accu_FIR_69">
<pin_list>
<pin id="151" dir="1" index="0" bw="1" slack="0"/>
</pin_list>
<bind>
<StgValue><ssdm name="p_ZL10H_accu_FIR_69"/></StgValue>
</bind>
</comp>

<comp id="152" class="1000" name="p_ZL10H_accu_FIR_70">
<pin_list>
<pin id="153" dir="1" index="0" bw="1" slack="0"/>
</pin_list>
<bind>
<StgValue><ssdm name="p_ZL10H_accu_FIR_70"/></StgValue>
</bind>
</comp>

<comp id="154" class="1000" name="p_ZL10H_accu_FIR_71">
<pin_list>
<pin id="155" dir="1" index="0" bw="1" slack="0"/>
</pin_list>
<bind>
<StgValue><ssdm name="p_ZL10H_accu_FIR_71"/></StgValue>
</bind>
</comp>

<comp id="156" class="1000" name="p_ZL10H_accu_FIR_72">
<pin_list>
<pin id="157" dir="1" index="0" bw="1" slack="0"/>
</pin_list>
<bind>
<StgValue><ssdm name="p_ZL10H_accu_FIR_72"/></StgValue>
</bind>
</comp>

<comp id="158" class="1000" name="p_ZL10H_accu_FIR_73">
<pin_list>
<pin id="159" dir="1" index="0" bw="1" slack="0"/>
</pin_list>
<bind>
<StgValue><ssdm name="p_ZL10H_accu_FIR_73"/></StgValue>
</bind>
</comp>

<comp id="160" class="1000" name="p_ZL10H_accu_FIR_74">
<pin_list>
<pin id="161" dir="1" index="0" bw="1" slack="0"/>
</pin_list>
<bind>
<StgValue><ssdm name="p_ZL10H_accu_FIR_74"/></StgValue>
</bind>
</comp>

<comp id="162" class="1000" name="p_ZL10H_accu_FIR_75">
<pin_list>
<pin id="163" dir="1" index="0" bw="1" slack="0"/>
</pin_list>
<bind>
<StgValue><ssdm name="p_ZL10H_accu_FIR_75"/></StgValue>
</bind>
</comp>

<comp id="164" class="1000" name="p_ZL10H_accu_FIR_76">
<pin_list>
<pin id="165" dir="1" index="0" bw="1" slack="0"/>
</pin_list>
<bind>
<StgValue><ssdm name="p_ZL10H_accu_FIR_76"/></StgValue>
</bind>
</comp>

<comp id="166" class="1000" name="p_ZL10H_accu_FIR_77">
<pin_list>
<pin id="167" dir="1" index="0" bw="1" slack="0"/>
</pin_list>
<bind>
<StgValue><ssdm name="p_ZL10H_accu_FIR_77"/></StgValue>
</bind>
</comp>

<comp id="168" class="1000" name="p_ZL10H_accu_FIR_78">
<pin_list>
<pin id="169" dir="1" index="0" bw="1" slack="0"/>
</pin_list>
<bind>
<StgValue><ssdm name="p_ZL10H_accu_FIR_78"/></StgValue>
</bind>
</comp>

<comp id="170" class="1000" name="p_ZL10H_accu_FIR_79">
<pin_list>
<pin id="171" dir="1" index="0" bw="1" slack="0"/>
</pin_list>
<bind>
<StgValue><ssdm name="p_ZL10H_accu_FIR_79"/></StgValue>
</bind>
</comp>

<comp id="172" class="1000" name="p_ZL10H_accu_FIR_80">
<pin_list>
<pin id="173" dir="1" index="0" bw="1" slack="0"/>
</pin_list>
<bind>
<StgValue><ssdm name="p_ZL10H_accu_FIR_80"/></StgValue>
</bind>
</comp>

<comp id="174" class="1000" name="p_ZL10H_accu_FIR_81">
<pin_list>
<pin id="175" dir="1" index="0" bw="1" slack="0"/>
</pin_list>
<bind>
<StgValue><ssdm name="p_ZL10H_accu_FIR_81"/></StgValue>
</bind>
</comp>

<comp id="176" class="1000" name="p_ZL10H_accu_FIR_82">
<pin_list>
<pin id="177" dir="1" index="0" bw="1" slack="0"/>
</pin_list>
<bind>
<StgValue><ssdm name="p_ZL10H_accu_FIR_82"/></StgValue>
</bind>
</comp>

<comp id="178" class="1000" name="p_ZL10H_accu_FIR_83">
<pin_list>
<pin id="179" dir="1" index="0" bw="1" slack="0"/>
</pin_list>
<bind>
<StgValue><ssdm name="p_ZL10H_accu_FIR_83"/></StgValue>
</bind>
</comp>

<comp id="180" class="1000" name="p_ZL10H_accu_FIR_84">
<pin_list>
<pin id="181" dir="1" index="0" bw="1" slack="0"/>
</pin_list>
<bind>
<StgValue><ssdm name="p_ZL10H_accu_FIR_84"/></StgValue>
</bind>
</comp>

<comp id="182" class="1000" name="p_ZL10H_accu_FIR_85">
<pin_list>
<pin id="183" dir="1" index="0" bw="1" slack="0"/>
</pin_list>
<bind>
<StgValue><ssdm name="p_ZL10H_accu_FIR_85"/></StgValue>
</bind>
</comp>

<comp id="184" class="1000" name="p_ZL10H_accu_FIR_86">
<pin_list>
<pin id="185" dir="1" index="0" bw="1" slack="0"/>
</pin_list>
<bind>
<StgValue><ssdm name="p_ZL10H_accu_FIR_86"/></StgValue>
</bind>
</comp>

<comp id="186" class="1000" name="p_ZL10H_accu_FIR_87">
<pin_list>
<pin id="187" dir="1" index="0" bw="1" slack="0"/>
</pin_list>
<bind>
<StgValue><ssdm name="p_ZL10H_accu_FIR_87"/></StgValue>
</bind>
</comp>

<comp id="188" class="1000" name="p_ZL10H_accu_FIR_88">
<pin_list>
<pin id="189" dir="1" index="0" bw="1" slack="0"/>
</pin_list>
<bind>
<StgValue><ssdm name="p_ZL10H_accu_FIR_88"/></StgValue>
</bind>
</comp>

<comp id="190" class="1000" name="p_ZL10H_accu_FIR_89">
<pin_list>
<pin id="191" dir="1" index="0" bw="1" slack="0"/>
</pin_list>
<bind>
<StgValue><ssdm name="p_ZL10H_accu_FIR_89"/></StgValue>
</bind>
</comp>

<comp id="192" class="1000" name="p_ZL10H_accu_FIR_90">
<pin_list>
<pin id="193" dir="1" index="0" bw="1" slack="0"/>
</pin_list>
<bind>
<StgValue><ssdm name="p_ZL10H_accu_FIR_90"/></StgValue>
</bind>
</comp>

<comp id="194" class="1000" name="p_ZL10H_accu_FIR_91">
<pin_list>
<pin id="195" dir="1" index="0" bw="1" slack="0"/>
</pin_list>
<bind>
<StgValue><ssdm name="p_ZL10H_accu_FIR_91"/></StgValue>
</bind>
</comp>

<comp id="196" class="1000" name="p_ZL10H_accu_FIR_92">
<pin_list>
<pin id="197" dir="1" index="0" bw="1" slack="0"/>
</pin_list>
<bind>
<StgValue><ssdm name="p_ZL10H_accu_FIR_92"/></StgValue>
</bind>
</comp>

<comp id="198" class="1000" name="p_ZL10H_accu_FIR_93">
<pin_list>
<pin id="199" dir="1" index="0" bw="1" slack="0"/>
</pin_list>
<bind>
<StgValue><ssdm name="p_ZL10H_accu_FIR_93"/></StgValue>
</bind>
</comp>

<comp id="200" class="1000" name="p_ZL10H_accu_FIR_94">
<pin_list>
<pin id="201" dir="1" index="0" bw="1" slack="0"/>
</pin_list>
<bind>
<StgValue><ssdm name="p_ZL10H_accu_FIR_94"/></StgValue>
</bind>
</comp>

<comp id="202" class="1000" name="p_ZL10H_accu_FIR_95">
<pin_list>
<pin id="203" dir="1" index="0" bw="1" slack="0"/>
</pin_list>
<bind>
<StgValue><ssdm name="p_ZL10H_accu_FIR_95"/></StgValue>
</bind>
</comp>

<comp id="204" class="1000" name="p_ZL10H_accu_FIR_96">
<pin_list>
<pin id="205" dir="1" index="0" bw="1" slack="0"/>
</pin_list>
<bind>
<StgValue><ssdm name="p_ZL10H_accu_FIR_96"/></StgValue>
</bind>
</comp>

<comp id="206" class="1000" name="p_ZL10H_accu_FIR_97">
<pin_list>
<pin id="207" dir="1" index="0" bw="1" slack="0"/>
</pin_list>
<bind>
<StgValue><ssdm name="p_ZL10H_accu_FIR_97"/></StgValue>
</bind>
</comp>

<comp id="208" class="1000" name="p_ZL10H_accu_FIR_98">
<pin_list>
<pin id="209" dir="1" index="0" bw="1" slack="0"/>
</pin_list>
<bind>
<StgValue><ssdm name="p_ZL10H_accu_FIR_98"/></StgValue>
</bind>
</comp>

<comp id="210" class="1000" name="p_ZL10H_accu_FIR_99">
<pin_list>
<pin id="211" dir="1" index="0" bw="1" slack="0"/>
</pin_list>
<bind>
<StgValue><ssdm name="p_ZL10H_accu_FIR_99"/></StgValue>
</bind>
</comp>

<comp id="212" class="1000" name="p_ZL10H_accu_FIR_100">
<pin_list>
<pin id="213" dir="1" index="0" bw="1" slack="0"/>
</pin_list>
<bind>
<StgValue><ssdm name="p_ZL10H_accu_FIR_100"/></StgValue>
</bind>
</comp>

<comp id="214" class="1000" name="p_ZL10H_accu_FIR_101">
<pin_list>
<pin id="215" dir="1" index="0" bw="1" slack="0"/>
</pin_list>
<bind>
<StgValue><ssdm name="p_ZL10H_accu_FIR_101"/></StgValue>
</bind>
</comp>

<comp id="216" class="1000" name="p_ZL10H_accu_FIR_102">
<pin_list>
<pin id="217" dir="1" index="0" bw="1" slack="0"/>
</pin_list>
<bind>
<StgValue><ssdm name="p_ZL10H_accu_FIR_102"/></StgValue>
</bind>
</comp>

<comp id="218" class="1000" name="p_ZL10H_accu_FIR_103">
<pin_list>
<pin id="219" dir="1" index="0" bw="1" slack="0"/>
</pin_list>
<bind>
<StgValue><ssdm name="p_ZL10H_accu_FIR_103"/></StgValue>
</bind>
</comp>

<comp id="220" class="1000" name="p_ZL10H_accu_FIR_104">
<pin_list>
<pin id="221" dir="1" index="0" bw="1" slack="0"/>
</pin_list>
<bind>
<StgValue><ssdm name="p_ZL10H_accu_FIR_104"/></StgValue>
</bind>
</comp>

<comp id="222" class="1000" name="p_ZL10H_accu_FIR_105">
<pin_list>
<pin id="223" dir="1" index="0" bw="1" slack="0"/>
</pin_list>
<bind>
<StgValue><ssdm name="p_ZL10H_accu_FIR_105"/></StgValue>
</bind>
</comp>

<comp id="224" class="1000" name="p_ZL10H_accu_FIR_106">
<pin_list>
<pin id="225" dir="1" index="0" bw="1" slack="0"/>
</pin_list>
<bind>
<StgValue><ssdm name="p_ZL10H_accu_FIR_106"/></StgValue>
</bind>
</comp>

<comp id="226" class="1000" name="p_ZL10H_accu_FIR_107">
<pin_list>
<pin id="227" dir="1" index="0" bw="1" slack="0"/>
</pin_list>
<bind>
<StgValue><ssdm name="p_ZL10H_accu_FIR_107"/></StgValue>
</bind>
</comp>

<comp id="228" class="1000" name="p_ZL10H_accu_FIR_108">
<pin_list>
<pin id="229" dir="1" index="0" bw="1" slack="0"/>
</pin_list>
<bind>
<StgValue><ssdm name="p_ZL10H_accu_FIR_108"/></StgValue>
</bind>
</comp>

<comp id="230" class="1000" name="p_ZL10H_accu_FIR_109">
<pin_list>
<pin id="231" dir="1" index="0" bw="1" slack="0"/>
</pin_list>
<bind>
<StgValue><ssdm name="p_ZL10H_accu_FIR_109"/></StgValue>
</bind>
</comp>

<comp id="232" class="1000" name="p_ZL10H_accu_FIR_110">
<pin_list>
<pin id="233" dir="1" index="0" bw="1" slack="0"/>
</pin_list>
<bind>
<StgValue><ssdm name="p_ZL10H_accu_FIR_110"/></StgValue>
</bind>
</comp>

<comp id="234" class="1000" name="p_ZL10H_accu_FIR_111">
<pin_list>
<pin id="235" dir="1" index="0" bw="1" slack="0"/>
</pin_list>
<bind>
<StgValue><ssdm name="p_ZL10H_accu_FIR_111"/></StgValue>
</bind>
</comp>

<comp id="236" class="1000" name="p_ZL10H_accu_FIR_112">
<pin_list>
<pin id="237" dir="1" index="0" bw="1" slack="0"/>
</pin_list>
<bind>
<StgValue><ssdm name="p_ZL10H_accu_FIR_112"/></StgValue>
</bind>
</comp>

<comp id="238" class="1000" name="p_ZL10H_accu_FIR_113">
<pin_list>
<pin id="239" dir="1" index="0" bw="1" slack="0"/>
</pin_list>
<bind>
<StgValue><ssdm name="p_ZL10H_accu_FIR_113"/></StgValue>
</bind>
</comp>

<comp id="240" class="1000" name="p_ZL10H_accu_FIR_114">
<pin_list>
<pin id="241" dir="1" index="0" bw="1" slack="0"/>
</pin_list>
<bind>
<StgValue><ssdm name="p_ZL10H_accu_FIR_114"/></StgValue>
</bind>
</comp>

<comp id="242" class="1000" name="p_ZL10H_accu_FIR_115">
<pin_list>
<pin id="243" dir="1" index="0" bw="1" slack="0"/>
</pin_list>
<bind>
<StgValue><ssdm name="p_ZL10H_accu_FIR_115"/></StgValue>
</bind>
</comp>

<comp id="244" class="1000" name="p_ZL10H_accu_FIR_116">
<pin_list>
<pin id="245" dir="1" index="0" bw="1" slack="0"/>
</pin_list>
<bind>
<StgValue><ssdm name="p_ZL10H_accu_FIR_116"/></StgValue>
</bind>
</comp>

<comp id="246" class="1000" name="p_ZL10H_accu_FIR_117">
<pin_list>
<pin id="247" dir="1" index="0" bw="1" slack="0"/>
</pin_list>
<bind>
<StgValue><ssdm name="p_ZL10H_accu_FIR_117"/></StgValue>
</bind>
</comp>

<comp id="248" class="1000" name="p_ZL10H_accu_FIR_118">
<pin_list>
<pin id="249" dir="1" index="0" bw="1" slack="0"/>
</pin_list>
<bind>
<StgValue><ssdm name="p_ZL10H_accu_FIR_118"/></StgValue>
</bind>
</comp>

<comp id="250" class="1000" name="p_ZL10H_accu_FIR_119">
<pin_list>
<pin id="251" dir="1" index="0" bw="1" slack="0"/>
</pin_list>
<bind>
<StgValue><ssdm name="p_ZL10H_accu_FIR_119"/></StgValue>
</bind>
</comp>

<comp id="252" class="1000" name="p_ZL10H_accu_FIR_120">
<pin_list>
<pin id="253" dir="1" index="0" bw="1" slack="0"/>
</pin_list>
<bind>
<StgValue><ssdm name="p_ZL10H_accu_FIR_120"/></StgValue>
</bind>
</comp>

<comp id="254" class="1000" name="p_ZL10H_accu_FIR_121">
<pin_list>
<pin id="255" dir="1" index="0" bw="1" slack="0"/>
</pin_list>
<bind>
<StgValue><ssdm name="p_ZL10H_accu_FIR_121"/></StgValue>
</bind>
</comp>

<comp id="256" class="1000" name="p_ZL10H_accu_FIR_122">
<pin_list>
<pin id="257" dir="1" index="0" bw="1" slack="0"/>
</pin_list>
<bind>
<StgValue><ssdm name="p_ZL10H_accu_FIR_122"/></StgValue>
</bind>
</comp>

<comp id="258" class="1000" name="y3">
<pin_list>
<pin id="259" dir="1" index="0" bw="1" slack="0"/>
</pin_list>
<bind>
<StgValue><ssdm name="y3"/></StgValue>
</bind>
</comp>

<comp id="260" class="1000" name="p_ZL21H_filter_FIR_dec_2_21_0">
<pin_list>
<pin id="261" dir="1" index="0" bw="1" slack="0"/>
</pin_list>
<bind>
<StgValue><ssdm name="p_ZL21H_filter_FIR_dec_2_21_0"/></StgValue>
</bind>
</comp>

<comp id="262" class="1000" name="p_ZL21H_filter_FIR_dec_2_21_1">
<pin_list>
<pin id="263" dir="1" index="0" bw="1" slack="0"/>
</pin_list>
<bind>
<StgValue><ssdm name="p_ZL21H_filter_FIR_dec_2_21_1"/></StgValue>
</bind>
</comp>

<comp id="264" class="1000" name="p_ZL21H_filter_FIR_dec_2_21_2">
<pin_list>
<pin id="265" dir="1" index="0" bw="1" slack="0"/>
</pin_list>
<bind>
<StgValue><ssdm name="p_ZL21H_filter_FIR_dec_2_21_2"/></StgValue>
</bind>
</comp>

<comp id="266" class="1000" name="p_ZL21H_filter_FIR_dec_2_21_3">
<pin_list>
<pin id="267" dir="1" index="0" bw="1" slack="0"/>
</pin_list>
<bind>
<StgValue><ssdm name="p_ZL21H_filter_FIR_dec_2_21_3"/></StgValue>
</bind>
</comp>

<comp id="268" class="1000" name="p_ZL21H_filter_FIR_dec_2_21_4">
<pin_list>
<pin id="269" dir="1" index="0" bw="1" slack="0"/>
</pin_list>
<bind>
<StgValue><ssdm name="p_ZL21H_filter_FIR_dec_2_21_4"/></StgValue>
</bind>
</comp>

<comp id="270" class="1000" name="p_ZL21H_filter_FIR_int_2_21_0">
<pin_list>
<pin id="271" dir="1" index="0" bw="1" slack="0"/>
</pin_list>
<bind>
<StgValue><ssdm name="p_ZL21H_filter_FIR_int_2_21_0"/></StgValue>
</bind>
</comp>

<comp id="272" class="1000" name="p_ZL21H_filter_FIR_int_2_21_1">
<pin_list>
<pin id="273" dir="1" index="0" bw="1" slack="0"/>
</pin_list>
<bind>
<StgValue><ssdm name="p_ZL21H_filter_FIR_int_2_21_1"/></StgValue>
</bind>
</comp>

<comp id="274" class="1000" name="p_ZL21H_filter_FIR_int_2_21_2">
<pin_list>
<pin id="275" dir="1" index="0" bw="1" slack="0"/>
</pin_list>
<bind>
<StgValue><ssdm name="p_ZL21H_filter_FIR_int_2_21_2"/></StgValue>
</bind>
</comp>

<comp id="276" class="1000" name="p_ZL21H_filter_FIR_int_2_21_3">
<pin_list>
<pin id="277" dir="1" index="0" bw="1" slack="0"/>
</pin_list>
<bind>
<StgValue><ssdm name="p_ZL21H_filter_FIR_int_2_21_3"/></StgValue>
</bind>
</comp>

<comp id="278" class="1000" name="p_ZL21H_filter_FIR_int_2_21_4">
<pin_list>
<pin id="279" dir="1" index="0" bw="1" slack="0"/>
</pin_list>
<bind>
<StgValue><ssdm name="p_ZL21H_filter_FIR_int_2_21_4"/></StgValue>
</bind>
</comp>

<comp id="280" class="1000" name="y4">
<pin_list>
<pin id="281" dir="1" index="0" bw="1" slack="0"/>
</pin_list>
<bind>
<StgValue><ssdm name="y4"/></StgValue>
</bind>
</comp>

<comp id="282" class="1000" name="p_ZL21H_filter_FIR_dec_1_21_0">
<pin_list>
<pin id="283" dir="1" index="0" bw="1" slack="0"/>
</pin_list>
<bind>
<StgValue><ssdm name="p_ZL21H_filter_FIR_dec_1_21_0"/></StgValue>
</bind>
</comp>

<comp id="284" class="1000" name="p_ZL21H_filter_FIR_dec_1_21_1">
<pin_list>
<pin id="285" dir="1" index="0" bw="1" slack="0"/>
</pin_list>
<bind>
<StgValue><ssdm name="p_ZL21H_filter_FIR_dec_1_21_1"/></StgValue>
</bind>
</comp>

<comp id="286" class="1000" name="p_ZL21H_filter_FIR_dec_1_21_2">
<pin_list>
<pin id="287" dir="1" index="0" bw="1" slack="0"/>
</pin_list>
<bind>
<StgValue><ssdm name="p_ZL21H_filter_FIR_dec_1_21_2"/></StgValue>
</bind>
</comp>

<comp id="288" class="1000" name="p_ZL21H_filter_FIR_int_1_21_0">
<pin_list>
<pin id="289" dir="1" index="0" bw="1" slack="0"/>
</pin_list>
<bind>
<StgValue><ssdm name="p_ZL21H_filter_FIR_int_1_21_0"/></StgValue>
</bind>
</comp>

<comp id="290" class="1000" name="p_ZL21H_filter_FIR_int_1_21_1">
<pin_list>
<pin id="291" dir="1" index="0" bw="1" slack="0"/>
</pin_list>
<bind>
<StgValue><ssdm name="p_ZL21H_filter_FIR_int_1_21_1"/></StgValue>
</bind>
</comp>

<comp id="292" class="1000" name="p_ZL21H_filter_FIR_int_1_21_2">
<pin_list>
<pin id="293" dir="1" index="0" bw="1" slack="0"/>
</pin_list>
<bind>
<StgValue><ssdm name="p_ZL21H_filter_FIR_int_1_21_2"/></StgValue>
</bind>
</comp>

<comp id="294" class="1000" name="H_dec_1_20_V">
<pin_list>
<pin id="295" dir="1" index="0" bw="1" slack="2147483647"/>
</pin_list>
<bind>
<StgValue><ssdm name="H_dec_1_20_V"/><MemPortTyVec>2 </MemPortTyVec>
</StgValue>
</bind>
</comp>

<comp id="296" class="1000" name="H_dec_2_20_V">
<pin_list>
<pin id="297" dir="1" index="0" bw="1" slack="2147483647"/>
</pin_list>
<bind>
<StgValue><ssdm name="H_dec_2_20_V"/><MemPortTyVec>2 </MemPortTyVec>
</StgValue>
</bind>
</comp>

<comp id="298" class="1000" name="H_int_2_20_V">
<pin_list>
<pin id="299" dir="1" index="0" bw="1" slack="2147483647"/>
</pin_list>
<bind>
<StgValue><ssdm name="H_int_2_20_V"/><MemPortTyVec>2 </MemPortTyVec>
</StgValue>
</bind>
</comp>

<comp id="300" class="1000" name="H_int_1_20_V">
<pin_list>
<pin id="301" dir="1" index="0" bw="1" slack="2147483647"/>
</pin_list>
<bind>
<StgValue><ssdm name="H_int_1_20_V"/><MemPortTyVec>2 </MemPortTyVec>
</StgValue>
</bind>
</comp>

<comp id="302" class="1001" name="const_302">
<pin_list>
<pin id="303" dir="1" index="0" bw="1" slack="2147483647"/>
</pin_list>
<bind>
<StgValue><ssdm name="_ssdm_op_SpecTopModule"/></StgValue>
</bind>
</comp>

<comp id="304" class="1001" name="const_304">
<pin_list>
<pin id="305" dir="1" index="0" bw="1" slack="2147483647"/>
</pin_list>
<bind>
<StgValue><ssdm name="empty_0"/></StgValue>
</bind>
</comp>

<comp id="306" class="1001" name="const_306">
<pin_list>
<pin id="307" dir="1" index="0" bw="1" slack="2147483647"/>
</pin_list>
<bind>
<StgValue><ssdm name="_ssdm_op_SpecInterface"/></StgValue>
</bind>
</comp>

<comp id="308" class="1001" name="const_308">
<pin_list>
<pin id="309" dir="1" index="0" bw="1" slack="2147483647"/>
</pin_list>
<bind>
<StgValue><ssdm name=""/></StgValue>
</bind>
</comp>

<comp id="310" class="1001" name="const_310">
<pin_list>
<pin id="311" dir="1" index="0" bw="1" slack="2147483647"/>
</pin_list>
<bind>
<StgValue><ssdm name="empty"/></StgValue>
</bind>
</comp>

<comp id="312" class="1001" name="const_312">
<pin_list>
<pin id="313" dir="1" index="0" bw="1" slack="2147483647"/>
</pin_list>
<bind>
<StgValue><ssdm name="empty_1"/></StgValue>
</bind>
</comp>

<comp id="314" class="1001" name="const_314">
<pin_list>
<pin id="315" dir="1" index="0" bw="1" slack="2147483647"/>
</pin_list>
<bind>
<StgValue><ssdm name=""/></StgValue>
</bind>
</comp>

<comp id="316" class="1001" name="const_316">
<pin_list>
<pin id="317" dir="1" index="0" bw="1" slack="2147483647"/>
</pin_list>
<bind>
<StgValue><ssdm name="empty_2"/></StgValue>
</bind>
</comp>

<comp id="318" class="1001" name="const_318">
<pin_list>
<pin id="319" dir="1" index="0" bw="1" slack="0"/>
</pin_list>
<bind>
<StgValue><ssdm name=""/></StgValue>
</bind>
</comp>

<comp id="320" class="1001" name="const_320">
<pin_list>
<pin id="321" dir="1" index="0" bw="1" slack="2147483647"/>
</pin_list>
<bind>
<StgValue><ssdm name="empty_3"/></StgValue>
</bind>
</comp>

<comp id="322" class="1001" name="const_322">
<pin_list>
<pin id="323" dir="1" index="0" bw="1" slack="2147483647"/>
</pin_list>
<bind>
<StgValue><ssdm name="_ssdm_op_SpecBitsMap"/></StgValue>
</bind>
</comp>

<comp id="324" class="1001" name="const_324">
<pin_list>
<pin id="325" dir="1" index="0" bw="1" slack="0"/>
</pin_list>
<bind>
<StgValue><ssdm name="_ssdm_op_Read.axis.volatile.i16P128A"/></StgValue>
</bind>
</comp>

<comp id="326" class="1001" name="const_326">
<pin_list>
<pin id="327" dir="1" index="0" bw="1" slack="0"/>
</pin_list>
<bind>
<StgValue><ssdm name="_ssdm_op_MemShiftRead.[2 x i16]P0A"/></StgValue>
</bind>
</comp>

<comp id="328" class="1001" name="const_328">
<pin_list>
<pin id="329" dir="1" index="0" bw="1" slack="0"/>
</pin_list>
<bind>
<StgValue><ssdm name=""/></StgValue>
</bind>
</comp>

<comp id="330" class="1001" name="const_330">
<pin_list>
<pin id="331" dir="1" index="0" bw="1" slack="0"/>
</pin_list>
<bind>
<StgValue><ssdm name=""/></StgValue>
</bind>
</comp>

<comp id="332" class="1001" name="const_332">
<pin_list>
<pin id="333" dir="1" index="0" bw="1" slack="0"/>
</pin_list>
<bind>
<StgValue><ssdm name="_ssdm_op_BitSelect.i1.i16.i32"/></StgValue>
</bind>
</comp>

<comp id="334" class="1001" name="const_334">
<pin_list>
<pin id="335" dir="1" index="0" bw="1" slack="0"/>
</pin_list>
<bind>
<StgValue><ssdm name=""/></StgValue>
</bind>
</comp>

<comp id="336" class="1001" name="const_336">
<pin_list>
<pin id="337" dir="1" index="0" bw="1" slack="0"/>
</pin_list>
<bind>
<StgValue><ssdm name=""/></StgValue>
</bind>
</comp>

<comp id="338" class="1001" name="const_338">
<pin_list>
<pin id="339" dir="1" index="0" bw="1" slack="0"/>
</pin_list>
<bind>
<StgValue><ssdm name="_ssdm_op_PartSelect.i15.i17.i32.i32"/></StgValue>
</bind>
</comp>

<comp id="340" class="1001" name="const_340">
<pin_list>
<pin id="341" dir="1" index="0" bw="1" slack="0"/>
</pin_list>
<bind>
<StgValue><ssdm name="_ssdm_op_PartSelect.i15.i16.i32.i32"/></StgValue>
</bind>
</comp>

<comp id="342" class="1001" name="const_342">
<pin_list>
<pin id="343" dir="1" index="0" bw="1" slack="0"/>
</pin_list>
<bind>
<StgValue><ssdm name=""/></StgValue>
</bind>
</comp>

<comp id="344" class="1001" name="const_344">
<pin_list>
<pin id="345" dir="1" index="0" bw="1" slack="0"/>
</pin_list>
<bind>
<StgValue><ssdm name="_ssdm_op_MemShiftRead.[3 x i16]P0A"/></StgValue>
</bind>
</comp>

<comp id="346" class="1001" name="const_346">
<pin_list>
<pin id="347" dir="1" index="0" bw="1" slack="0"/>
</pin_list>
<bind>
<StgValue><ssdm name=""/></StgValue>
</bind>
</comp>

<comp id="348" class="1001" name="const_348">
<pin_list>
<pin id="349" dir="1" index="0" bw="1" slack="0"/>
</pin_list>
<bind>
<StgValue><ssdm name="FIR_filter"/></StgValue>
</bind>
</comp>

<comp id="350" class="1001" name="const_350">
<pin_list>
<pin id="351" dir="1" index="0" bw="1" slack="0"/>
</pin_list>
<bind>
<StgValue><ssdm name="FIR_filter.1"/></StgValue>
</bind>
</comp>

<comp id="352" class="1001" name="const_352">
<pin_list>
<pin id="353" dir="1" index="0" bw="1" slack="0"/>
</pin_list>
<bind>
<StgValue><ssdm name="FIR_filter_transposed"/></StgValue>
</bind>
</comp>

<comp id="354" class="1001" name="const_354">
<pin_list>
<pin id="355" dir="1" index="0" bw="1" slack="0"/>
</pin_list>
<bind>
<StgValue><ssdm name=""/></StgValue>
</bind>
</comp>

<comp id="356" class="1001" name="const_356">
<pin_list>
<pin id="357" dir="1" index="0" bw="1" slack="0"/>
</pin_list>
<bind>
<StgValue><ssdm name=""/></StgValue>
</bind>
</comp>

<comp id="358" class="1001" name="const_358">
<pin_list>
<pin id="359" dir="1" index="0" bw="1" slack="0"/>
</pin_list>
<bind>
<StgValue><ssdm name=""/></StgValue>
</bind>
</comp>

<comp id="360" class="1001" name="const_360">
<pin_list>
<pin id="361" dir="1" index="0" bw="1" slack="0"/>
</pin_list>
<bind>
<StgValue><ssdm name="_ssdm_op_Write.axis.volatile.i16P128A"/></StgValue>
</bind>
</comp>

<comp id="362" class="1001" name="const_362">
<pin_list>
<pin id="363" dir="1" index="0" bw="1" slack="1"/>
</pin_list>
<bind>
<StgValue><ssdm name=""/></StgValue>
</bind>
</comp>

<comp id="364" class="1004" name="input_r_read_read_fu_364">
<pin_list>
<pin id="365" dir="0" index="0" bw="16" slack="0"/>
<pin id="366" dir="0" index="1" bw="16" slack="0"/>
<pin id="367" dir="1" index="2" bw="16" slack="0"/>
</pin_list>
<bind>
<opcode="read(1150) " fcode="read"/>
<opset="input_r_read/1 "/>
</bind>
</comp>

<comp id="370" class="1004" name="grp_write_fu_370">
<pin_list>
<pin id="371" dir="0" index="0" bw="0" slack="0"/>
<pin id="372" dir="0" index="1" bw="16" slack="0"/>
<pin id="373" dir="0" index="2" bw="16" slack="0"/>
<pin id="374" dir="1" index="3" bw="0" slack="2147483647"/>
</pin_list>
<bind>
<opcode="write(1151) " fcode="write"/>
<opset="write_ln47/8 write_ln52/14 "/>
</bind>
</comp>

<comp id="377" class="1005" name="p_013_0_0_0_reg_377">
<pin_list>
<pin id="378" dir="0" index="0" bw="16" slack="2147483647"/>
<pin id="379" dir="1" index="1" bw="16" slack="2147483647"/>
</pin_list>
<bind>
<opset="p_013_0_0_0 (phireg) "/>
</bind>
</comp>

<comp id="380" class="1004" name="p_013_0_0_0_phi_fu_380">
<pin_list>
<pin id="381" dir="0" index="0" bw="16" slack="0"/>
<pin id="382" dir="0" index="1" bw="0" slack="2147483647"/>
<pin id="383" dir="0" index="2" bw="16" slack="5"/>
<pin id="384" dir="0" index="3" bw="0" slack="2147483647"/>
<pin id="385" dir="1" index="4" bw="16" slack="0"/>
</pin_list>
<bind>
<opcode="phi(47) " fcode="phi"/>
<opset="p_013_0_0_0/8 "/>
</bind>
</comp>

<comp id="386" class="1005" name="storemerge1_reg_386">
<pin_list>
<pin id="387" dir="0" index="0" bw="1" slack="1"/>
<pin id="388" dir="1" index="1" bw="1" slack="1"/>
</pin_list>
<bind>
<opset="storemerge1 (phireg) "/>
</bind>
</comp>

<comp id="391" class="1004" name="storemerge1_phi_fu_391">
<pin_list>
<pin id="392" dir="0" index="0" bw="1" slack="1"/>
<pin id="393" dir="0" index="1" bw="0" slack="2147483647"/>
<pin id="394" dir="0" index="2" bw="1" slack="6"/>
<pin id="395" dir="0" index="3" bw="0" slack="2147483647"/>
<pin id="396" dir="1" index="4" bw="1" slack="0"/>
</pin_list>
<bind>
<opcode="phi(47) " fcode="phi"/>
<opset="storemerge1/9 "/>
</bind>
</comp>

<comp id="399" class="1005" name="storemerge_reg_399">
<pin_list>
<pin id="400" dir="0" index="0" bw="1" slack="1"/>
<pin id="401" dir="1" index="1" bw="1" slack="1"/>
</pin_list>
<bind>
<opset="storemerge (phireg) "/>
</bind>
</comp>

<comp id="403" class="1004" name="storemerge_phi_fu_403">
<pin_list>
<pin id="404" dir="0" index="0" bw="1" slack="1"/>
<pin id="405" dir="0" index="1" bw="0" slack="2147483647"/>
<pin id="406" dir="0" index="2" bw="1" slack="0"/>
<pin id="407" dir="0" index="3" bw="0" slack="2147483647"/>
<pin id="408" dir="1" index="4" bw="1" slack="0"/>
</pin_list>
<bind>
<opcode="phi(47) " fcode="phi"/>
<opset="storemerge/9 "/>
</bind>
</comp>

<comp id="411" class="1004" name="grp_FIR_filter_fu_411">
<pin_list>
<pin id="412" dir="0" index="0" bw="96" slack="0"/>
<pin id="413" dir="0" index="1" bw="16" slack="0"/>
<pin id="414" dir="0" index="2" bw="16" slack="0"/>
<pin id="415" dir="0" index="3" bw="16" slack="0"/>
<pin id="416" dir="0" index="4" bw="16" slack="0"/>
<pin id="417" dir="0" index="5" bw="16" slack="0"/>
<pin id="418" dir="0" index="6" bw="16" slack="0"/>
<pin id="419" dir="1" index="7" bw="96" slack="0"/>
</pin_list>
<bind>
<opcode="call(48) " fcode="call"/>
<opset="call_ret2/1 "/>
</bind>
</comp>

<comp id="421" class="1004" name="grp_FIR_filter_fu_421">
<pin_list>
<pin id="422" dir="0" index="0" bw="96" slack="0"/>
<pin id="423" dir="0" index="1" bw="16" slack="0"/>
<pin id="424" dir="0" index="2" bw="16" slack="0"/>
<pin id="425" dir="0" index="3" bw="16" slack="0"/>
<pin id="426" dir="0" index="4" bw="16" slack="0"/>
<pin id="427" dir="0" index="5" bw="16" slack="0"/>
<pin id="428" dir="0" index="6" bw="16" slack="0"/>
<pin id="429" dir="1" index="7" bw="96" slack="0"/>
</pin_list>
<bind>
<opcode="call(48) " fcode="call"/>
<opset="call_ret3/1 "/>
</bind>
</comp>

<comp id="431" class="1004" name="grp_FIR_filter_1_fu_431">
<pin_list>
<pin id="432" dir="0" index="0" bw="64" slack="0"/>
<pin id="433" dir="0" index="1" bw="16" slack="0"/>
<pin id="434" dir="0" index="2" bw="16" slack="0"/>
<pin id="435" dir="0" index="3" bw="16" slack="0"/>
<pin id="436" dir="0" index="4" bw="16" slack="0"/>
<pin id="437" dir="1" index="5" bw="64" slack="0"/>
</pin_list>
<bind>
<opcode="call(48) " fcode="call"/>
<opset="call_ret/1 "/>
</bind>
</comp>

<comp id="440" class="1004" name="grp_FIR_filter_1_fu_440">
<pin_list>
<pin id="441" dir="0" index="0" bw="64" slack="0"/>
<pin id="442" dir="0" index="1" bw="16" slack="0"/>
<pin id="443" dir="0" index="2" bw="16" slack="0"/>
<pin id="444" dir="0" index="3" bw="16" slack="0"/>
<pin id="445" dir="0" index="4" bw="16" slack="0"/>
<pin id="446" dir="1" index="5" bw="64" slack="0"/>
</pin_list>
<bind>
<opcode="call(48) " fcode="call"/>
<opset="call_ret1/1 "/>
</bind>
</comp>

<comp id="448" class="1004" name="p_2_FIR_filter_transposed_fu_448">
<pin_list>
<pin id="449" dir="0" index="0" bw="16" slack="0"/>
<pin id="450" dir="0" index="1" bw="16" slack="1"/>
<pin id="451" dir="0" index="2" bw="32" slack="0"/>
<pin id="452" dir="0" index="3" bw="32" slack="0"/>
<pin id="453" dir="0" index="4" bw="32" slack="0"/>
<pin id="454" dir="0" index="5" bw="32" slack="0"/>
<pin id="455" dir="0" index="6" bw="32" slack="0"/>
<pin id="456" dir="0" index="7" bw="32" slack="0"/>
<pin id="457" dir="0" index="8" bw="32" slack="0"/>
<pin id="458" dir="0" index="9" bw="32" slack="0"/>
<pin id="459" dir="0" index="10" bw="32" slack="0"/>
<pin id="460" dir="0" index="11" bw="32" slack="0"/>
<pin id="461" dir="0" index="12" bw="32" slack="0"/>
<pin id="462" dir="0" index="13" bw="32" slack="0"/>
<pin id="463" dir="0" index="14" bw="32" slack="0"/>
<pin id="464" dir="0" index="15" bw="32" slack="0"/>
<pin id="465" dir="0" index="16" bw="32" slack="0"/>
<pin id="466" dir="0" index="17" bw="32" slack="0"/>
<pin id="467" dir="0" index="18" bw="32" slack="0"/>
<pin id="468" dir="0" index="19" bw="32" slack="0"/>
<pin id="469" dir="0" index="20" bw="32" slack="0"/>
<pin id="470" dir="0" index="21" bw="32" slack="0"/>
<pin id="471" dir="0" index="22" bw="32" slack="0"/>
<pin id="472" dir="0" index="23" bw="32" slack="0"/>
<pin id="473" dir="0" index="24" bw="32" slack="0"/>
<pin id="474" dir="0" index="25" bw="32" slack="0"/>
<pin id="475" dir="0" index="26" bw="32" slack="0"/>
<pin id="476" dir="0" index="27" bw="32" slack="0"/>
<pin id="477" dir="0" index="28" bw="32" slack="0"/>
<pin id="478" dir="0" index="29" bw="32" slack="0"/>
<pin id="479" dir="0" index="30" bw="32" slack="0"/>
<pin id="480" dir="0" index="31" bw="32" slack="0"/>
<pin id="481" dir="0" index="32" bw="32" slack="0"/>
<pin id="482" dir="0" index="33" bw="32" slack="0"/>
<pin id="483" dir="0" index="34" bw="32" slack="0"/>
<pin id="484" dir="0" index="35" bw="32" slack="0"/>
<pin id="485" dir="0" index="36" bw="32" slack="0"/>
<pin id="486" dir="0" index="37" bw="32" slack="0"/>
<pin id="487" dir="0" index="38" bw="32" slack="0"/>
<pin id="488" dir="0" index="39" bw="32" slack="0"/>
<pin id="489" dir="0" index="40" bw="32" slack="0"/>
<pin id="490" dir="0" index="41" bw="32" slack="0"/>
<pin id="491" dir="0" index="42" bw="32" slack="0"/>
<pin id="492" dir="0" index="43" bw="32" slack="0"/>
<pin id="493" dir="0" index="44" bw="32" slack="0"/>
<pin id="494" dir="0" index="45" bw="32" slack="0"/>
<pin id="495" dir="0" index="46" bw="32" slack="0"/>
<pin id="496" dir="0" index="47" bw="32" slack="0"/>
<pin id="497" dir="0" index="48" bw="32" slack="0"/>
<pin id="498" dir="0" index="49" bw="32" slack="0"/>
<pin id="499" dir="0" index="50" bw="32" slack="0"/>
<pin id="500" dir="0" index="51" bw="32" slack="0"/>
<pin id="501" dir="0" index="52" bw="32" slack="0"/>
<pin id="502" dir="0" index="53" bw="32" slack="0"/>
<pin id="503" dir="0" index="54" bw="32" slack="0"/>
<pin id="504" dir="0" index="55" bw="32" slack="0"/>
<pin id="505" dir="0" index="56" bw="32" slack="0"/>
<pin id="506" dir="0" index="57" bw="32" slack="0"/>
<pin id="507" dir="0" index="58" bw="32" slack="0"/>
<pin id="508" dir="0" index="59" bw="32" slack="0"/>
<pin id="509" dir="0" index="60" bw="32" slack="0"/>
<pin id="510" dir="0" index="61" bw="32" slack="0"/>
<pin id="511" dir="0" index="62" bw="32" slack="0"/>
<pin id="512" dir="0" index="63" bw="32" slack="0"/>
<pin id="513" dir="0" index="64" bw="32" slack="0"/>
<pin id="514" dir="0" index="65" bw="32" slack="0"/>
<pin id="515" dir="0" index="66" bw="32" slack="0"/>
<pin id="516" dir="0" index="67" bw="32" slack="0"/>
<pin id="517" dir="0" index="68" bw="32" slack="0"/>
<pin id="518" dir="0" index="69" bw="32" slack="0"/>
<pin id="519" dir="0" index="70" bw="32" slack="0"/>
<pin id="520" dir="0" index="71" bw="32" slack="0"/>
<pin id="521" dir="0" index="72" bw="32" slack="0"/>
<pin id="522" dir="0" index="73" bw="32" slack="0"/>
<pin id="523" dir="0" index="74" bw="32" slack="0"/>
<pin id="524" dir="0" index="75" bw="32" slack="0"/>
<pin id="525" dir="0" index="76" bw="32" slack="0"/>
<pin id="526" dir="0" index="77" bw="32" slack="0"/>
<pin id="527" dir="0" index="78" bw="32" slack="0"/>
<pin id="528" dir="0" index="79" bw="32" slack="0"/>
<pin id="529" dir="0" index="80" bw="32" slack="0"/>
<pin id="530" dir="0" index="81" bw="32" slack="0"/>
<pin id="531" dir="0" index="82" bw="32" slack="0"/>
<pin id="532" dir="0" index="83" bw="32" slack="0"/>
<pin id="533" dir="0" index="84" bw="32" slack="0"/>
<pin id="534" dir="0" index="85" bw="32" slack="0"/>
<pin id="535" dir="0" index="86" bw="32" slack="0"/>
<pin id="536" dir="0" index="87" bw="32" slack="0"/>
<pin id="537" dir="0" index="88" bw="32" slack="0"/>
<pin id="538" dir="0" index="89" bw="32" slack="0"/>
<pin id="539" dir="0" index="90" bw="32" slack="0"/>
<pin id="540" dir="0" index="91" bw="32" slack="0"/>
<pin id="541" dir="0" index="92" bw="32" slack="0"/>
<pin id="542" dir="0" index="93" bw="32" slack="0"/>
<pin id="543" dir="0" index="94" bw="32" slack="0"/>
<pin id="544" dir="0" index="95" bw="32" slack="0"/>
<pin id="545" dir="0" index="96" bw="32" slack="0"/>
<pin id="546" dir="0" index="97" bw="32" slack="0"/>
<pin id="547" dir="0" index="98" bw="32" slack="0"/>
<pin id="548" dir="0" index="99" bw="32" slack="0"/>
<pin id="549" dir="0" index="100" bw="32" slack="0"/>
<pin id="550" dir="0" index="101" bw="32" slack="0"/>
<pin id="551" dir="0" index="102" bw="32" slack="0"/>
<pin id="552" dir="0" index="103" bw="32" slack="0"/>
<pin id="553" dir="0" index="104" bw="32" slack="0"/>
<pin id="554" dir="0" index="105" bw="32" slack="0"/>
<pin id="555" dir="0" index="106" bw="32" slack="0"/>
<pin id="556" dir="0" index="107" bw="32" slack="0"/>
<pin id="557" dir="0" index="108" bw="32" slack="0"/>
<pin id="558" dir="0" index="109" bw="32" slack="0"/>
<pin id="559" dir="0" index="110" bw="32" slack="0"/>
<pin id="560" dir="0" index="111" bw="32" slack="0"/>
<pin id="561" dir="0" index="112" bw="32" slack="0"/>
<pin id="562" dir="0" index="113" bw="32" slack="0"/>
<pin id="563" dir="0" index="114" bw="31" slack="0"/>
<pin id="564" dir="0" index="115" bw="30" slack="0"/>
<pin id="565" dir="0" index="116" bw="29" slack="0"/>
<pin id="566" dir="0" index="117" bw="28" slack="0"/>
<pin id="567" dir="0" index="118" bw="27" slack="0"/>
<pin id="568" dir="0" index="119" bw="27" slack="0"/>
<pin id="569" dir="0" index="120" bw="26" slack="0"/>
<pin id="570" dir="0" index="121" bw="26" slack="0"/>
<pin id="571" dir="0" index="122" bw="25" slack="0"/>
<pin id="572" dir="0" index="123" bw="25" slack="0"/>
<pin id="573" dir="0" index="124" bw="23" slack="0"/>
<pin id="574" dir="1" index="125" bw="16" slack="0"/>
</pin_list>
<bind>
<opcode="call(48) " fcode="call"/>
<opset="p_2/2 "/>
</bind>
</comp>

<comp id="699" class="1004" name="mod_value1_load_load_fu_699">
<pin_list>
<pin id="700" dir="0" index="0" bw="1" slack="0"/>
<pin id="701" dir="1" index="1" bw="1" slack="7"/>
</pin_list>
<bind>
<opcode="load(27) " fcode="load"/>
<opset="mod_value1_load/1 "/>
</bind>
</comp>

<comp id="703" class="1004" name="p_s_fu_703">
<pin_list>
<pin id="704" dir="0" index="0" bw="16" slack="0"/>
<pin id="705" dir="0" index="1" bw="16" slack="0"/>
<pin id="706" dir="0" index="2" bw="16" slack="0"/>
<pin id="707" dir="0" index="3" bw="1" slack="0"/>
<pin id="708" dir="1" index="4" bw="16" slack="0"/>
</pin_list>
<bind>
<opcode="memshiftread(1195) " fcode="memshiftread"/>
<opset="p_s/1 "/>
</bind>
</comp>

<comp id="713" class="1004" name="sext_ln29_fu_713">
<pin_list>
<pin id="714" dir="0" index="0" bw="16" slack="0"/>
<pin id="715" dir="1" index="1" bw="17" slack="0"/>
</pin_list>
<bind>
<opcode="sext(35) " fcode="sext"/>
<opset="sext_ln29/1 "/>
</bind>
</comp>

<comp id="717" class="1004" name="tmp_fu_717">
<pin_list>
<pin id="718" dir="0" index="0" bw="1" slack="0"/>
<pin id="719" dir="0" index="1" bw="16" slack="0"/>
<pin id="720" dir="0" index="2" bw="5" slack="0"/>
<pin id="721" dir="1" index="3" bw="1" slack="0"/>
</pin_list>
<bind>
<opcode="bitselect(1000) " fcode="bitselect"/>
<opset="tmp/1 "/>
</bind>
</comp>

<comp id="725" class="1004" name="sub_ln29_fu_725">
<pin_list>
<pin id="726" dir="0" index="0" bw="1" slack="0"/>
<pin id="727" dir="0" index="1" bw="16" slack="0"/>
<pin id="728" dir="1" index="2" bw="17" slack="0"/>
</pin_list>
<bind>
<opcode="sub(10) " fcode="sub"/>
<opset="sub_ln29/1 "/>
</bind>
</comp>

<comp id="731" class="1004" name="trunc_ln29_1_cast_fu_731">
<pin_list>
<pin id="732" dir="0" index="0" bw="15" slack="0"/>
<pin id="733" dir="0" index="1" bw="17" slack="0"/>
<pin id="734" dir="0" index="2" bw="1" slack="0"/>
<pin id="735" dir="0" index="3" bw="5" slack="0"/>
<pin id="736" dir="1" index="4" bw="15" slack="0"/>
</pin_list>
<bind>
<opcode="partselect(1002) " fcode="partselect"/>
<opset="trunc_ln29_1_cast/1 "/>
</bind>
</comp>

<comp id="741" class="1004" name="trunc_ln29_2_fu_741">
<pin_list>
<pin id="742" dir="0" index="0" bw="15" slack="0"/>
<pin id="743" dir="0" index="1" bw="16" slack="0"/>
<pin id="744" dir="0" index="2" bw="1" slack="0"/>
<pin id="745" dir="0" index="3" bw="5" slack="0"/>
<pin id="746" dir="1" index="4" bw="15" slack="0"/>
</pin_list>
<bind>
<opcode="partselect(1002) " fcode="partselect"/>
<opset="trunc_ln29_2/1 "/>
</bind>
</comp>

<comp id="751" class="1004" name="sub_ln29_1_fu_751">
<pin_list>
<pin id="752" dir="0" index="0" bw="1" slack="0"/>
<pin id="753" dir="0" index="1" bw="15" slack="0"/>
<pin id="754" dir="1" index="2" bw="15" slack="0"/>
</pin_list>
<bind>
<opcode="sub(10) " fcode="sub"/>
<opset="sub_ln29_1/1 "/>
</bind>
</comp>

<comp id="757" class="1004" name="select_ln29_fu_757">
<pin_list>
<pin id="758" dir="0" index="0" bw="1" slack="0"/>
<pin id="759" dir="0" index="1" bw="15" slack="0"/>
<pin id="760" dir="0" index="2" bw="15" slack="0"/>
<pin id="761" dir="1" index="3" bw="15" slack="0"/>
</pin_list>
<bind>
<opcode="select(49) " fcode="select"/>
<opset="select_ln29/1 "/>
</bind>
</comp>

<comp id="765" class="1004" name="sext_ln29_1_fu_765">
<pin_list>
<pin id="766" dir="0" index="0" bw="15" slack="0"/>
<pin id="767" dir="1" index="1" bw="16" slack="0"/>
</pin_list>
<bind>
<opcode="sext(35) " fcode="sext"/>
<opset="sext_ln29_1/1 "/>
</bind>
</comp>

<comp id="769" class="1004" name="y1_phase1_load_load_fu_769">
<pin_list>
<pin id="770" dir="0" index="0" bw="16" slack="0"/>
<pin id="771" dir="1" index="1" bw="16" slack="0"/>
</pin_list>
<bind>
<opcode="load(27) " fcode="load"/>
<opset="y1_phase1_load/1 "/>
</bind>
</comp>

<comp id="773" class="1004" name="add_ln29_fu_773">
<pin_list>
<pin id="774" dir="0" index="0" bw="16" slack="0"/>
<pin id="775" dir="0" index="1" bw="15" slack="0"/>
<pin id="776" dir="1" index="2" bw="16" slack="0"/>
</pin_list>
<bind>
<opcode="add(8) " fcode="add"/>
<opset="add_ln29/1 "/>
</bind>
</comp>

<comp id="780" class="1004" name="mod_value2_load_load_fu_780">
<pin_list>
<pin id="781" dir="0" index="0" bw="1" slack="0"/>
<pin id="782" dir="1" index="1" bw="1" slack="6"/>
</pin_list>
<bind>
<opcode="load(27) " fcode="load"/>
<opset="mod_value2_load/1 "/>
</bind>
</comp>

<comp id="784" class="1004" name="p_1_fu_784">
<pin_list>
<pin id="785" dir="0" index="0" bw="16" slack="0"/>
<pin id="786" dir="0" index="1" bw="16" slack="0"/>
<pin id="787" dir="0" index="2" bw="16" slack="0"/>
<pin id="788" dir="0" index="3" bw="1" slack="0"/>
<pin id="789" dir="1" index="4" bw="16" slack="0"/>
</pin_list>
<bind>
<opcode="memshiftread(1195) " fcode="memshiftread"/>
<opset="p_1/1 "/>
</bind>
</comp>

<comp id="794" class="1004" name="sext_ln35_fu_794">
<pin_list>
<pin id="795" dir="0" index="0" bw="16" slack="0"/>
<pin id="796" dir="1" index="1" bw="17" slack="0"/>
</pin_list>
<bind>
<opcode="sext(35) " fcode="sext"/>
<opset="sext_ln35/1 "/>
</bind>
</comp>

<comp id="798" class="1004" name="tmp_10_fu_798">
<pin_list>
<pin id="799" dir="0" index="0" bw="1" slack="0"/>
<pin id="800" dir="0" index="1" bw="16" slack="0"/>
<pin id="801" dir="0" index="2" bw="5" slack="0"/>
<pin id="802" dir="1" index="3" bw="1" slack="0"/>
</pin_list>
<bind>
<opcode="bitselect(1000) " fcode="bitselect"/>
<opset="tmp_10/1 "/>
</bind>
</comp>

<comp id="806" class="1004" name="sub_ln35_fu_806">
<pin_list>
<pin id="807" dir="0" index="0" bw="1" slack="0"/>
<pin id="808" dir="0" index="1" bw="16" slack="0"/>
<pin id="809" dir="1" index="2" bw="17" slack="0"/>
</pin_list>
<bind>
<opcode="sub(10) " fcode="sub"/>
<opset="sub_ln35/1 "/>
</bind>
</comp>

<comp id="812" class="1004" name="trunc_ln35_1_cast_fu_812">
<pin_list>
<pin id="813" dir="0" index="0" bw="15" slack="0"/>
<pin id="814" dir="0" index="1" bw="17" slack="0"/>
<pin id="815" dir="0" index="2" bw="1" slack="0"/>
<pin id="816" dir="0" index="3" bw="5" slack="0"/>
<pin id="817" dir="1" index="4" bw="15" slack="0"/>
</pin_list>
<bind>
<opcode="partselect(1002) " fcode="partselect"/>
<opset="trunc_ln35_1_cast/1 "/>
</bind>
</comp>

<comp id="822" class="1004" name="trunc_ln35_2_fu_822">
<pin_list>
<pin id="823" dir="0" index="0" bw="15" slack="0"/>
<pin id="824" dir="0" index="1" bw="16" slack="0"/>
<pin id="825" dir="0" index="2" bw="1" slack="0"/>
<pin id="826" dir="0" index="3" bw="5" slack="0"/>
<pin id="827" dir="1" index="4" bw="15" slack="0"/>
</pin_list>
<bind>
<opcode="partselect(1002) " fcode="partselect"/>
<opset="trunc_ln35_2/1 "/>
</bind>
</comp>

<comp id="832" class="1004" name="sub_ln35_1_fu_832">
<pin_list>
<pin id="833" dir="0" index="0" bw="1" slack="0"/>
<pin id="834" dir="0" index="1" bw="15" slack="0"/>
<pin id="835" dir="1" index="2" bw="15" slack="0"/>
</pin_list>
<bind>
<opcode="sub(10) " fcode="sub"/>
<opset="sub_ln35_1/1 "/>
</bind>
</comp>

<comp id="838" class="1004" name="select_ln35_fu_838">
<pin_list>
<pin id="839" dir="0" index="0" bw="1" slack="0"/>
<pin id="840" dir="0" index="1" bw="15" slack="0"/>
<pin id="841" dir="0" index="2" bw="15" slack="0"/>
<pin id="842" dir="1" index="3" bw="15" slack="0"/>
</pin_list>
<bind>
<opcode="select(49) " fcode="select"/>
<opset="select_ln35/1 "/>
</bind>
</comp>

<comp id="846" class="1004" name="sext_ln35_1_fu_846">
<pin_list>
<pin id="847" dir="0" index="0" bw="15" slack="0"/>
<pin id="848" dir="1" index="1" bw="16" slack="0"/>
</pin_list>
<bind>
<opcode="sext(35) " fcode="sext"/>
<opset="sext_ln35_1/1 "/>
</bind>
</comp>

<comp id="850" class="1004" name="y2_phase1_load_load_fu_850">
<pin_list>
<pin id="851" dir="0" index="0" bw="16" slack="0"/>
<pin id="852" dir="1" index="1" bw="16" slack="0"/>
</pin_list>
<bind>
<opcode="load(27) " fcode="load"/>
<opset="y2_phase1_load/1 "/>
</bind>
</comp>

<comp id="854" class="1004" name="add_ln35_fu_854">
<pin_list>
<pin id="855" dir="0" index="0" bw="16" slack="0"/>
<pin id="856" dir="0" index="1" bw="15" slack="0"/>
<pin id="857" dir="1" index="2" bw="16" slack="1"/>
</pin_list>
<bind>
<opcode="add(8) " fcode="add"/>
<opset="add_ln35/1 "/>
</bind>
</comp>

<comp id="860" class="1004" name="p_ZL21H_filter_FIR_dec_2_21_0_load_load_fu_860">
<pin_list>
<pin id="861" dir="0" index="0" bw="16" slack="0"/>
<pin id="862" dir="1" index="1" bw="16" slack="0"/>
</pin_list>
<bind>
<opcode="load(27) " fcode="load"/>
<opset="p_ZL21H_filter_FIR_dec_2_21_0_load/1 "/>
</bind>
</comp>

<comp id="865" class="1004" name="p_ZL21H_filter_FIR_dec_2_21_1_load_load_fu_865">
<pin_list>
<pin id="866" dir="0" index="0" bw="16" slack="0"/>
<pin id="867" dir="1" index="1" bw="16" slack="0"/>
</pin_list>
<bind>
<opcode="load(27) " fcode="load"/>
<opset="p_ZL21H_filter_FIR_dec_2_21_1_load/1 "/>
</bind>
</comp>

<comp id="870" class="1004" name="p_ZL21H_filter_FIR_dec_2_21_2_load_load_fu_870">
<pin_list>
<pin id="871" dir="0" index="0" bw="16" slack="0"/>
<pin id="872" dir="1" index="1" bw="16" slack="0"/>
</pin_list>
<bind>
<opcode="load(27) " fcode="load"/>
<opset="p_ZL21H_filter_FIR_dec_2_21_2_load/1 "/>
</bind>
</comp>

<comp id="875" class="1004" name="p_ZL21H_filter_FIR_dec_2_21_3_load_load_fu_875">
<pin_list>
<pin id="876" dir="0" index="0" bw="16" slack="0"/>
<pin id="877" dir="1" index="1" bw="16" slack="0"/>
</pin_list>
<bind>
<opcode="load(27) " fcode="load"/>
<opset="p_ZL21H_filter_FIR_dec_2_21_3_load/1 "/>
</bind>
</comp>

<comp id="880" class="1004" name="p_ZL21H_filter_FIR_dec_2_21_4_load_load_fu_880">
<pin_list>
<pin id="881" dir="0" index="0" bw="16" slack="0"/>
<pin id="882" dir="1" index="1" bw="16" slack="0"/>
</pin_list>
<bind>
<opcode="load(27) " fcode="load"/>
<opset="p_ZL21H_filter_FIR_dec_2_21_4_load/1 "/>
</bind>
</comp>

<comp id="885" class="1004" name="y3_load_load_fu_885">
<pin_list>
<pin id="886" dir="0" index="0" bw="16" slack="0"/>
<pin id="887" dir="1" index="1" bw="16" slack="0"/>
</pin_list>
<bind>
<opcode="load(27) " fcode="load"/>
<opset="y3_load/1 "/>
</bind>
</comp>

<comp id="890" class="1004" name="p_ZL21H_filter_FIR_int_2_21_0_load_load_fu_890">
<pin_list>
<pin id="891" dir="0" index="0" bw="16" slack="0"/>
<pin id="892" dir="1" index="1" bw="16" slack="0"/>
</pin_list>
<bind>
<opcode="load(27) " fcode="load"/>
<opset="p_ZL21H_filter_FIR_int_2_21_0_load/1 "/>
</bind>
</comp>

<comp id="895" class="1004" name="p_ZL21H_filter_FIR_int_2_21_1_load_load_fu_895">
<pin_list>
<pin id="896" dir="0" index="0" bw="16" slack="0"/>
<pin id="897" dir="1" index="1" bw="16" slack="0"/>
</pin_list>
<bind>
<opcode="load(27) " fcode="load"/>
<opset="p_ZL21H_filter_FIR_int_2_21_1_load/1 "/>
</bind>
</comp>

<comp id="900" class="1004" name="p_ZL21H_filter_FIR_int_2_21_2_load_load_fu_900">
<pin_list>
<pin id="901" dir="0" index="0" bw="16" slack="0"/>
<pin id="902" dir="1" index="1" bw="16" slack="0"/>
</pin_list>
<bind>
<opcode="load(27) " fcode="load"/>
<opset="p_ZL21H_filter_FIR_int_2_21_2_load/1 "/>
</bind>
</comp>

<comp id="905" class="1004" name="p_ZL21H_filter_FIR_int_2_21_3_load_load_fu_905">
<pin_list>
<pin id="906" dir="0" index="0" bw="16" slack="0"/>
<pin id="907" dir="1" index="1" bw="16" slack="0"/>
</pin_list>
<bind>
<opcode="load(27) " fcode="load"/>
<opset="p_ZL21H_filter_FIR_int_2_21_3_load/1 "/>
</bind>
</comp>

<comp id="910" class="1004" name="p_ZL21H_filter_FIR_int_2_21_4_load_load_fu_910">
<pin_list>
<pin id="911" dir="0" index="0" bw="16" slack="0"/>
<pin id="912" dir="1" index="1" bw="16" slack="0"/>
</pin_list>
<bind>
<opcode="load(27) " fcode="load"/>
<opset="p_ZL21H_filter_FIR_int_2_21_4_load/1 "/>
</bind>
</comp>

<comp id="915" class="1004" name="p_ZL21H_filter_FIR_dec_1_21_0_load_load_fu_915">
<pin_list>
<pin id="916" dir="0" index="0" bw="16" slack="0"/>
<pin id="917" dir="1" index="1" bw="16" slack="0"/>
</pin_list>
<bind>
<opcode="load(27) " fcode="load"/>
<opset="p_ZL21H_filter_FIR_dec_1_21_0_load/1 "/>
</bind>
</comp>

<comp id="920" class="1004" name="p_ZL21H_filter_FIR_dec_1_21_1_load_load_fu_920">
<pin_list>
<pin id="921" dir="0" index="0" bw="16" slack="0"/>
<pin id="922" dir="1" index="1" bw="16" slack="0"/>
</pin_list>
<bind>
<opcode="load(27) " fcode="load"/>
<opset="p_ZL21H_filter_FIR_dec_1_21_1_load/1 "/>
</bind>
</comp>

<comp id="925" class="1004" name="p_ZL21H_filter_FIR_dec_1_21_2_load_load_fu_925">
<pin_list>
<pin id="926" dir="0" index="0" bw="16" slack="0"/>
<pin id="927" dir="1" index="1" bw="16" slack="0"/>
</pin_list>
<bind>
<opcode="load(27) " fcode="load"/>
<opset="p_ZL21H_filter_FIR_dec_1_21_2_load/1 "/>
</bind>
</comp>

<comp id="930" class="1004" name="y4_load_load_fu_930">
<pin_list>
<pin id="931" dir="0" index="0" bw="16" slack="0"/>
<pin id="932" dir="1" index="1" bw="16" slack="0"/>
</pin_list>
<bind>
<opcode="load(27) " fcode="load"/>
<opset="y4_load/1 "/>
</bind>
</comp>

<comp id="935" class="1004" name="p_ZL21H_filter_FIR_int_1_21_0_load_load_fu_935">
<pin_list>
<pin id="936" dir="0" index="0" bw="16" slack="0"/>
<pin id="937" dir="1" index="1" bw="16" slack="0"/>
</pin_list>
<bind>
<opcode="load(27) " fcode="load"/>
<opset="p_ZL21H_filter_FIR_int_1_21_0_load/1 "/>
</bind>
</comp>

<comp id="940" class="1004" name="p_ZL21H_filter_FIR_int_1_21_1_load_load_fu_940">
<pin_list>
<pin id="941" dir="0" index="0" bw="16" slack="0"/>
<pin id="942" dir="1" index="1" bw="16" slack="0"/>
</pin_list>
<bind>
<opcode="load(27) " fcode="load"/>
<opset="p_ZL21H_filter_FIR_int_1_21_1_load/1 "/>
</bind>
</comp>

<comp id="945" class="1004" name="p_ZL21H_filter_FIR_int_1_21_2_load_load_fu_945">
<pin_list>
<pin id="946" dir="0" index="0" bw="16" slack="0"/>
<pin id="947" dir="1" index="1" bw="16" slack="0"/>
</pin_list>
<bind>
<opcode="load(27) " fcode="load"/>
<opset="p_ZL21H_filter_FIR_int_1_21_2_load/1 "/>
</bind>
</comp>

<comp id="950" class="1004" name="store_ln36_store_fu_950">
<pin_list>
<pin id="951" dir="0" index="0" bw="16" slack="0"/>
<pin id="952" dir="0" index="1" bw="16" slack="0"/>
<pin id="953" dir="1" index="2" bw="0" slack="2147483647"/>
</pin_list>
<bind>
<opcode="store(28) " fcode="store"/>
<opset="store_ln36/2 "/>
</bind>
</comp>

<comp id="956" class="1004" name="p_3_fu_956">
<pin_list>
<pin id="957" dir="0" index="0" bw="16" slack="0"/>
<pin id="958" dir="0" index="1" bw="16" slack="0"/>
<pin id="959" dir="0" index="2" bw="16" slack="0"/>
<pin id="960" dir="0" index="3" bw="1" slack="0"/>
<pin id="961" dir="1" index="4" bw="16" slack="5"/>
</pin_list>
<bind>
<opcode="memshiftread(1195) " fcode="memshiftread"/>
<opset="p_3/2 "/>
</bind>
</comp>

<comp id="966" class="1004" name="newret9_fu_966">
<pin_list>
<pin id="967" dir="0" index="0" bw="96" slack="0"/>
<pin id="968" dir="1" index="1" bw="16" slack="0"/>
</pin_list>
<bind>
<opcode="extractvalue(56) " fcode="extractvalue"/>
<opset="newret9/8 "/>
</bind>
</comp>

<comp id="970" class="1004" name="newret1_fu_970">
<pin_list>
<pin id="971" dir="0" index="0" bw="96" slack="0"/>
<pin id="972" dir="1" index="1" bw="16" slack="0"/>
</pin_list>
<bind>
<opcode="extractvalue(56) " fcode="extractvalue"/>
<opset="newret1/8 "/>
</bind>
</comp>

<comp id="974" class="1004" name="newret10_fu_974">
<pin_list>
<pin id="975" dir="0" index="0" bw="96" slack="0"/>
<pin id="976" dir="1" index="1" bw="16" slack="0"/>
</pin_list>
<bind>
<opcode="extractvalue(56) " fcode="extractvalue"/>
<opset="newret10/8 "/>
</bind>
</comp>

<comp id="978" class="1004" name="newret11_fu_978">
<pin_list>
<pin id="979" dir="0" index="0" bw="96" slack="0"/>
<pin id="980" dir="1" index="1" bw="16" slack="0"/>
</pin_list>
<bind>
<opcode="extractvalue(56) " fcode="extractvalue"/>
<opset="newret11/8 "/>
</bind>
</comp>

<comp id="982" class="1004" name="newret12_fu_982">
<pin_list>
<pin id="983" dir="0" index="0" bw="96" slack="0"/>
<pin id="984" dir="1" index="1" bw="16" slack="0"/>
</pin_list>
<bind>
<opcode="extractvalue(56) " fcode="extractvalue"/>
<opset="newret12/8 "/>
</bind>
</comp>

<comp id="986" class="1004" name="newret13_fu_986">
<pin_list>
<pin id="987" dir="0" index="0" bw="96" slack="0"/>
<pin id="988" dir="1" index="1" bw="16" slack="0"/>
</pin_list>
<bind>
<opcode="extractvalue(56) " fcode="extractvalue"/>
<opset="newret13/8 "/>
</bind>
</comp>

<comp id="990" class="1004" name="store_ln42_store_fu_990">
<pin_list>
<pin id="991" dir="0" index="0" bw="16" slack="0"/>
<pin id="992" dir="0" index="1" bw="16" slack="0"/>
<pin id="993" dir="1" index="2" bw="0" slack="2147483647"/>
</pin_list>
<bind>
<opcode="store(28) " fcode="store"/>
<opset="store_ln42/8 "/>
</bind>
</comp>

<comp id="996" class="1004" name="store_ln42_store_fu_996">
<pin_list>
<pin id="997" dir="0" index="0" bw="16" slack="0"/>
<pin id="998" dir="0" index="1" bw="16" slack="0"/>
<pin id="999" dir="1" index="2" bw="0" slack="2147483647"/>
</pin_list>
<bind>
<opcode="store(28) " fcode="store"/>
<opset="store_ln42/8 "/>
</bind>
</comp>

<comp id="1002" class="1004" name="store_ln42_store_fu_1002">
<pin_list>
<pin id="1003" dir="0" index="0" bw="16" slack="0"/>
<pin id="1004" dir="0" index="1" bw="16" slack="0"/>
<pin id="1005" dir="1" index="2" bw="0" slack="2147483647"/>
</pin_list>
<bind>
<opcode="store(28) " fcode="store"/>
<opset="store_ln42/8 "/>
</bind>
</comp>

<comp id="1008" class="1004" name="store_ln42_store_fu_1008">
<pin_list>
<pin id="1009" dir="0" index="0" bw="16" slack="0"/>
<pin id="1010" dir="0" index="1" bw="16" slack="0"/>
<pin id="1011" dir="1" index="2" bw="0" slack="2147483647"/>
</pin_list>
<bind>
<opcode="store(28) " fcode="store"/>
<opset="store_ln42/8 "/>
</bind>
</comp>

<comp id="1014" class="1004" name="store_ln42_store_fu_1014">
<pin_list>
<pin id="1015" dir="0" index="0" bw="16" slack="0"/>
<pin id="1016" dir="0" index="1" bw="16" slack="0"/>
<pin id="1017" dir="1" index="2" bw="0" slack="2147483647"/>
</pin_list>
<bind>
<opcode="store(28) " fcode="store"/>
<opset="store_ln42/8 "/>
</bind>
</comp>

<comp id="1020" class="1004" name="store_ln42_store_fu_1020">
<pin_list>
<pin id="1021" dir="0" index="0" bw="16" slack="0"/>
<pin id="1022" dir="0" index="1" bw="16" slack="0"/>
<pin id="1023" dir="1" index="2" bw="0" slack="2147483647"/>
</pin_list>
<bind>
<opcode="store(28) " fcode="store"/>
<opset="store_ln42/8 "/>
</bind>
</comp>

<comp id="1026" class="1004" name="newret14_fu_1026">
<pin_list>
<pin id="1027" dir="0" index="0" bw="96" slack="0"/>
<pin id="1028" dir="1" index="1" bw="16" slack="0"/>
</pin_list>
<bind>
<opcode="extractvalue(56) " fcode="extractvalue"/>
<opset="newret14/8 "/>
</bind>
</comp>

<comp id="1030" class="1004" name="newret15_fu_1030">
<pin_list>
<pin id="1031" dir="0" index="0" bw="96" slack="0"/>
<pin id="1032" dir="1" index="1" bw="16" slack="0"/>
</pin_list>
<bind>
<opcode="extractvalue(56) " fcode="extractvalue"/>
<opset="newret15/8 "/>
</bind>
</comp>

<comp id="1034" class="1004" name="newret16_fu_1034">
<pin_list>
<pin id="1035" dir="0" index="0" bw="96" slack="0"/>
<pin id="1036" dir="1" index="1" bw="16" slack="0"/>
</pin_list>
<bind>
<opcode="extractvalue(56) " fcode="extractvalue"/>
<opset="newret16/8 "/>
</bind>
</comp>

<comp id="1038" class="1004" name="newret17_fu_1038">
<pin_list>
<pin id="1039" dir="0" index="0" bw="96" slack="0"/>
<pin id="1040" dir="1" index="1" bw="16" slack="0"/>
</pin_list>
<bind>
<opcode="extractvalue(56) " fcode="extractvalue"/>
<opset="newret17/8 "/>
</bind>
</comp>

<comp id="1042" class="1004" name="newret18_fu_1042">
<pin_list>
<pin id="1043" dir="0" index="0" bw="96" slack="0"/>
<pin id="1044" dir="1" index="1" bw="16" slack="0"/>
</pin_list>
<bind>
<opcode="extractvalue(56) " fcode="extractvalue"/>
<opset="newret18/8 "/>
</bind>
</comp>

<comp id="1046" class="1004" name="newret19_fu_1046">
<pin_list>
<pin id="1047" dir="0" index="0" bw="96" slack="0"/>
<pin id="1048" dir="1" index="1" bw="16" slack="0"/>
</pin_list>
<bind>
<opcode="extractvalue(56) " fcode="extractvalue"/>
<opset="newret19/8 "/>
</bind>
</comp>

<comp id="1050" class="1004" name="store_ln43_store_fu_1050">
<pin_list>
<pin id="1051" dir="0" index="0" bw="16" slack="0"/>
<pin id="1052" dir="0" index="1" bw="16" slack="0"/>
<pin id="1053" dir="1" index="2" bw="0" slack="2147483647"/>
</pin_list>
<bind>
<opcode="store(28) " fcode="store"/>
<opset="store_ln43/8 "/>
</bind>
</comp>

<comp id="1056" class="1004" name="store_ln43_store_fu_1056">
<pin_list>
<pin id="1057" dir="0" index="0" bw="16" slack="0"/>
<pin id="1058" dir="0" index="1" bw="16" slack="0"/>
<pin id="1059" dir="1" index="2" bw="0" slack="2147483647"/>
</pin_list>
<bind>
<opcode="store(28) " fcode="store"/>
<opset="store_ln43/8 "/>
</bind>
</comp>

<comp id="1062" class="1004" name="store_ln43_store_fu_1062">
<pin_list>
<pin id="1063" dir="0" index="0" bw="16" slack="0"/>
<pin id="1064" dir="0" index="1" bw="16" slack="0"/>
<pin id="1065" dir="1" index="2" bw="0" slack="2147483647"/>
</pin_list>
<bind>
<opcode="store(28) " fcode="store"/>
<opset="store_ln43/8 "/>
</bind>
</comp>

<comp id="1068" class="1004" name="store_ln43_store_fu_1068">
<pin_list>
<pin id="1069" dir="0" index="0" bw="16" slack="0"/>
<pin id="1070" dir="0" index="1" bw="16" slack="0"/>
<pin id="1071" dir="1" index="2" bw="0" slack="2147483647"/>
</pin_list>
<bind>
<opcode="store(28) " fcode="store"/>
<opset="store_ln43/8 "/>
</bind>
</comp>

<comp id="1074" class="1004" name="store_ln43_store_fu_1074">
<pin_list>
<pin id="1075" dir="0" index="0" bw="16" slack="0"/>
<pin id="1076" dir="0" index="1" bw="16" slack="0"/>
<pin id="1077" dir="1" index="2" bw="0" slack="2147483647"/>
</pin_list>
<bind>
<opcode="store(28) " fcode="store"/>
<opset="store_ln43/8 "/>
</bind>
</comp>

<comp id="1080" class="1004" name="shl_ln43_fu_1080">
<pin_list>
<pin id="1081" dir="0" index="0" bw="16" slack="0"/>
<pin id="1082" dir="0" index="1" bw="1" slack="0"/>
<pin id="1083" dir="1" index="2" bw="16" slack="0"/>
</pin_list>
<bind>
<opcode="shl(20) " fcode="shl"/>
<opset="shl_ln43/8 "/>
</bind>
</comp>

<comp id="1087" class="1004" name="store_ln43_store_fu_1087">
<pin_list>
<pin id="1088" dir="0" index="0" bw="16" slack="0"/>
<pin id="1089" dir="0" index="1" bw="16" slack="0"/>
<pin id="1090" dir="1" index="2" bw="0" slack="2147483647"/>
</pin_list>
<bind>
<opcode="store(28) " fcode="store"/>
<opset="store_ln43/8 "/>
</bind>
</comp>

<comp id="1093" class="1004" name="p_0_fu_1093">
<pin_list>
<pin id="1094" dir="0" index="0" bw="16" slack="0"/>
<pin id="1095" dir="0" index="1" bw="16" slack="0"/>
<pin id="1096" dir="0" index="2" bw="16" slack="0"/>
<pin id="1097" dir="0" index="3" bw="1" slack="0"/>
<pin id="1098" dir="1" index="4" bw="16" slack="0"/>
</pin_list>
<bind>
<opcode="memshiftread(1195) " fcode="memshiftread"/>
<opset="p_0/8 "/>
</bind>
</comp>

<comp id="1104" class="1004" name="store_ln0_store_fu_1104">
<pin_list>
<pin id="1105" dir="0" index="0" bw="1" slack="0"/>
<pin id="1106" dir="0" index="1" bw="1" slack="0"/>
<pin id="1107" dir="1" index="2" bw="0" slack="2147483647"/>
</pin_list>
<bind>
<opcode="store(28) " fcode="store"/>
<opset="store_ln0/9 "/>
</bind>
</comp>

<comp id="1110" class="1004" name="store_ln0_store_fu_1110">
<pin_list>
<pin id="1111" dir="0" index="0" bw="1" slack="0"/>
<pin id="1112" dir="0" index="1" bw="1" slack="0"/>
<pin id="1113" dir="1" index="2" bw="0" slack="2147483647"/>
</pin_list>
<bind>
<opcode="store(28) " fcode="store"/>
<opset="store_ln0/9 "/>
</bind>
</comp>

<comp id="1116" class="1004" name="newret2_fu_1116">
<pin_list>
<pin id="1117" dir="0" index="0" bw="64" slack="0"/>
<pin id="1118" dir="1" index="1" bw="16" slack="0"/>
</pin_list>
<bind>
<opcode="extractvalue(56) " fcode="extractvalue"/>
<opset="newret2/14 "/>
</bind>
</comp>

<comp id="1120" class="1004" name="newret3_fu_1120">
<pin_list>
<pin id="1121" dir="0" index="0" bw="64" slack="0"/>
<pin id="1122" dir="1" index="1" bw="16" slack="0"/>
</pin_list>
<bind>
<opcode="extractvalue(56) " fcode="extractvalue"/>
<opset="newret3/14 "/>
</bind>
</comp>

<comp id="1124" class="1004" name="newret4_fu_1124">
<pin_list>
<pin id="1125" dir="0" index="0" bw="64" slack="0"/>
<pin id="1126" dir="1" index="1" bw="16" slack="0"/>
</pin_list>
<bind>
<opcode="extractvalue(56) " fcode="extractvalue"/>
<opset="newret4/14 "/>
</bind>
</comp>

<comp id="1128" class="1004" name="newret5_fu_1128">
<pin_list>
<pin id="1129" dir="0" index="0" bw="64" slack="0"/>
<pin id="1130" dir="1" index="1" bw="16" slack="0"/>
</pin_list>
<bind>
<opcode="extractvalue(56) " fcode="extractvalue"/>
<opset="newret5/14 "/>
</bind>
</comp>

<comp id="1132" class="1004" name="store_ln51_store_fu_1132">
<pin_list>
<pin id="1133" dir="0" index="0" bw="16" slack="0"/>
<pin id="1134" dir="0" index="1" bw="16" slack="0"/>
<pin id="1135" dir="1" index="2" bw="0" slack="2147483647"/>
</pin_list>
<bind>
<opcode="store(28) " fcode="store"/>
<opset="store_ln51/14 "/>
</bind>
</comp>

<comp id="1138" class="1004" name="store_ln51_store_fu_1138">
<pin_list>
<pin id="1139" dir="0" index="0" bw="16" slack="0"/>
<pin id="1140" dir="0" index="1" bw="16" slack="0"/>
<pin id="1141" dir="1" index="2" bw="0" slack="2147483647"/>
</pin_list>
<bind>
<opcode="store(28) " fcode="store"/>
<opset="store_ln51/14 "/>
</bind>
</comp>

<comp id="1144" class="1004" name="store_ln51_store_fu_1144">
<pin_list>
<pin id="1145" dir="0" index="0" bw="16" slack="0"/>
<pin id="1146" dir="0" index="1" bw="16" slack="0"/>
<pin id="1147" dir="1" index="2" bw="0" slack="2147483647"/>
</pin_list>
<bind>
<opcode="store(28) " fcode="store"/>
<opset="store_ln51/14 "/>
</bind>
</comp>

<comp id="1150" class="1004" name="store_ln51_store_fu_1150">
<pin_list>
<pin id="1151" dir="0" index="0" bw="16" slack="0"/>
<pin id="1152" dir="0" index="1" bw="16" slack="0"/>
<pin id="1153" dir="1" index="2" bw="0" slack="2147483647"/>
</pin_list>
<bind>
<opcode="store(28) " fcode="store"/>
<opset="store_ln51/14 "/>
</bind>
</comp>

<comp id="1156" class="1004" name="newret_fu_1156">
<pin_list>
<pin id="1157" dir="0" index="0" bw="64" slack="0"/>
<pin id="1158" dir="1" index="1" bw="16" slack="0"/>
</pin_list>
<bind>
<opcode="extractvalue(56) " fcode="extractvalue"/>
<opset="newret/14 "/>
</bind>
</comp>

<comp id="1160" class="1004" name="newret6_fu_1160">
<pin_list>
<pin id="1161" dir="0" index="0" bw="64" slack="0"/>
<pin id="1162" dir="1" index="1" bw="16" slack="0"/>
</pin_list>
<bind>
<opcode="extractvalue(56) " fcode="extractvalue"/>
<opset="newret6/14 "/>
</bind>
</comp>

<comp id="1164" class="1004" name="newret7_fu_1164">
<pin_list>
<pin id="1165" dir="0" index="0" bw="64" slack="0"/>
<pin id="1166" dir="1" index="1" bw="16" slack="0"/>
</pin_list>
<bind>
<opcode="extractvalue(56) " fcode="extractvalue"/>
<opset="newret7/14 "/>
</bind>
</comp>

<comp id="1168" class="1004" name="newret8_fu_1168">
<pin_list>
<pin id="1169" dir="0" index="0" bw="64" slack="0"/>
<pin id="1170" dir="1" index="1" bw="16" slack="0"/>
</pin_list>
<bind>
<opcode="extractvalue(56) " fcode="extractvalue"/>
<opset="newret8/14 "/>
</bind>
</comp>

<comp id="1172" class="1004" name="store_ln52_store_fu_1172">
<pin_list>
<pin id="1173" dir="0" index="0" bw="16" slack="0"/>
<pin id="1174" dir="0" index="1" bw="16" slack="0"/>
<pin id="1175" dir="1" index="2" bw="0" slack="2147483647"/>
</pin_list>
<bind>
<opcode="store(28) " fcode="store"/>
<opset="store_ln52/14 "/>
</bind>
</comp>

<comp id="1178" class="1004" name="store_ln52_store_fu_1178">
<pin_list>
<pin id="1179" dir="0" index="0" bw="16" slack="0"/>
<pin id="1180" dir="0" index="1" bw="16" slack="0"/>
<pin id="1181" dir="1" index="2" bw="0" slack="2147483647"/>
</pin_list>
<bind>
<opcode="store(28) " fcode="store"/>
<opset="store_ln52/14 "/>
</bind>
</comp>

<comp id="1184" class="1004" name="store_ln52_store_fu_1184">
<pin_list>
<pin id="1185" dir="0" index="0" bw="16" slack="0"/>
<pin id="1186" dir="0" index="1" bw="16" slack="0"/>
<pin id="1187" dir="1" index="2" bw="0" slack="2147483647"/>
</pin_list>
<bind>
<opcode="store(28) " fcode="store"/>
<opset="store_ln52/14 "/>
</bind>
</comp>

<comp id="1190" class="1004" name="shl_ln52_fu_1190">
<pin_list>
<pin id="1191" dir="0" index="0" bw="16" slack="0"/>
<pin id="1192" dir="0" index="1" bw="1" slack="0"/>
<pin id="1193" dir="1" index="2" bw="16" slack="0"/>
</pin_list>
<bind>
<opcode="shl(20) " fcode="shl"/>
<opset="shl_ln52/14 "/>
</bind>
</comp>

<comp id="1197" class="1005" name="mod_value1_load_reg_1197">
<pin_list>
<pin id="1198" dir="0" index="0" bw="1" slack="7"/>
<pin id="1199" dir="1" index="1" bw="1" slack="2147483647"/>
</pin_list>
<bind>
<opset="mod_value1_load "/>
</bind>
</comp>

<comp id="1201" class="1005" name="input_r_read_reg_1201">
<pin_list>
<pin id="1202" dir="0" index="0" bw="16" slack="1"/>
<pin id="1203" dir="1" index="1" bw="16" slack="1"/>
</pin_list>
<bind>
<opset="input_r_read "/>
</bind>
</comp>

<comp id="1206" class="1005" name="add_ln29_reg_1206">
<pin_list>
<pin id="1207" dir="0" index="0" bw="16" slack="1"/>
<pin id="1208" dir="1" index="1" bw="16" slack="1"/>
</pin_list>
<bind>
<opset="add_ln29 "/>
</bind>
</comp>

<comp id="1211" class="1005" name="mod_value2_load_reg_1211">
<pin_list>
<pin id="1212" dir="0" index="0" bw="1" slack="6"/>
<pin id="1213" dir="1" index="1" bw="1" slack="2147483647"/>
</pin_list>
<bind>
<opset="mod_value2_load "/>
</bind>
</comp>

<comp id="1215" class="1005" name="add_ln35_reg_1215">
<pin_list>
<pin id="1216" dir="0" index="0" bw="16" slack="1"/>
<pin id="1217" dir="1" index="1" bw="16" slack="1"/>
</pin_list>
<bind>
<opset="add_ln35 "/>
</bind>
</comp>

<comp id="1235" class="1005" name="y3_load_reg_1235">
<pin_list>
<pin id="1236" dir="0" index="0" bw="16" slack="1"/>
<pin id="1237" dir="1" index="1" bw="16" slack="1"/>
</pin_list>
<bind>
<opset="y3_load "/>
</bind>
</comp>

<comp id="1264" class="1005" name="y4_load_reg_1264">
<pin_list>
<pin id="1265" dir="0" index="0" bw="16" slack="1"/>
<pin id="1266" dir="1" index="1" bw="16" slack="1"/>
</pin_list>
<bind>
<opset="y4_load "/>
</bind>
</comp>

<comp id="1278" class="1005" name="p_3_reg_1278">
<pin_list>
<pin id="1279" dir="0" index="0" bw="16" slack="5"/>
<pin id="1280" dir="1" index="1" bw="16" slack="5"/>
</pin_list>
<bind>
<opset="p_3 "/>
</bind>
</comp>

<comp id="1283" class="1005" name="p_0_reg_1283">
<pin_list>
<pin id="1284" dir="0" index="0" bw="16" slack="1"/>
<pin id="1285" dir="1" index="1" bw="16" slack="1"/>
</pin_list>
<bind>
<opset="p_0 "/>
</bind>
</comp>

<comp id="1288" class="1005" name="shl_ln52_reg_1288">
<pin_list>
<pin id="1289" dir="0" index="0" bw="16" slack="1"/>
<pin id="1290" dir="1" index="1" bw="16" slack="1"/>
</pin_list>
<bind>
<opset="shl_ln52 "/>
</bind>
</comp>

</comp_list>

<net_list>
<net id="368"><net_src comp="324" pin="0"/><net_sink comp="364" pin=0"/></net>

<net id="369"><net_src comp="0" pin="0"/><net_sink comp="364" pin=1"/></net>

<net id="375"><net_src comp="360" pin="0"/><net_sink comp="370" pin=0"/></net>

<net id="376"><net_src comp="2" pin="0"/><net_sink comp="370" pin=1"/></net>

<net id="389"><net_src comp="362" pin="0"/><net_sink comp="386" pin=0"/></net>

<net id="390"><net_src comp="330" pin="0"/><net_sink comp="386" pin=0"/></net>

<net id="397"><net_src comp="386" pin="1"/><net_sink comp="391" pin=0"/></net>

<net id="398"><net_src comp="386" pin="1"/><net_sink comp="391" pin=2"/></net>

<net id="402"><net_src comp="362" pin="0"/><net_sink comp="399" pin=0"/></net>

<net id="409"><net_src comp="399" pin="1"/><net_sink comp="403" pin=0"/></net>

<net id="410"><net_src comp="330" pin="0"/><net_sink comp="403" pin=2"/></net>

<net id="420"><net_src comp="348" pin="0"/><net_sink comp="411" pin=0"/></net>

<net id="430"><net_src comp="348" pin="0"/><net_sink comp="421" pin=0"/></net>

<net id="438"><net_src comp="350" pin="0"/><net_sink comp="431" pin=0"/></net>

<net id="439"><net_src comp="364" pin="2"/><net_sink comp="431" pin=4"/></net>

<net id="447"><net_src comp="350" pin="0"/><net_sink comp="440" pin=0"/></net>

<net id="575"><net_src comp="352" pin="0"/><net_sink comp="448" pin=0"/></net>

<net id="576"><net_src comp="12" pin="0"/><net_sink comp="448" pin=2"/></net>

<net id="577"><net_src comp="14" pin="0"/><net_sink comp="448" pin=3"/></net>

<net id="578"><net_src comp="16" pin="0"/><net_sink comp="448" pin=4"/></net>

<net id="579"><net_src comp="18" pin="0"/><net_sink comp="448" pin=5"/></net>

<net id="580"><net_src comp="20" pin="0"/><net_sink comp="448" pin=6"/></net>

<net id="581"><net_src comp="22" pin="0"/><net_sink comp="448" pin=7"/></net>

<net id="582"><net_src comp="24" pin="0"/><net_sink comp="448" pin=8"/></net>

<net id="583"><net_src comp="26" pin="0"/><net_sink comp="448" pin=9"/></net>

<net id="584"><net_src comp="28" pin="0"/><net_sink comp="448" pin=10"/></net>

<net id="585"><net_src comp="30" pin="0"/><net_sink comp="448" pin=11"/></net>

<net id="586"><net_src comp="32" pin="0"/><net_sink comp="448" pin=12"/></net>

<net id="587"><net_src comp="34" pin="0"/><net_sink comp="448" pin=13"/></net>

<net id="588"><net_src comp="36" pin="0"/><net_sink comp="448" pin=14"/></net>

<net id="589"><net_src comp="38" pin="0"/><net_sink comp="448" pin=15"/></net>

<net id="590"><net_src comp="40" pin="0"/><net_sink comp="448" pin=16"/></net>

<net id="591"><net_src comp="42" pin="0"/><net_sink comp="448" pin=17"/></net>

<net id="592"><net_src comp="44" pin="0"/><net_sink comp="448" pin=18"/></net>

<net id="593"><net_src comp="46" pin="0"/><net_sink comp="448" pin=19"/></net>

<net id="594"><net_src comp="48" pin="0"/><net_sink comp="448" pin=20"/></net>

<net id="595"><net_src comp="50" pin="0"/><net_sink comp="448" pin=21"/></net>

<net id="596"><net_src comp="52" pin="0"/><net_sink comp="448" pin=22"/></net>

<net id="597"><net_src comp="54" pin="0"/><net_sink comp="448" pin=23"/></net>

<net id="598"><net_src comp="56" pin="0"/><net_sink comp="448" pin=24"/></net>

<net id="599"><net_src comp="58" pin="0"/><net_sink comp="448" pin=25"/></net>

<net id="600"><net_src comp="60" pin="0"/><net_sink comp="448" pin=26"/></net>

<net id="601"><net_src comp="62" pin="0"/><net_sink comp="448" pin=27"/></net>

<net id="602"><net_src comp="64" pin="0"/><net_sink comp="448" pin=28"/></net>

<net id="603"><net_src comp="66" pin="0"/><net_sink comp="448" pin=29"/></net>

<net id="604"><net_src comp="68" pin="0"/><net_sink comp="448" pin=30"/></net>

<net id="605"><net_src comp="70" pin="0"/><net_sink comp="448" pin=31"/></net>

<net id="606"><net_src comp="72" pin="0"/><net_sink comp="448" pin=32"/></net>

<net id="607"><net_src comp="74" pin="0"/><net_sink comp="448" pin=33"/></net>

<net id="608"><net_src comp="76" pin="0"/><net_sink comp="448" pin=34"/></net>

<net id="609"><net_src comp="78" pin="0"/><net_sink comp="448" pin=35"/></net>

<net id="610"><net_src comp="80" pin="0"/><net_sink comp="448" pin=36"/></net>

<net id="611"><net_src comp="82" pin="0"/><net_sink comp="448" pin=37"/></net>

<net id="612"><net_src comp="84" pin="0"/><net_sink comp="448" pin=38"/></net>

<net id="613"><net_src comp="86" pin="0"/><net_sink comp="448" pin=39"/></net>

<net id="614"><net_src comp="88" pin="0"/><net_sink comp="448" pin=40"/></net>

<net id="615"><net_src comp="90" pin="0"/><net_sink comp="448" pin=41"/></net>

<net id="616"><net_src comp="92" pin="0"/><net_sink comp="448" pin=42"/></net>

<net id="617"><net_src comp="94" pin="0"/><net_sink comp="448" pin=43"/></net>

<net id="618"><net_src comp="96" pin="0"/><net_sink comp="448" pin=44"/></net>

<net id="619"><net_src comp="98" pin="0"/><net_sink comp="448" pin=45"/></net>

<net id="620"><net_src comp="100" pin="0"/><net_sink comp="448" pin=46"/></net>

<net id="621"><net_src comp="102" pin="0"/><net_sink comp="448" pin=47"/></net>

<net id="622"><net_src comp="104" pin="0"/><net_sink comp="448" pin=48"/></net>

<net id="623"><net_src comp="106" pin="0"/><net_sink comp="448" pin=49"/></net>

<net id="624"><net_src comp="108" pin="0"/><net_sink comp="448" pin=50"/></net>

<net id="625"><net_src comp="110" pin="0"/><net_sink comp="448" pin=51"/></net>

<net id="626"><net_src comp="112" pin="0"/><net_sink comp="448" pin=52"/></net>

<net id="627"><net_src comp="114" pin="0"/><net_sink comp="448" pin=53"/></net>

<net id="628"><net_src comp="116" pin="0"/><net_sink comp="448" pin=54"/></net>

<net id="629"><net_src comp="118" pin="0"/><net_sink comp="448" pin=55"/></net>

<net id="630"><net_src comp="120" pin="0"/><net_sink comp="448" pin=56"/></net>

<net id="631"><net_src comp="122" pin="0"/><net_sink comp="448" pin=57"/></net>

<net id="632"><net_src comp="124" pin="0"/><net_sink comp="448" pin=58"/></net>

<net id="633"><net_src comp="126" pin="0"/><net_sink comp="448" pin=59"/></net>

<net id="634"><net_src comp="128" pin="0"/><net_sink comp="448" pin=60"/></net>

<net id="635"><net_src comp="130" pin="0"/><net_sink comp="448" pin=61"/></net>

<net id="636"><net_src comp="132" pin="0"/><net_sink comp="448" pin=62"/></net>

<net id="637"><net_src comp="134" pin="0"/><net_sink comp="448" pin=63"/></net>

<net id="638"><net_src comp="136" pin="0"/><net_sink comp="448" pin=64"/></net>

<net id="639"><net_src comp="138" pin="0"/><net_sink comp="448" pin=65"/></net>

<net id="640"><net_src comp="140" pin="0"/><net_sink comp="448" pin=66"/></net>

<net id="641"><net_src comp="142" pin="0"/><net_sink comp="448" pin=67"/></net>

<net id="642"><net_src comp="144" pin="0"/><net_sink comp="448" pin=68"/></net>

<net id="643"><net_src comp="146" pin="0"/><net_sink comp="448" pin=69"/></net>

<net id="644"><net_src comp="148" pin="0"/><net_sink comp="448" pin=70"/></net>

<net id="645"><net_src comp="150" pin="0"/><net_sink comp="448" pin=71"/></net>

<net id="646"><net_src comp="152" pin="0"/><net_sink comp="448" pin=72"/></net>

<net id="647"><net_src comp="154" pin="0"/><net_sink comp="448" pin=73"/></net>

<net id="648"><net_src comp="156" pin="0"/><net_sink comp="448" pin=74"/></net>

<net id="649"><net_src comp="158" pin="0"/><net_sink comp="448" pin=75"/></net>

<net id="650"><net_src comp="160" pin="0"/><net_sink comp="448" pin=76"/></net>

<net id="651"><net_src comp="162" pin="0"/><net_sink comp="448" pin=77"/></net>

<net id="652"><net_src comp="164" pin="0"/><net_sink comp="448" pin=78"/></net>

<net id="653"><net_src comp="166" pin="0"/><net_sink comp="448" pin=79"/></net>

<net id="654"><net_src comp="168" pin="0"/><net_sink comp="448" pin=80"/></net>

<net id="655"><net_src comp="170" pin="0"/><net_sink comp="448" pin=81"/></net>

<net id="656"><net_src comp="172" pin="0"/><net_sink comp="448" pin=82"/></net>

<net id="657"><net_src comp="174" pin="0"/><net_sink comp="448" pin=83"/></net>

<net id="658"><net_src comp="176" pin="0"/><net_sink comp="448" pin=84"/></net>

<net id="659"><net_src comp="178" pin="0"/><net_sink comp="448" pin=85"/></net>

<net id="660"><net_src comp="180" pin="0"/><net_sink comp="448" pin=86"/></net>

<net id="661"><net_src comp="182" pin="0"/><net_sink comp="448" pin=87"/></net>

<net id="662"><net_src comp="184" pin="0"/><net_sink comp="448" pin=88"/></net>

<net id="663"><net_src comp="186" pin="0"/><net_sink comp="448" pin=89"/></net>

<net id="664"><net_src comp="188" pin="0"/><net_sink comp="448" pin=90"/></net>

<net id="665"><net_src comp="190" pin="0"/><net_sink comp="448" pin=91"/></net>

<net id="666"><net_src comp="192" pin="0"/><net_sink comp="448" pin=92"/></net>

<net id="667"><net_src comp="194" pin="0"/><net_sink comp="448" pin=93"/></net>

<net id="668"><net_src comp="196" pin="0"/><net_sink comp="448" pin=94"/></net>

<net id="669"><net_src comp="198" pin="0"/><net_sink comp="448" pin=95"/></net>

<net id="670"><net_src comp="200" pin="0"/><net_sink comp="448" pin=96"/></net>

<net id="671"><net_src comp="202" pin="0"/><net_sink comp="448" pin=97"/></net>

<net id="672"><net_src comp="204" pin="0"/><net_sink comp="448" pin=98"/></net>

<net id="673"><net_src comp="206" pin="0"/><net_sink comp="448" pin=99"/></net>

<net id="674"><net_src comp="208" pin="0"/><net_sink comp="448" pin=100"/></net>

<net id="675"><net_src comp="210" pin="0"/><net_sink comp="448" pin=101"/></net>

<net id="676"><net_src comp="212" pin="0"/><net_sink comp="448" pin=102"/></net>

<net id="677"><net_src comp="214" pin="0"/><net_sink comp="448" pin=103"/></net>

<net id="678"><net_src comp="216" pin="0"/><net_sink comp="448" pin=104"/></net>

<net id="679"><net_src comp="218" pin="0"/><net_sink comp="448" pin=105"/></net>

<net id="680"><net_src comp="220" pin="0"/><net_sink comp="448" pin=106"/></net>

<net id="681"><net_src comp="222" pin="0"/><net_sink comp="448" pin=107"/></net>

<net id="682"><net_src comp="224" pin="0"/><net_sink comp="448" pin=108"/></net>

<net id="683"><net_src comp="226" pin="0"/><net_sink comp="448" pin=109"/></net>

<net id="684"><net_src comp="228" pin="0"/><net_sink comp="448" pin=110"/></net>

<net id="685"><net_src comp="230" pin="0"/><net_sink comp="448" pin=111"/></net>

<net id="686"><net_src comp="232" pin="0"/><net_sink comp="448" pin=112"/></net>

<net id="687"><net_src comp="234" pin="0"/><net_sink comp="448" pin=113"/></net>

<net id="688"><net_src comp="236" pin="0"/><net_sink comp="448" pin=114"/></net>

<net id="689"><net_src comp="238" pin="0"/><net_sink comp="448" pin=115"/></net>

<net id="690"><net_src comp="240" pin="0"/><net_sink comp="448" pin=116"/></net>

<net id="691"><net_src comp="242" pin="0"/><net_sink comp="448" pin=117"/></net>

<net id="692"><net_src comp="244" pin="0"/><net_sink comp="448" pin=118"/></net>

<net id="693"><net_src comp="246" pin="0"/><net_sink comp="448" pin=119"/></net>

<net id="694"><net_src comp="248" pin="0"/><net_sink comp="448" pin=120"/></net>

<net id="695"><net_src comp="250" pin="0"/><net_sink comp="448" pin=121"/></net>

<net id="696"><net_src comp="252" pin="0"/><net_sink comp="448" pin=122"/></net>

<net id="697"><net_src comp="254" pin="0"/><net_sink comp="448" pin=123"/></net>

<net id="698"><net_src comp="256" pin="0"/><net_sink comp="448" pin=124"/></net>

<net id="702"><net_src comp="4" pin="0"/><net_sink comp="699" pin=0"/></net>

<net id="709"><net_src comp="326" pin="0"/><net_sink comp="703" pin=0"/></net>

<net id="710"><net_src comp="328" pin="0"/><net_sink comp="703" pin=1"/></net>

<net id="711"><net_src comp="364" pin="2"/><net_sink comp="703" pin=2"/></net>

<net id="712"><net_src comp="330" pin="0"/><net_sink comp="703" pin=3"/></net>

<net id="716"><net_src comp="703" pin="4"/><net_sink comp="713" pin=0"/></net>

<net id="722"><net_src comp="332" pin="0"/><net_sink comp="717" pin=0"/></net>

<net id="723"><net_src comp="703" pin="4"/><net_sink comp="717" pin=1"/></net>

<net id="724"><net_src comp="334" pin="0"/><net_sink comp="717" pin=2"/></net>

<net id="729"><net_src comp="336" pin="0"/><net_sink comp="725" pin=0"/></net>

<net id="730"><net_src comp="713" pin="1"/><net_sink comp="725" pin=1"/></net>

<net id="737"><net_src comp="338" pin="0"/><net_sink comp="731" pin=0"/></net>

<net id="738"><net_src comp="725" pin="2"/><net_sink comp="731" pin=1"/></net>

<net id="739"><net_src comp="318" pin="0"/><net_sink comp="731" pin=2"/></net>

<net id="740"><net_src comp="334" pin="0"/><net_sink comp="731" pin=3"/></net>

<net id="747"><net_src comp="340" pin="0"/><net_sink comp="741" pin=0"/></net>

<net id="748"><net_src comp="703" pin="4"/><net_sink comp="741" pin=1"/></net>

<net id="749"><net_src comp="318" pin="0"/><net_sink comp="741" pin=2"/></net>

<net id="750"><net_src comp="334" pin="0"/><net_sink comp="741" pin=3"/></net>

<net id="755"><net_src comp="342" pin="0"/><net_sink comp="751" pin=0"/></net>

<net id="756"><net_src comp="731" pin="4"/><net_sink comp="751" pin=1"/></net>

<net id="762"><net_src comp="717" pin="3"/><net_sink comp="757" pin=0"/></net>

<net id="763"><net_src comp="751" pin="2"/><net_sink comp="757" pin=1"/></net>

<net id="764"><net_src comp="741" pin="4"/><net_sink comp="757" pin=2"/></net>

<net id="768"><net_src comp="757" pin="3"/><net_sink comp="765" pin=0"/></net>

<net id="772"><net_src comp="6" pin="0"/><net_sink comp="769" pin=0"/></net>

<net id="777"><net_src comp="769" pin="1"/><net_sink comp="773" pin=0"/></net>

<net id="778"><net_src comp="765" pin="1"/><net_sink comp="773" pin=1"/></net>

<net id="779"><net_src comp="773" pin="2"/><net_sink comp="411" pin=6"/></net>

<net id="783"><net_src comp="8" pin="0"/><net_sink comp="780" pin=0"/></net>

<net id="790"><net_src comp="344" pin="0"/><net_sink comp="784" pin=0"/></net>

<net id="791"><net_src comp="346" pin="0"/><net_sink comp="784" pin=1"/></net>

<net id="792"><net_src comp="773" pin="2"/><net_sink comp="784" pin=2"/></net>

<net id="793"><net_src comp="330" pin="0"/><net_sink comp="784" pin=3"/></net>

<net id="797"><net_src comp="784" pin="4"/><net_sink comp="794" pin=0"/></net>

<net id="803"><net_src comp="332" pin="0"/><net_sink comp="798" pin=0"/></net>

<net id="804"><net_src comp="784" pin="4"/><net_sink comp="798" pin=1"/></net>

<net id="805"><net_src comp="334" pin="0"/><net_sink comp="798" pin=2"/></net>

<net id="810"><net_src comp="336" pin="0"/><net_sink comp="806" pin=0"/></net>

<net id="811"><net_src comp="794" pin="1"/><net_sink comp="806" pin=1"/></net>

<net id="818"><net_src comp="338" pin="0"/><net_sink comp="812" pin=0"/></net>

<net id="819"><net_src comp="806" pin="2"/><net_sink comp="812" pin=1"/></net>

<net id="820"><net_src comp="318" pin="0"/><net_sink comp="812" pin=2"/></net>

<net id="821"><net_src comp="334" pin="0"/><net_sink comp="812" pin=3"/></net>

<net id="828"><net_src comp="340" pin="0"/><net_sink comp="822" pin=0"/></net>

<net id="829"><net_src comp="784" pin="4"/><net_sink comp="822" pin=1"/></net>

<net id="830"><net_src comp="318" pin="0"/><net_sink comp="822" pin=2"/></net>

<net id="831"><net_src comp="334" pin="0"/><net_sink comp="822" pin=3"/></net>

<net id="836"><net_src comp="342" pin="0"/><net_sink comp="832" pin=0"/></net>

<net id="837"><net_src comp="812" pin="4"/><net_sink comp="832" pin=1"/></net>

<net id="843"><net_src comp="798" pin="3"/><net_sink comp="838" pin=0"/></net>

<net id="844"><net_src comp="832" pin="2"/><net_sink comp="838" pin=1"/></net>

<net id="845"><net_src comp="822" pin="4"/><net_sink comp="838" pin=2"/></net>

<net id="849"><net_src comp="838" pin="3"/><net_sink comp="846" pin=0"/></net>

<net id="853"><net_src comp="10" pin="0"/><net_sink comp="850" pin=0"/></net>

<net id="858"><net_src comp="850" pin="1"/><net_sink comp="854" pin=0"/></net>

<net id="859"><net_src comp="846" pin="1"/><net_sink comp="854" pin=1"/></net>

<net id="863"><net_src comp="260" pin="0"/><net_sink comp="860" pin=0"/></net>

<net id="864"><net_src comp="860" pin="1"/><net_sink comp="411" pin=1"/></net>

<net id="868"><net_src comp="262" pin="0"/><net_sink comp="865" pin=0"/></net>

<net id="869"><net_src comp="865" pin="1"/><net_sink comp="411" pin=2"/></net>

<net id="873"><net_src comp="264" pin="0"/><net_sink comp="870" pin=0"/></net>

<net id="874"><net_src comp="870" pin="1"/><net_sink comp="411" pin=3"/></net>

<net id="878"><net_src comp="266" pin="0"/><net_sink comp="875" pin=0"/></net>

<net id="879"><net_src comp="875" pin="1"/><net_sink comp="411" pin=4"/></net>

<net id="883"><net_src comp="268" pin="0"/><net_sink comp="880" pin=0"/></net>

<net id="884"><net_src comp="880" pin="1"/><net_sink comp="411" pin=5"/></net>

<net id="888"><net_src comp="258" pin="0"/><net_sink comp="885" pin=0"/></net>

<net id="889"><net_src comp="885" pin="1"/><net_sink comp="421" pin=6"/></net>

<net id="893"><net_src comp="270" pin="0"/><net_sink comp="890" pin=0"/></net>

<net id="894"><net_src comp="890" pin="1"/><net_sink comp="421" pin=1"/></net>

<net id="898"><net_src comp="272" pin="0"/><net_sink comp="895" pin=0"/></net>

<net id="899"><net_src comp="895" pin="1"/><net_sink comp="421" pin=2"/></net>

<net id="903"><net_src comp="274" pin="0"/><net_sink comp="900" pin=0"/></net>

<net id="904"><net_src comp="900" pin="1"/><net_sink comp="421" pin=3"/></net>

<net id="908"><net_src comp="276" pin="0"/><net_sink comp="905" pin=0"/></net>

<net id="909"><net_src comp="905" pin="1"/><net_sink comp="421" pin=4"/></net>

<net id="913"><net_src comp="278" pin="0"/><net_sink comp="910" pin=0"/></net>

<net id="914"><net_src comp="910" pin="1"/><net_sink comp="421" pin=5"/></net>

<net id="918"><net_src comp="282" pin="0"/><net_sink comp="915" pin=0"/></net>

<net id="919"><net_src comp="915" pin="1"/><net_sink comp="431" pin=1"/></net>

<net id="923"><net_src comp="284" pin="0"/><net_sink comp="920" pin=0"/></net>

<net id="924"><net_src comp="920" pin="1"/><net_sink comp="431" pin=2"/></net>

<net id="928"><net_src comp="286" pin="0"/><net_sink comp="925" pin=0"/></net>

<net id="929"><net_src comp="925" pin="1"/><net_sink comp="431" pin=3"/></net>

<net id="933"><net_src comp="280" pin="0"/><net_sink comp="930" pin=0"/></net>

<net id="934"><net_src comp="930" pin="1"/><net_sink comp="440" pin=4"/></net>

<net id="938"><net_src comp="288" pin="0"/><net_sink comp="935" pin=0"/></net>

<net id="939"><net_src comp="935" pin="1"/><net_sink comp="440" pin=1"/></net>

<net id="943"><net_src comp="290" pin="0"/><net_sink comp="940" pin=0"/></net>

<net id="944"><net_src comp="940" pin="1"/><net_sink comp="440" pin=2"/></net>

<net id="948"><net_src comp="292" pin="0"/><net_sink comp="945" pin=0"/></net>

<net id="949"><net_src comp="945" pin="1"/><net_sink comp="440" pin=3"/></net>

<net id="954"><net_src comp="448" pin="125"/><net_sink comp="950" pin=0"/></net>

<net id="955"><net_src comp="258" pin="0"/><net_sink comp="950" pin=1"/></net>

<net id="962"><net_src comp="344" pin="0"/><net_sink comp="956" pin=0"/></net>

<net id="963"><net_src comp="354" pin="0"/><net_sink comp="956" pin=1"/></net>

<net id="964"><net_src comp="448" pin="125"/><net_sink comp="956" pin=2"/></net>

<net id="965"><net_src comp="330" pin="0"/><net_sink comp="956" pin=3"/></net>

<net id="969"><net_src comp="411" pin="7"/><net_sink comp="966" pin=0"/></net>

<net id="973"><net_src comp="411" pin="7"/><net_sink comp="970" pin=0"/></net>

<net id="977"><net_src comp="411" pin="7"/><net_sink comp="974" pin=0"/></net>

<net id="981"><net_src comp="411" pin="7"/><net_sink comp="978" pin=0"/></net>

<net id="985"><net_src comp="411" pin="7"/><net_sink comp="982" pin=0"/></net>

<net id="989"><net_src comp="411" pin="7"/><net_sink comp="986" pin=0"/></net>

<net id="994"><net_src comp="970" pin="1"/><net_sink comp="990" pin=0"/></net>

<net id="995"><net_src comp="260" pin="0"/><net_sink comp="990" pin=1"/></net>

<net id="1000"><net_src comp="974" pin="1"/><net_sink comp="996" pin=0"/></net>

<net id="1001"><net_src comp="262" pin="0"/><net_sink comp="996" pin=1"/></net>

<net id="1006"><net_src comp="978" pin="1"/><net_sink comp="1002" pin=0"/></net>

<net id="1007"><net_src comp="264" pin="0"/><net_sink comp="1002" pin=1"/></net>

<net id="1012"><net_src comp="982" pin="1"/><net_sink comp="1008" pin=0"/></net>

<net id="1013"><net_src comp="266" pin="0"/><net_sink comp="1008" pin=1"/></net>

<net id="1018"><net_src comp="986" pin="1"/><net_sink comp="1014" pin=0"/></net>

<net id="1019"><net_src comp="268" pin="0"/><net_sink comp="1014" pin=1"/></net>

<net id="1024"><net_src comp="966" pin="1"/><net_sink comp="1020" pin=0"/></net>

<net id="1025"><net_src comp="10" pin="0"/><net_sink comp="1020" pin=1"/></net>

<net id="1029"><net_src comp="421" pin="7"/><net_sink comp="1026" pin=0"/></net>

<net id="1033"><net_src comp="421" pin="7"/><net_sink comp="1030" pin=0"/></net>

<net id="1037"><net_src comp="421" pin="7"/><net_sink comp="1034" pin=0"/></net>

<net id="1041"><net_src comp="421" pin="7"/><net_sink comp="1038" pin=0"/></net>

<net id="1045"><net_src comp="421" pin="7"/><net_sink comp="1042" pin=0"/></net>

<net id="1049"><net_src comp="421" pin="7"/><net_sink comp="1046" pin=0"/></net>

<net id="1054"><net_src comp="1030" pin="1"/><net_sink comp="1050" pin=0"/></net>

<net id="1055"><net_src comp="270" pin="0"/><net_sink comp="1050" pin=1"/></net>

<net id="1060"><net_src comp="1034" pin="1"/><net_sink comp="1056" pin=0"/></net>

<net id="1061"><net_src comp="272" pin="0"/><net_sink comp="1056" pin=1"/></net>

<net id="1066"><net_src comp="1038" pin="1"/><net_sink comp="1062" pin=0"/></net>

<net id="1067"><net_src comp="274" pin="0"/><net_sink comp="1062" pin=1"/></net>

<net id="1072"><net_src comp="1042" pin="1"/><net_sink comp="1068" pin=0"/></net>

<net id="1073"><net_src comp="276" pin="0"/><net_sink comp="1068" pin=1"/></net>

<net id="1078"><net_src comp="1046" pin="1"/><net_sink comp="1074" pin=0"/></net>

<net id="1079"><net_src comp="278" pin="0"/><net_sink comp="1074" pin=1"/></net>

<net id="1084"><net_src comp="1026" pin="1"/><net_sink comp="1080" pin=0"/></net>

<net id="1085"><net_src comp="356" pin="0"/><net_sink comp="1080" pin=1"/></net>

<net id="1086"><net_src comp="1080" pin="2"/><net_sink comp="380" pin=0"/></net>

<net id="1091"><net_src comp="380" pin="4"/><net_sink comp="1087" pin=0"/></net>

<net id="1092"><net_src comp="280" pin="0"/><net_sink comp="1087" pin=1"/></net>

<net id="1099"><net_src comp="326" pin="0"/><net_sink comp="1093" pin=0"/></net>

<net id="1100"><net_src comp="358" pin="0"/><net_sink comp="1093" pin=1"/></net>

<net id="1101"><net_src comp="380" pin="4"/><net_sink comp="1093" pin=2"/></net>

<net id="1102"><net_src comp="330" pin="0"/><net_sink comp="1093" pin=3"/></net>

<net id="1103"><net_src comp="1093" pin="4"/><net_sink comp="370" pin=2"/></net>

<net id="1108"><net_src comp="391" pin="4"/><net_sink comp="1104" pin=0"/></net>

<net id="1109"><net_src comp="8" pin="0"/><net_sink comp="1104" pin=1"/></net>

<net id="1114"><net_src comp="403" pin="4"/><net_sink comp="1110" pin=0"/></net>

<net id="1115"><net_src comp="4" pin="0"/><net_sink comp="1110" pin=1"/></net>

<net id="1119"><net_src comp="431" pin="5"/><net_sink comp="1116" pin=0"/></net>

<net id="1123"><net_src comp="431" pin="5"/><net_sink comp="1120" pin=0"/></net>

<net id="1127"><net_src comp="431" pin="5"/><net_sink comp="1124" pin=0"/></net>

<net id="1131"><net_src comp="431" pin="5"/><net_sink comp="1128" pin=0"/></net>

<net id="1136"><net_src comp="1120" pin="1"/><net_sink comp="1132" pin=0"/></net>

<net id="1137"><net_src comp="282" pin="0"/><net_sink comp="1132" pin=1"/></net>

<net id="1142"><net_src comp="1124" pin="1"/><net_sink comp="1138" pin=0"/></net>

<net id="1143"><net_src comp="284" pin="0"/><net_sink comp="1138" pin=1"/></net>

<net id="1148"><net_src comp="1128" pin="1"/><net_sink comp="1144" pin=0"/></net>

<net id="1149"><net_src comp="286" pin="0"/><net_sink comp="1144" pin=1"/></net>

<net id="1154"><net_src comp="1116" pin="1"/><net_sink comp="1150" pin=0"/></net>

<net id="1155"><net_src comp="6" pin="0"/><net_sink comp="1150" pin=1"/></net>

<net id="1159"><net_src comp="440" pin="5"/><net_sink comp="1156" pin=0"/></net>

<net id="1163"><net_src comp="440" pin="5"/><net_sink comp="1160" pin=0"/></net>

<net id="1167"><net_src comp="440" pin="5"/><net_sink comp="1164" pin=0"/></net>

<net id="1171"><net_src comp="440" pin="5"/><net_sink comp="1168" pin=0"/></net>

<net id="1176"><net_src comp="1160" pin="1"/><net_sink comp="1172" pin=0"/></net>

<net id="1177"><net_src comp="288" pin="0"/><net_sink comp="1172" pin=1"/></net>

<net id="1182"><net_src comp="1164" pin="1"/><net_sink comp="1178" pin=0"/></net>

<net id="1183"><net_src comp="290" pin="0"/><net_sink comp="1178" pin=1"/></net>

<net id="1188"><net_src comp="1168" pin="1"/><net_sink comp="1184" pin=0"/></net>

<net id="1189"><net_src comp="292" pin="0"/><net_sink comp="1184" pin=1"/></net>

<net id="1194"><net_src comp="1156" pin="1"/><net_sink comp="1190" pin=0"/></net>

<net id="1195"><net_src comp="356" pin="0"/><net_sink comp="1190" pin=1"/></net>

<net id="1196"><net_src comp="1190" pin="2"/><net_sink comp="370" pin=2"/></net>

<net id="1200"><net_src comp="699" pin="1"/><net_sink comp="1197" pin=0"/></net>

<net id="1204"><net_src comp="364" pin="2"/><net_sink comp="1201" pin=0"/></net>

<net id="1205"><net_src comp="1201" pin="1"/><net_sink comp="431" pin=4"/></net>

<net id="1209"><net_src comp="773" pin="2"/><net_sink comp="1206" pin=0"/></net>

<net id="1210"><net_src comp="1206" pin="1"/><net_sink comp="411" pin=6"/></net>

<net id="1214"><net_src comp="780" pin="1"/><net_sink comp="1211" pin=0"/></net>

<net id="1218"><net_src comp="854" pin="2"/><net_sink comp="1215" pin=0"/></net>

<net id="1219"><net_src comp="1215" pin="1"/><net_sink comp="448" pin=1"/></net>

<net id="1238"><net_src comp="885" pin="1"/><net_sink comp="1235" pin=0"/></net>

<net id="1239"><net_src comp="1235" pin="1"/><net_sink comp="421" pin=6"/></net>

<net id="1267"><net_src comp="930" pin="1"/><net_sink comp="1264" pin=0"/></net>

<net id="1268"><net_src comp="1264" pin="1"/><net_sink comp="440" pin=4"/></net>

<net id="1281"><net_src comp="956" pin="4"/><net_sink comp="1278" pin=0"/></net>

<net id="1282"><net_src comp="1278" pin="1"/><net_sink comp="380" pin=2"/></net>

<net id="1286"><net_src comp="1093" pin="4"/><net_sink comp="1283" pin=0"/></net>

<net id="1287"><net_src comp="1283" pin="1"/><net_sink comp="370" pin=2"/></net>

<net id="1291"><net_src comp="1190" pin="2"/><net_sink comp="1288" pin=0"/></net>

<net id="1292"><net_src comp="1288" pin="1"/><net_sink comp="370" pin=2"/></net>

</net_list>

</model> 
---------------- Datapath Model END ------------------

* FSMD analyzer results:
  - Output states:
	Port: output_r | {9 15 }
	Port: mod_value1 | {9 }
	Port: y1_phase1 | {14 }
	Port: mod_value2 | {9 }
	Port: y2_phase1 | {8 }
	Port: p_ZL10H_accu_FIR_0 | {2 }
	Port: p_ZL10H_accu_FIR_1 | {2 }
	Port: p_ZL10H_accu_FIR_2 | {2 }
	Port: p_ZL10H_accu_FIR_3 | {2 }
	Port: p_ZL10H_accu_FIR_4 | {2 }
	Port: p_ZL10H_accu_FIR_5 | {2 }
	Port: p_ZL10H_accu_FIR_6 | {2 }
	Port: p_ZL10H_accu_FIR_7 | {2 }
	Port: p_ZL10H_accu_FIR_8 | {2 }
	Port: p_ZL10H_accu_FIR_9 | {2 }
	Port: p_ZL10H_accu_FIR_10 | {2 }
	Port: p_ZL10H_accu_FIR_11 | {2 }
	Port: p_ZL10H_accu_FIR_12 | {2 }
	Port: p_ZL10H_accu_FIR_13 | {2 }
	Port: p_ZL10H_accu_FIR_14 | {2 }
	Port: p_ZL10H_accu_FIR_15 | {2 }
	Port: p_ZL10H_accu_FIR_16 | {2 }
	Port: p_ZL10H_accu_FIR_17 | {2 }
	Port: p_ZL10H_accu_FIR_18 | {2 }
	Port: p_ZL10H_accu_FIR_19 | {2 }
	Port: p_ZL10H_accu_FIR_20 | {2 }
	Port: p_ZL10H_accu_FIR_21 | {2 }
	Port: p_ZL10H_accu_FIR_22 | {2 }
	Port: p_ZL10H_accu_FIR_23 | {2 }
	Port: p_ZL10H_accu_FIR_24 | {2 }
	Port: p_ZL10H_accu_FIR_25 | {2 }
	Port: p_ZL10H_accu_FIR_26 | {2 }
	Port: p_ZL10H_accu_FIR_27 | {2 }
	Port: p_ZL10H_accu_FIR_28 | {2 }
	Port: p_ZL10H_accu_FIR_29 | {2 }
	Port: p_ZL10H_accu_FIR_30 | {2 }
	Port: p_ZL10H_accu_FIR_31 | {2 }
	Port: p_ZL10H_accu_FIR_32 | {2 }
	Port: p_ZL10H_accu_FIR_33 | {2 }
	Port: p_ZL10H_accu_FIR_34 | {2 }
	Port: p_ZL10H_accu_FIR_35 | {2 }
	Port: p_ZL10H_accu_FIR_36 | {2 }
	Port: p_ZL10H_accu_FIR_37 | {2 }
	Port: p_ZL10H_accu_FIR_38 | {2 }
	Port: p_ZL10H_accu_FIR_39 | {2 }
	Port: p_ZL10H_accu_FIR_40 | {2 }
	Port: p_ZL10H_accu_FIR_41 | {2 }
	Port: p_ZL10H_accu_FIR_42 | {2 }
	Port: p_ZL10H_accu_FIR_43 | {2 }
	Port: p_ZL10H_accu_FIR_44 | {2 }
	Port: p_ZL10H_accu_FIR_45 | {2 }
	Port: p_ZL10H_accu_FIR_46 | {2 }
	Port: p_ZL10H_accu_FIR_47 | {2 }
	Port: p_ZL10H_accu_FIR_48 | {2 }
	Port: p_ZL10H_accu_FIR_49 | {2 }
	Port: p_ZL10H_accu_FIR_50 | {2 }
	Port: p_ZL10H_accu_FIR_51 | {2 }
	Port: p_ZL10H_accu_FIR_52 | {2 }
	Port: p_ZL10H_accu_FIR_53 | {2 }
	Port: p_ZL10H_accu_FIR_54 | {2 }
	Port: p_ZL10H_accu_FIR_55 | {2 }
	Port: p_ZL10H_accu_FIR_56 | {2 }
	Port: p_ZL10H_accu_FIR_57 | {2 }
	Port: p_ZL10H_accu_FIR_58 | {2 }
	Port: p_ZL10H_accu_FIR_59 | {2 }
	Port: p_ZL10H_accu_FIR_60 | {2 }
	Port: p_ZL10H_accu_FIR_61 | {2 }
	Port: p_ZL10H_accu_FIR_62 | {2 }
	Port: p_ZL10H_accu_FIR_63 | {2 }
	Port: p_ZL10H_accu_FIR_64 | {2 }
	Port: p_ZL10H_accu_FIR_65 | {2 }
	Port: p_ZL10H_accu_FIR_66 | {2 }
	Port: p_ZL10H_accu_FIR_67 | {2 }
	Port: p_ZL10H_accu_FIR_68 | {2 }
	Port: p_ZL10H_accu_FIR_69 | {2 }
	Port: p_ZL10H_accu_FIR_70 | {2 }
	Port: p_ZL10H_accu_FIR_71 | {2 }
	Port: p_ZL10H_accu_FIR_72 | {2 }
	Port: p_ZL10H_accu_FIR_73 | {2 }
	Port: p_ZL10H_accu_FIR_74 | {2 }
	Port: p_ZL10H_accu_FIR_75 | {2 }
	Port: p_ZL10H_accu_FIR_76 | {2 }
	Port: p_ZL10H_accu_FIR_77 | {2 }
	Port: p_ZL10H_accu_FIR_78 | {2 }
	Port: p_ZL10H_accu_FIR_79 | {2 }
	Port: p_ZL10H_accu_FIR_80 | {2 }
	Port: p_ZL10H_accu_FIR_81 | {2 }
	Port: p_ZL10H_accu_FIR_82 | {2 }
	Port: p_ZL10H_accu_FIR_83 | {2 }
	Port: p_ZL10H_accu_FIR_84 | {2 }
	Port: p_ZL10H_accu_FIR_85 | {2 }
	Port: p_ZL10H_accu_FIR_86 | {2 }
	Port: p_ZL10H_accu_FIR_87 | {2 }
	Port: p_ZL10H_accu_FIR_88 | {2 }
	Port: p_ZL10H_accu_FIR_89 | {2 }
	Port: p_ZL10H_accu_FIR_90 | {2 }
	Port: p_ZL10H_accu_FIR_91 | {2 }
	Port: p_ZL10H_accu_FIR_92 | {2 }
	Port: p_ZL10H_accu_FIR_93 | {2 }
	Port: p_ZL10H_accu_FIR_94 | {2 }
	Port: p_ZL10H_accu_FIR_95 | {2 }
	Port: p_ZL10H_accu_FIR_96 | {2 }
	Port: p_ZL10H_accu_FIR_97 | {2 }
	Port: p_ZL10H_accu_FIR_98 | {2 }
	Port: p_ZL10H_accu_FIR_99 | {2 }
	Port: p_ZL10H_accu_FIR_100 | {2 }
	Port: p_ZL10H_accu_FIR_101 | {2 }
	Port: p_ZL10H_accu_FIR_102 | {2 }
	Port: p_ZL10H_accu_FIR_103 | {2 }
	Port: p_ZL10H_accu_FIR_104 | {2 }
	Port: p_ZL10H_accu_FIR_105 | {2 }
	Port: p_ZL10H_accu_FIR_106 | {2 }
	Port: p_ZL10H_accu_FIR_107 | {2 }
	Port: p_ZL10H_accu_FIR_108 | {2 }
	Port: p_ZL10H_accu_FIR_109 | {2 }
	Port: p_ZL10H_accu_FIR_110 | {2 }
	Port: p_ZL10H_accu_FIR_111 | {2 }
	Port: p_ZL10H_accu_FIR_112 | {2 }
	Port: p_ZL10H_accu_FIR_113 | {2 }
	Port: p_ZL10H_accu_FIR_114 | {2 }
	Port: p_ZL10H_accu_FIR_115 | {2 }
	Port: p_ZL10H_accu_FIR_116 | {2 }
	Port: p_ZL10H_accu_FIR_117 | {2 }
	Port: p_ZL10H_accu_FIR_118 | {2 }
	Port: p_ZL10H_accu_FIR_119 | {2 }
	Port: p_ZL10H_accu_FIR_120 | {2 }
	Port: p_ZL10H_accu_FIR_121 | {2 }
	Port: p_ZL10H_accu_FIR_122 | {2 }
	Port: y3 | {2 }
	Port: p_ZL21H_filter_FIR_dec_2_21_0 | {8 }
	Port: p_ZL21H_filter_FIR_dec_2_21_1 | {8 }
	Port: p_ZL21H_filter_FIR_dec_2_21_2 | {8 }
	Port: p_ZL21H_filter_FIR_dec_2_21_3 | {8 }
	Port: p_ZL21H_filter_FIR_dec_2_21_4 | {8 }
	Port: p_ZL21H_filter_FIR_int_2_21_0 | {8 }
	Port: p_ZL21H_filter_FIR_int_2_21_1 | {8 }
	Port: p_ZL21H_filter_FIR_int_2_21_2 | {8 }
	Port: p_ZL21H_filter_FIR_int_2_21_3 | {8 }
	Port: p_ZL21H_filter_FIR_int_2_21_4 | {8 }
	Port: y4 | {8 }
	Port: p_ZL21H_filter_FIR_dec_1_21_0 | {14 }
	Port: p_ZL21H_filter_FIR_dec_1_21_1 | {14 }
	Port: p_ZL21H_filter_FIR_dec_1_21_2 | {14 }
	Port: p_ZL21H_filter_FIR_int_1_21_0 | {14 }
	Port: p_ZL21H_filter_FIR_int_1_21_1 | {14 }
	Port: p_ZL21H_filter_FIR_int_1_21_2 | {14 }
	Port: H_dec_1_20_V | {1 }
	Port: H_dec_2_20_V | {1 }
	Port: H_int_2_20_V | {2 }
	Port: H_int_1_20_V | {8 }
 - Input state : 
	Port: FIR_Halfband_v2 : input_r | {1 }
	Port: FIR_Halfband_v2 : mod_value1 | {1 }
	Port: FIR_Halfband_v2 : y1_phase1 | {1 }
	Port: FIR_Halfband_v2 : mod_value2 | {1 }
	Port: FIR_Halfband_v2 : y2_phase1 | {1 }
	Port: FIR_Halfband_v2 : p_ZL10H_accu_FIR_0 | {2 }
	Port: FIR_Halfband_v2 : p_ZL10H_accu_FIR_1 | {2 }
	Port: FIR_Halfband_v2 : p_ZL10H_accu_FIR_2 | {2 }
	Port: FIR_Halfband_v2 : p_ZL10H_accu_FIR_3 | {2 }
	Port: FIR_Halfband_v2 : p_ZL10H_accu_FIR_4 | {2 }
	Port: FIR_Halfband_v2 : p_ZL10H_accu_FIR_5 | {2 }
	Port: FIR_Halfband_v2 : p_ZL10H_accu_FIR_6 | {2 }
	Port: FIR_Halfband_v2 : p_ZL10H_accu_FIR_7 | {2 }
	Port: FIR_Halfband_v2 : p_ZL10H_accu_FIR_8 | {2 }
	Port: FIR_Halfband_v2 : p_ZL10H_accu_FIR_9 | {2 }
	Port: FIR_Halfband_v2 : p_ZL10H_accu_FIR_10 | {2 }
	Port: FIR_Halfband_v2 : p_ZL10H_accu_FIR_11 | {2 }
	Port: FIR_Halfband_v2 : p_ZL10H_accu_FIR_12 | {2 }
	Port: FIR_Halfband_v2 : p_ZL10H_accu_FIR_13 | {2 }
	Port: FIR_Halfband_v2 : p_ZL10H_accu_FIR_14 | {2 }
	Port: FIR_Halfband_v2 : p_ZL10H_accu_FIR_15 | {2 }
	Port: FIR_Halfband_v2 : p_ZL10H_accu_FIR_16 | {2 }
	Port: FIR_Halfband_v2 : p_ZL10H_accu_FIR_17 | {2 }
	Port: FIR_Halfband_v2 : p_ZL10H_accu_FIR_18 | {2 }
	Port: FIR_Halfband_v2 : p_ZL10H_accu_FIR_19 | {2 }
	Port: FIR_Halfband_v2 : p_ZL10H_accu_FIR_20 | {2 }
	Port: FIR_Halfband_v2 : p_ZL10H_accu_FIR_21 | {2 }
	Port: FIR_Halfband_v2 : p_ZL10H_accu_FIR_22 | {2 }
	Port: FIR_Halfband_v2 : p_ZL10H_accu_FIR_23 | {2 }
	Port: FIR_Halfband_v2 : p_ZL10H_accu_FIR_24 | {2 }
	Port: FIR_Halfband_v2 : p_ZL10H_accu_FIR_25 | {2 }
	Port: FIR_Halfband_v2 : p_ZL10H_accu_FIR_26 | {2 }
	Port: FIR_Halfband_v2 : p_ZL10H_accu_FIR_27 | {2 }
	Port: FIR_Halfband_v2 : p_ZL10H_accu_FIR_28 | {2 }
	Port: FIR_Halfband_v2 : p_ZL10H_accu_FIR_29 | {2 }
	Port: FIR_Halfband_v2 : p_ZL10H_accu_FIR_30 | {2 }
	Port: FIR_Halfband_v2 : p_ZL10H_accu_FIR_31 | {2 }
	Port: FIR_Halfband_v2 : p_ZL10H_accu_FIR_32 | {2 }
	Port: FIR_Halfband_v2 : p_ZL10H_accu_FIR_33 | {2 }
	Port: FIR_Halfband_v2 : p_ZL10H_accu_FIR_34 | {2 }
	Port: FIR_Halfband_v2 : p_ZL10H_accu_FIR_35 | {2 }
	Port: FIR_Halfband_v2 : p_ZL10H_accu_FIR_36 | {2 }
	Port: FIR_Halfband_v2 : p_ZL10H_accu_FIR_37 | {2 }
	Port: FIR_Halfband_v2 : p_ZL10H_accu_FIR_38 | {2 }
	Port: FIR_Halfband_v2 : p_ZL10H_accu_FIR_39 | {2 }
	Port: FIR_Halfband_v2 : p_ZL10H_accu_FIR_40 | {2 }
	Port: FIR_Halfband_v2 : p_ZL10H_accu_FIR_41 | {2 }
	Port: FIR_Halfband_v2 : p_ZL10H_accu_FIR_42 | {2 }
	Port: FIR_Halfband_v2 : p_ZL10H_accu_FIR_43 | {2 }
	Port: FIR_Halfband_v2 : p_ZL10H_accu_FIR_44 | {2 }
	Port: FIR_Halfband_v2 : p_ZL10H_accu_FIR_45 | {2 }
	Port: FIR_Halfband_v2 : p_ZL10H_accu_FIR_46 | {2 }
	Port: FIR_Halfband_v2 : p_ZL10H_accu_FIR_47 | {2 }
	Port: FIR_Halfband_v2 : p_ZL10H_accu_FIR_48 | {2 }
	Port: FIR_Halfband_v2 : p_ZL10H_accu_FIR_49 | {2 }
	Port: FIR_Halfband_v2 : p_ZL10H_accu_FIR_50 | {2 }
	Port: FIR_Halfband_v2 : p_ZL10H_accu_FIR_51 | {2 }
	Port: FIR_Halfband_v2 : p_ZL10H_accu_FIR_52 | {2 }
	Port: FIR_Halfband_v2 : p_ZL10H_accu_FIR_53 | {2 }
	Port: FIR_Halfband_v2 : p_ZL10H_accu_FIR_54 | {2 }
	Port: FIR_Halfband_v2 : p_ZL10H_accu_FIR_55 | {2 }
	Port: FIR_Halfband_v2 : p_ZL10H_accu_FIR_56 | {2 }
	Port: FIR_Halfband_v2 : p_ZL10H_accu_FIR_57 | {2 }
	Port: FIR_Halfband_v2 : p_ZL10H_accu_FIR_58 | {2 }
	Port: FIR_Halfband_v2 : p_ZL10H_accu_FIR_59 | {2 }
	Port: FIR_Halfband_v2 : p_ZL10H_accu_FIR_60 | {2 }
	Port: FIR_Halfband_v2 : p_ZL10H_accu_FIR_61 | {2 }
	Port: FIR_Halfband_v2 : p_ZL10H_accu_FIR_62 | {2 }
	Port: FIR_Halfband_v2 : p_ZL10H_accu_FIR_63 | {2 }
	Port: FIR_Halfband_v2 : p_ZL10H_accu_FIR_64 | {2 }
	Port: FIR_Halfband_v2 : p_ZL10H_accu_FIR_65 | {2 }
	Port: FIR_Halfband_v2 : p_ZL10H_accu_FIR_66 | {2 }
	Port: FIR_Halfband_v2 : p_ZL10H_accu_FIR_67 | {2 }
	Port: FIR_Halfband_v2 : p_ZL10H_accu_FIR_68 | {2 }
	Port: FIR_Halfband_v2 : p_ZL10H_accu_FIR_69 | {2 }
	Port: FIR_Halfband_v2 : p_ZL10H_accu_FIR_70 | {2 }
	Port: FIR_Halfband_v2 : p_ZL10H_accu_FIR_71 | {2 }
	Port: FIR_Halfband_v2 : p_ZL10H_accu_FIR_72 | {2 }
	Port: FIR_Halfband_v2 : p_ZL10H_accu_FIR_73 | {2 }
	Port: FIR_Halfband_v2 : p_ZL10H_accu_FIR_74 | {2 }
	Port: FIR_Halfband_v2 : p_ZL10H_accu_FIR_75 | {2 }
	Port: FIR_Halfband_v2 : p_ZL10H_accu_FIR_76 | {2 }
	Port: FIR_Halfband_v2 : p_ZL10H_accu_FIR_77 | {2 }
	Port: FIR_Halfband_v2 : p_ZL10H_accu_FIR_78 | {2 }
	Port: FIR_Halfband_v2 : p_ZL10H_accu_FIR_79 | {2 }
	Port: FIR_Halfband_v2 : p_ZL10H_accu_FIR_80 | {2 }
	Port: FIR_Halfband_v2 : p_ZL10H_accu_FIR_81 | {2 }
	Port: FIR_Halfband_v2 : p_ZL10H_accu_FIR_82 | {2 }
	Port: FIR_Halfband_v2 : p_ZL10H_accu_FIR_83 | {2 }
	Port: FIR_Halfband_v2 : p_ZL10H_accu_FIR_84 | {2 }
	Port: FIR_Halfband_v2 : p_ZL10H_accu_FIR_85 | {2 }
	Port: FIR_Halfband_v2 : p_ZL10H_accu_FIR_86 | {2 }
	Port: FIR_Halfband_v2 : p_ZL10H_accu_FIR_87 | {2 }
	Port: FIR_Halfband_v2 : p_ZL10H_accu_FIR_88 | {2 }
	Port: FIR_Halfband_v2 : p_ZL10H_accu_FIR_89 | {2 }
	Port: FIR_Halfband_v2 : p_ZL10H_accu_FIR_90 | {2 }
	Port: FIR_Halfband_v2 : p_ZL10H_accu_FIR_91 | {2 }
	Port: FIR_Halfband_v2 : p_ZL10H_accu_FIR_92 | {2 }
	Port: FIR_Halfband_v2 : p_ZL10H_accu_FIR_93 | {2 }
	Port: FIR_Halfband_v2 : p_ZL10H_accu_FIR_94 | {2 }
	Port: FIR_Halfband_v2 : p_ZL10H_accu_FIR_95 | {2 }
	Port: FIR_Halfband_v2 : p_ZL10H_accu_FIR_96 | {2 }
	Port: FIR_Halfband_v2 : p_ZL10H_accu_FIR_97 | {2 }
	Port: FIR_Halfband_v2 : p_ZL10H_accu_FIR_98 | {2 }
	Port: FIR_Halfband_v2 : p_ZL10H_accu_FIR_99 | {2 }
	Port: FIR_Halfband_v2 : p_ZL10H_accu_FIR_100 | {2 }
	Port: FIR_Halfband_v2 : p_ZL10H_accu_FIR_101 | {2 }
	Port: FIR_Halfband_v2 : p_ZL10H_accu_FIR_102 | {2 }
	Port: FIR_Halfband_v2 : p_ZL10H_accu_FIR_103 | {2 }
	Port: FIR_Halfband_v2 : p_ZL10H_accu_FIR_104 | {2 }
	Port: FIR_Halfband_v2 : p_ZL10H_accu_FIR_105 | {2 }
	Port: FIR_Halfband_v2 : p_ZL10H_accu_FIR_106 | {2 }
	Port: FIR_Halfband_v2 : p_ZL10H_accu_FIR_107 | {2 }
	Port: FIR_Halfband_v2 : p_ZL10H_accu_FIR_108 | {2 }
	Port: FIR_Halfband_v2 : p_ZL10H_accu_FIR_109 | {2 }
	Port: FIR_Halfband_v2 : p_ZL10H_accu_FIR_110 | {2 }
	Port: FIR_Halfband_v2 : p_ZL10H_accu_FIR_111 | {2 }
	Port: FIR_Halfband_v2 : p_ZL10H_accu_FIR_112 | {2 }
	Port: FIR_Halfband_v2 : p_ZL10H_accu_FIR_113 | {2 }
	Port: FIR_Halfband_v2 : p_ZL10H_accu_FIR_114 | {2 }
	Port: FIR_Halfband_v2 : p_ZL10H_accu_FIR_115 | {2 }
	Port: FIR_Halfband_v2 : p_ZL10H_accu_FIR_116 | {2 }
	Port: FIR_Halfband_v2 : p_ZL10H_accu_FIR_117 | {2 }
	Port: FIR_Halfband_v2 : p_ZL10H_accu_FIR_118 | {2 }
	Port: FIR_Halfband_v2 : p_ZL10H_accu_FIR_119 | {2 }
	Port: FIR_Halfband_v2 : p_ZL10H_accu_FIR_120 | {2 }
	Port: FIR_Halfband_v2 : p_ZL10H_accu_FIR_121 | {2 }
	Port: FIR_Halfband_v2 : p_ZL10H_accu_FIR_122 | {2 }
	Port: FIR_Halfband_v2 : y3 | {1 }
	Port: FIR_Halfband_v2 : p_ZL21H_filter_FIR_dec_2_21_0 | {1 }
	Port: FIR_Halfband_v2 : p_ZL21H_filter_FIR_dec_2_21_1 | {1 }
	Port: FIR_Halfband_v2 : p_ZL21H_filter_FIR_dec_2_21_2 | {1 }
	Port: FIR_Halfband_v2 : p_ZL21H_filter_FIR_dec_2_21_3 | {1 }
	Port: FIR_Halfband_v2 : p_ZL21H_filter_FIR_dec_2_21_4 | {1 }
	Port: FIR_Halfband_v2 : p_ZL21H_filter_FIR_int_2_21_0 | {1 }
	Port: FIR_Halfband_v2 : p_ZL21H_filter_FIR_int_2_21_1 | {1 }
	Port: FIR_Halfband_v2 : p_ZL21H_filter_FIR_int_2_21_2 | {1 }
	Port: FIR_Halfband_v2 : p_ZL21H_filter_FIR_int_2_21_3 | {1 }
	Port: FIR_Halfband_v2 : p_ZL21H_filter_FIR_int_2_21_4 | {1 }
	Port: FIR_Halfband_v2 : y4 | {1 }
	Port: FIR_Halfband_v2 : p_ZL21H_filter_FIR_dec_1_21_0 | {1 }
	Port: FIR_Halfband_v2 : p_ZL21H_filter_FIR_dec_1_21_1 | {1 }
	Port: FIR_Halfband_v2 : p_ZL21H_filter_FIR_dec_1_21_2 | {1 }
	Port: FIR_Halfband_v2 : p_ZL21H_filter_FIR_int_1_21_0 | {1 }
	Port: FIR_Halfband_v2 : p_ZL21H_filter_FIR_int_1_21_1 | {1 }
	Port: FIR_Halfband_v2 : p_ZL21H_filter_FIR_int_1_21_2 | {1 }
	Port: FIR_Halfband_v2 : H_dec_1_20_V | {1 }
	Port: FIR_Halfband_v2 : H_dec_2_20_V | {1 }
	Port: FIR_Halfband_v2 : H_int_2_20_V | {2 }
	Port: FIR_Halfband_v2 : H_int_1_20_V | {8 }
  - Chain level:
	State 1
		br_ln26 : 1
		sext_ln29 : 1
		tmp : 1
		sub_ln29 : 2
		trunc_ln29_1_cast : 3
		trunc_ln29_2 : 1
		sub_ln29_1 : 4
		select_ln29 : 5
		sext_ln29_1 : 6
		add_ln29 : 7
		br_ln31 : 1
		p_1 : 8
		sext_ln35 : 9
		tmp_10 : 9
		sub_ln35 : 10
		trunc_ln35_1_cast : 11
		trunc_ln35_2 : 9
		sub_ln35_1 : 12
		select_ln35 : 13
		sext_ln35_1 : 14
		add_ln35 : 15
		call_ret2 : 8
		call_ret3 : 1
		call_ret : 1
		call_ret1 : 1
	State 2
		store_ln36 : 1
		p_3 : 1
	State 3
	State 4
	State 5
	State 6
	State 7
	State 8
		newret9 : 1
		newret1 : 1
		newret10 : 1
		newret11 : 1
		newret12 : 1
		newret13 : 1
		store_ln42 : 2
		store_ln42 : 2
		store_ln42 : 2
		store_ln42 : 2
		store_ln42 : 2
		store_ln42 : 2
		newret14 : 1
		newret15 : 1
		newret16 : 1
		newret17 : 1
		newret18 : 1
		newret19 : 1
		store_ln43 : 2
		store_ln43 : 2
		store_ln43 : 2
		store_ln43 : 2
		store_ln43 : 2
		shl_ln43 : 2
		p_013_0_0_0 : 2
		store_ln43 : 3
		p_0 : 3
		write_ln47 : 4
	State 9
		store_ln0 : 1
		storemerge : 1
		store_ln0 : 2
	State 10
	State 11
	State 12
	State 13
	State 14
		newret2 : 1
		newret3 : 1
		newret4 : 1
		newret5 : 1
		store_ln51 : 2
		store_ln51 : 2
		store_ln51 : 2
		store_ln51 : 2
		newret : 1
		newret6 : 1
		newret7 : 1
		newret8 : 1
		store_ln52 : 2
		store_ln52 : 2
		store_ln52 : 2
		shl_ln52 : 2
		write_ln52 : 2
	State 15


============================================================
+ Verbose Summary: Datapath Resource usage 
============================================================

* Functional unit list:
|----------|----------------------------------|---------|---------|---------|---------|
| Operation|          Functional Unit         |   DSP   |  Delay  |    FF   |   LUT   |
|----------|----------------------------------|---------|---------|---------|---------|
|          |       grp_FIR_filter_fu_411      |    3    |  0.854  |   160   |    18   |
|          |       grp_FIR_filter_fu_421      |    3    |  0.854  |   160   |    18   |
|   call   |      grp_FIR_filter_1_fu_431     |    2    |  0.427  |    96   |    9    |
|          |      grp_FIR_filter_1_fu_440     |    2    |  0.427  |    96   |    9    |
|          | p_2_FIR_filter_transposed_fu_448 |    47   |    0    |    0    |   5347  |
|----------|----------------------------------|---------|---------|---------|---------|
|          |          sub_ln29_fu_725         |    0    |    0    |    0    |    23   |
|    sub   |         sub_ln29_1_fu_751        |    0    |    0    |    0    |    22   |
|          |          sub_ln35_fu_806         |    0    |    0    |    0    |    23   |
|          |         sub_ln35_1_fu_832        |    0    |    0    |    0    |    22   |
|----------|----------------------------------|---------|---------|---------|---------|
|    add   |          add_ln29_fu_773         |    0    |    0    |    0    |    23   |
|          |          add_ln35_fu_854         |    0    |    0    |    0    |    23   |
|----------|----------------------------------|---------|---------|---------|---------|
|  select  |        select_ln29_fu_757        |    0    |    0    |    0    |    15   |
|          |        select_ln35_fu_838        |    0    |    0    |    0    |    15   |
|----------|----------------------------------|---------|---------|---------|---------|
|   read   |     input_r_read_read_fu_364     |    0    |    0    |    0    |    0    |
|----------|----------------------------------|---------|---------|---------|---------|
|   write  |         grp_write_fu_370         |    0    |    0    |    0    |    0    |
|----------|----------------------------------|---------|---------|---------|---------|
|          |            p_s_fu_703            |    0    |    0    |    0    |    0    |
|memshiftread|            p_1_fu_784            |    0    |    0    |    0    |    0    |
|          |            p_3_fu_956            |    0    |    0    |    0    |    0    |
|          |            p_0_fu_1093           |    0    |    0    |    0    |    0    |
|----------|----------------------------------|---------|---------|---------|---------|
|          |         sext_ln29_fu_713         |    0    |    0    |    0    |    0    |
|   sext   |        sext_ln29_1_fu_765        |    0    |    0    |    0    |    0    |
|          |         sext_ln35_fu_794         |    0    |    0    |    0    |    0    |
|          |        sext_ln35_1_fu_846        |    0    |    0    |    0    |    0    |
|----------|----------------------------------|---------|---------|---------|---------|
| bitselect|            tmp_fu_717            |    0    |    0    |    0    |    0    |
|          |           tmp_10_fu_798          |    0    |    0    |    0    |    0    |
|----------|----------------------------------|---------|---------|---------|---------|
|          |     trunc_ln29_1_cast_fu_731     |    0    |    0    |    0    |    0    |
|partselect|        trunc_ln29_2_fu_741       |    0    |    0    |    0    |    0    |
|          |     trunc_ln35_1_cast_fu_812     |    0    |    0    |    0    |    0    |
|          |        trunc_ln35_2_fu_822       |    0    |    0    |    0    |    0    |
|----------|----------------------------------|---------|---------|---------|---------|
|          |          newret9_fu_966          |    0    |    0    |    0    |    0    |
|          |          newret1_fu_970          |    0    |    0    |    0    |    0    |
|          |          newret10_fu_974         |    0    |    0    |    0    |    0    |
|          |          newret11_fu_978         |    0    |    0    |    0    |    0    |
|          |          newret12_fu_982         |    0    |    0    |    0    |    0    |
|          |          newret13_fu_986         |    0    |    0    |    0    |    0    |
|          |         newret14_fu_1026         |    0    |    0    |    0    |    0    |
|          |         newret15_fu_1030         |    0    |    0    |    0    |    0    |
|          |         newret16_fu_1034         |    0    |    0    |    0    |    0    |
|extractvalue|         newret17_fu_1038         |    0    |    0    |    0    |    0    |
|          |         newret18_fu_1042         |    0    |    0    |    0    |    0    |
|          |         newret19_fu_1046         |    0    |    0    |    0    |    0    |
|          |          newret2_fu_1116         |    0    |    0    |    0    |    0    |
|          |          newret3_fu_1120         |    0    |    0    |    0    |    0    |
|          |          newret4_fu_1124         |    0    |    0    |    0    |    0    |
|          |          newret5_fu_1128         |    0    |    0    |    0    |    0    |
|          |          newret_fu_1156          |    0    |    0    |    0    |    0    |
|          |          newret6_fu_1160         |    0    |    0    |    0    |    0    |
|          |          newret7_fu_1164         |    0    |    0    |    0    |    0    |
|          |          newret8_fu_1168         |    0    |    0    |    0    |    0    |
|----------|----------------------------------|---------|---------|---------|---------|
|    shl   |         shl_ln43_fu_1080         |    0    |    0    |    0    |    0    |
|          |         shl_ln52_fu_1190         |    0    |    0    |    0    |    0    |
|----------|----------------------------------|---------|---------|---------|---------|
|   Total  |                                  |    57   |  2.562  |   512   |   5567  |
|----------|----------------------------------|---------|---------|---------|---------|

Memories:
+------------+--------+--------+
|            |   FF   |   LUT  |
+------------+--------+--------+
|H_dec_1_20_V|   64   |   32   |
|H_dec_2_20_V|   64   |   32   |
|H_int_1_20_V|   64   |   32   |
|H_int_2_20_V|   64   |   32   |
+------------+--------+--------+
|    Total   |   256  |   128  |
+------------+--------+--------+

* Register list:
+------------------------+--------+
|                        |   FF   |
+------------------------+--------+
|    add_ln29_reg_1206   |   16   |
|    add_ln35_reg_1215   |   16   |
|  input_r_read_reg_1201 |   16   |
|mod_value1_load_reg_1197|    1   |
|mod_value2_load_reg_1211|    1   |
|   p_013_0_0_0_reg_377  |   16   |
|      p_0_reg_1283      |   16   |
|      p_3_reg_1278      |   16   |
|    shl_ln52_reg_1288   |   16   |
|   storemerge1_reg_386  |    1   |
|   storemerge_reg_399   |    1   |
|    y3_load_reg_1235    |   16   |
|    y4_load_reg_1264    |   16   |
+------------------------+--------+
|          Total         |   148  |
+------------------------+--------+

* Multiplexer (MUX) list: 
|-------------------------|------|------|------|--------||---------||---------||---------|
|           Comp          |  Pin | Size |  BW  | S x BW ||  Delay  ||    FF   ||   LUT   |
|-------------------------|------|------|------|--------||---------||---------||---------|
|     grp_write_fu_370    |  p2  |   4  |  16  |   64   ||    0    ||    20   |
|   storemerge1_reg_386   |  p0  |   2  |   1  |    2   |
|  grp_FIR_filter_fu_411  |  p6  |   2  |  16  |   32   ||    0    ||    9    |
|  grp_FIR_filter_fu_421  |  p6  |   2  |  16  |   32   ||    0    ||    9    |
| grp_FIR_filter_1_fu_431 |  p4  |   2  |  16  |   32   ||    0    ||    9    |
| grp_FIR_filter_1_fu_440 |  p4  |   2  |  16  |   32   ||    0    ||    9    |
|-------------------------|------|------|------|--------||---------||---------||---------|
|          Total          |      |      |      |   194  ||   2.66  ||    0    ||    56   |
|-------------------------|------|------|------|--------||---------||---------||---------|



* Summary:
+-----------+--------+--------+--------+--------+
|           |   DSP  |  Delay |   FF   |   LUT  |
+-----------+--------+--------+--------+--------+
|  Function |   57   |    2   |   512  |  5567  |
|   Memory  |    -   |    -   |   256  |   128  |
|Multiplexer|    -   |    2   |    0   |   56   |
|  Register |    -   |    -   |   148  |    -   |
+-----------+--------+--------+--------+--------+
|   Total   |   57   |    5   |   916  |  5751  |
+-----------+--------+--------+--------+--------+
