Copyright 1986-2022 Xilinx, Inc. All Rights Reserved. Copyright 2022-2024 Advanced Micro Devices, Inc. All Rights Reserved.
--------------------------------------------------------------------------------------------------------------------------------------------------------------------------------------------------------------------------------------
| Tool Version      : Vivado v.2024.2 (win64) Build 5239630 Fri Nov 08 22:35:27 MST 2024
| Date              : Sat Jan 17 13:42:44 2026
| Host              : DESKTOP-92OKADH running 64-bit major release  (build 9200)
| Command           : report_timing_summary -max_paths 10 -report_unconstrained -file bd_0_wrapper_timing_summary_routed.rpt -pb bd_0_wrapper_timing_summary_routed.pb -rpx bd_0_wrapper_timing_summary_routed.rpx -warn_on_violation
| Design            : bd_0_wrapper
| Device            : xck26-sfvc784
| Speed File        : -2LV  PRODUCTION 1.30 05-15-2022
| Design State      : Routed
| Temperature Grade : C
--------------------------------------------------------------------------------------------------------------------------------------------------------------------------------------------------------------------------------------

Timing Summary Report

------------------------------------------------------------------------------------------------
| Timer Settings
| --------------
------------------------------------------------------------------------------------------------

  Enable Multi Corner Analysis               :  Yes
  Enable Pessimism Removal                   :  Yes
  Pessimism Removal Resolution               :  Nearest Common Node
  Enable Input Delay Default Clock           :  No
  Enable Preset / Clear Arcs                 :  No
  Disable Flight Delays                      :  No
  Ignore I/O Paths                           :  No
  Timing Early Launch at Borrowing Latches   :  No
  Borrow Time for Max Delay Exceptions       :  Yes
  Merge Timing Exceptions                    :  Yes
  Inter-SLR Compensation                     :  Conservative

  Corner  Analyze    Analyze    
  Name    Max Paths  Min Paths  
  ------  ---------  ---------  
  Slow    Yes        Yes        
  Fast    Yes        Yes        


------------------------------------------------------------------------------------------------
| Report Methodology
| ------------------
------------------------------------------------------------------------------------------------

Rule       Severity  Description                    Violations  
---------  --------  -----------------------------  ----------  
TIMING-18  Warning   Missing input or output delay  5           

Note: This report is based on the most recent report_methodology run and may not be up-to-date. Run report_methodology on the current design for the latest report.



check_timing report

Table of Contents
-----------------
1. checking no_clock (0)
2. checking constant_clock (0)
3. checking pulse_width_clock (0)
4. checking unconstrained_internal_endpoints (0)
5. checking no_input_delay (3)
6. checking no_output_delay (2)
7. checking multiple_clock (0)
8. checking generated_clocks (0)
9. checking loops (0)
10. checking partial_input_delay (0)
11. checking partial_output_delay (0)
12. checking latch_loops (0)

1. checking no_clock (0)
------------------------
 There are 0 register/latch pins with no clock.


2. checking constant_clock (0)
------------------------------
 There are 0 register/latch pins with constant_clock.


3. checking pulse_width_clock (0)
---------------------------------
 There are 0 register/latch pins which need pulse_width check


4. checking unconstrained_internal_endpoints (0)
------------------------------------------------
 There are 0 pins that are not constrained for maximum delay.

 There are 0 pins that are not constrained for maximum delay due to constant clock.


5. checking no_input_delay (3)
------------------------------
 There are 3 input ports with no input delay specified. (HIGH)

 There are 0 input ports with no input delay but user has a false path constraint.


6. checking no_output_delay (2)
-------------------------------
 There are 2 ports with no output delay specified. (HIGH)

 There are 0 ports with no output delay but user has a false path constraint

 There are 0 ports with no output delay but with a timing clock defined on it or propagating through it


7. checking multiple_clock (0)
------------------------------
 There are 0 register/latch pins with multiple clocks.


8. checking generated_clocks (0)
--------------------------------
 There are 0 generated clocks that are not connected to a clock source.


9. checking loops (0)
---------------------
 There are 0 combinational loops in the design.


10. checking partial_input_delay (0)
------------------------------------
 There are 0 input ports with partial input delay specified.


11. checking partial_output_delay (0)
-------------------------------------
 There are 0 ports with partial output delay specified.


12. checking latch_loops (0)
----------------------------
 There are 0 combinational latch loops in the design through latch input



------------------------------------------------------------------------------------------------
| Design Timing Summary
| ---------------------
------------------------------------------------------------------------------------------------

    WNS(ns)      TNS(ns)  TNS Failing Endpoints  TNS Total Endpoints      WHS(ns)      THS(ns)  THS Failing Endpoints  THS Total Endpoints     WPWS(ns)     TPWS(ns)  TPWS Failing Endpoints  TPWS Total Endpoints  
    -------      -------  ---------------------  -------------------      -------      -------  ---------------------  -------------------     --------     --------  ----------------------  --------------------  
      9.267        0.000                      0                   13        0.093        0.000                      0                   13        4.725        0.000                       0                    13  


All user specified timing constraints are met.


------------------------------------------------------------------------------------------------
| Clock Summary
| -------------
------------------------------------------------------------------------------------------------

Clock   Waveform(ns)       Period(ns)      Frequency(MHz)
-----   ------------       ----------      --------------
ap_clk  {0.000 5.000}      10.000          100.000         


------------------------------------------------------------------------------------------------
| Intra Clock Table
| -----------------
------------------------------------------------------------------------------------------------

Clock             WNS(ns)      TNS(ns)  TNS Failing Endpoints  TNS Total Endpoints      WHS(ns)      THS(ns)  THS Failing Endpoints  THS Total Endpoints     WPWS(ns)     TPWS(ns)  TPWS Failing Endpoints  TPWS Total Endpoints  
-----             -------      -------  ---------------------  -------------------      -------      -------  ---------------------  -------------------     --------     --------  ----------------------  --------------------  
ap_clk              9.267        0.000                      0                   13        0.093        0.000                      0                   13        4.725        0.000                       0                    13  


------------------------------------------------------------------------------------------------
| Inter Clock Table
| -----------------
------------------------------------------------------------------------------------------------

From Clock    To Clock          WNS(ns)      TNS(ns)  TNS Failing Endpoints  TNS Total Endpoints      WHS(ns)      THS(ns)  THS Failing Endpoints  THS Total Endpoints  
----------    --------          -------      -------  ---------------------  -------------------      -------      -------  ---------------------  -------------------  


------------------------------------------------------------------------------------------------
| Other Path Groups Table
| -----------------------
------------------------------------------------------------------------------------------------

Path Group    From Clock    To Clock          WNS(ns)      TNS(ns)  TNS Failing Endpoints  TNS Total Endpoints      WHS(ns)      THS(ns)  THS Failing Endpoints  THS Total Endpoints  
----------    ----------    --------          -------      -------  ---------------------  -------------------      -------      -------  ---------------------  -------------------  


------------------------------------------------------------------------------------------------
| User Ignored Path Table
| -----------------------
------------------------------------------------------------------------------------------------

Path Group    From Clock    To Clock    
----------    ----------    --------    


------------------------------------------------------------------------------------------------
| Unconstrained Path Table
| ------------------------
------------------------------------------------------------------------------------------------

Path Group    From Clock    To Clock    
----------    ----------    --------    
(none)        ap_clk                      
(none)                      ap_clk        


------------------------------------------------------------------------------------------------
| Timing Details
| --------------
------------------------------------------------------------------------------------------------


---------------------------------------------------------------------------------------------------
From Clock:  ap_clk
  To Clock:  ap_clk

Setup :            0  Failing Endpoints,  Worst Slack        9.267ns,  Total Violation        0.000ns
Hold  :            0  Failing Endpoints,  Worst Slack        0.093ns,  Total Violation        0.000ns
PW    :            0  Failing Endpoints,  Worst Slack        4.725ns,  Total Violation        0.000ns
---------------------------------------------------------------------------------------------------


Max Delay Paths
--------------------------------------------------------------------------------------
Slack (MET) :             9.267ns  (required time - arrival time)
  Source:                 bd_0_i/hls_inst/inst/regslice_both_input_r_U/state_reg[0]/C
                            (rising edge-triggered cell FDRE clocked by ap_clk  {rise@0.000ns fall@5.000ns period=10.000ns})
  Destination:            bd_0_i/hls_inst/inst/ap_CS_fsm_reg[0]/D
                            (rising edge-triggered cell FDSE clocked by ap_clk  {rise@0.000ns fall@5.000ns period=10.000ns})
  Path Group:             ap_clk
  Path Type:              Setup (Max at Slow Process Corner)
  Requirement:            10.000ns  (ap_clk rise@10.000ns - ap_clk rise@0.000ns)
  Data Path Delay:        0.730ns  (logic 0.346ns (47.421%)  route 0.384ns (52.579%))
  Logic Levels:           1  (LUT5=1)
  Clock Path Skew:        -0.012ns (DCD - SCD + CPR)
    Destination Clock Delay (DCD):    0.031ns = ( 10.031 - 10.000 ) 
    Source Clock Delay      (SCD):    0.043ns
    Clock Pessimism Removal (CPR):    0.000ns
  Clock Uncertainty:      0.035ns  ((TSJ^2 + TIJ^2)^1/2 + DJ) / 2 + PE
    Total System Jitter     (TSJ):    0.071ns
    Total Input Jitter      (TIJ):    0.000ns
    Discrete Jitter          (DJ):    0.000ns
    Phase Error              (PE):    0.000ns

    Location             Delay type                Incr(ns)  Path(ns)    Netlist Resource(s)
  -------------------------------------------------------------------    -------------------
                         (clock ap_clk rise edge)     0.000     0.000 r  
                                                      0.000     0.000 r  ap_clk (IN)
                         net (fo=12, unset)           0.043     0.043    bd_0_i/hls_inst/inst/regslice_both_input_r_U/ap_clk
    SLICE_X24Y46         FDRE                                         r  bd_0_i/hls_inst/inst/regslice_both_input_r_U/state_reg[0]/C
  -------------------------------------------------------------------    -------------------
    SLICE_X24Y46         FDRE (Prop_EFF2_SLICEM_C_Q)
                                                      0.118     0.161 f  bd_0_i/hls_inst/inst/regslice_both_input_r_U/state_reg[0]/Q
                         net (fo=8, routed)           0.304     0.465    bd_0_i/hls_inst/inst/grp_FIR_HLS_Pipeline_VITIS_LOOP_28_2_fu_40/ap_CS_fsm_reg[1]_0[0]
    SLICE_X24Y46         LUT5 (Prop_H6LUT_SLICEM_I3_O)
                                                      0.228     0.693 r  bd_0_i/hls_inst/inst/grp_FIR_HLS_Pipeline_VITIS_LOOP_28_2_fu_40/ap_CS_fsm[0]_i_1/O
                         net (fo=1, routed)           0.080     0.773    bd_0_i/hls_inst/inst/ap_NS_fsm[0]
    SLICE_X24Y46         FDSE                                         r  bd_0_i/hls_inst/inst/ap_CS_fsm_reg[0]/D
  -------------------------------------------------------------------    -------------------

                         (clock ap_clk rise edge)    10.000    10.000 r  
                                                      0.000    10.000 r  ap_clk (IN)
                         net (fo=12, unset)           0.031    10.031    bd_0_i/hls_inst/inst/ap_clk
    SLICE_X24Y46         FDSE                                         r  bd_0_i/hls_inst/inst/ap_CS_fsm_reg[0]/C
                         clock pessimism              0.000    10.031    
                         clock uncertainty           -0.035     9.996    
    SLICE_X24Y46         FDSE (Setup_HFF_SLICEM_C_D)
                                                      0.044    10.040    bd_0_i/hls_inst/inst/ap_CS_fsm_reg[0]
  -------------------------------------------------------------------
                         required time                         10.040    
                         arrival time                          -0.773    
  -------------------------------------------------------------------
                         slack                                  9.267    

Slack (MET) :             9.276ns  (required time - arrival time)
  Source:                 bd_0_i/hls_inst/inst/regslice_both_input_r_U/state_reg[0]/C
                            (rising edge-triggered cell FDRE clocked by ap_clk  {rise@0.000ns fall@5.000ns period=10.000ns})
  Destination:            bd_0_i/hls_inst/inst/regslice_both_input_r_U/ack_in_t_reg/D
                            (rising edge-triggered cell FDRE clocked by ap_clk  {rise@0.000ns fall@5.000ns period=10.000ns})
  Path Group:             ap_clk
  Path Type:              Setup (Max at Slow Process Corner)
  Requirement:            10.000ns  (ap_clk rise@10.000ns - ap_clk rise@0.000ns)
  Data Path Delay:        0.720ns  (logic 0.344ns (47.802%)  route 0.376ns (52.198%))
  Logic Levels:           1  (LUT6=1)
  Clock Path Skew:        -0.012ns (DCD - SCD + CPR)
    Destination Clock Delay (DCD):    0.031ns = ( 10.031 - 10.000 ) 
    Source Clock Delay      (SCD):    0.043ns
    Clock Pessimism Removal (CPR):    0.000ns
  Clock Uncertainty:      0.035ns  ((TSJ^2 + TIJ^2)^1/2 + DJ) / 2 + PE
    Total System Jitter     (TSJ):    0.071ns
    Total Input Jitter      (TIJ):    0.000ns
    Discrete Jitter          (DJ):    0.000ns
    Phase Error              (PE):    0.000ns

    Location             Delay type                Incr(ns)  Path(ns)    Netlist Resource(s)
  -------------------------------------------------------------------    -------------------
                         (clock ap_clk rise edge)     0.000     0.000 r  
                                                      0.000     0.000 r  ap_clk (IN)
                         net (fo=12, unset)           0.043     0.043    bd_0_i/hls_inst/inst/regslice_both_input_r_U/ap_clk
    SLICE_X24Y46         FDRE                                         r  bd_0_i/hls_inst/inst/regslice_both_input_r_U/state_reg[0]/C
  -------------------------------------------------------------------    -------------------
    SLICE_X24Y46         FDRE (Prop_EFF2_SLICEM_C_Q)
                                                      0.118     0.161 r  bd_0_i/hls_inst/inst/regslice_both_input_r_U/state_reg[0]/Q
                         net (fo=8, routed)           0.296     0.457    bd_0_i/hls_inst/inst/regslice_both_input_r_U/state_reg[0]_0[0]
    SLICE_X24Y46         LUT6 (Prop_G6LUT_SLICEM_I1_O)
                                                      0.226     0.683 r  bd_0_i/hls_inst/inst/regslice_both_input_r_U/ack_in_t_i_2/O
                         net (fo=1, routed)           0.080     0.763    bd_0_i/hls_inst/inst/regslice_both_input_r_U/ack_in_t_i_2_n_0
    SLICE_X24Y46         FDRE                                         r  bd_0_i/hls_inst/inst/regslice_both_input_r_U/ack_in_t_reg/D
  -------------------------------------------------------------------    -------------------

                         (clock ap_clk rise edge)    10.000    10.000 r  
                                                      0.000    10.000 r  ap_clk (IN)
                         net (fo=12, unset)           0.031    10.031    bd_0_i/hls_inst/inst/regslice_both_input_r_U/ap_clk
    SLICE_X24Y46         FDRE                                         r  bd_0_i/hls_inst/inst/regslice_both_input_r_U/ack_in_t_reg/C
                         clock pessimism              0.000    10.031    
                         clock uncertainty           -0.035     9.996    
    SLICE_X24Y46         FDRE (Setup_GFF_SLICEM_C_D)
                                                      0.043    10.039    bd_0_i/hls_inst/inst/regslice_both_input_r_U/ack_in_t_reg
  -------------------------------------------------------------------
                         required time                         10.039    
                         arrival time                          -0.763    
  -------------------------------------------------------------------
                         slack                                  9.276    

Slack (MET) :             9.306ns  (required time - arrival time)
  Source:                 bd_0_i/hls_inst/inst/regslice_both_input_r_U/FSM_sequential_state_reg[0]/C
                            (rising edge-triggered cell FDSE clocked by ap_clk  {rise@0.000ns fall@5.000ns period=10.000ns})
  Destination:            bd_0_i/hls_inst/inst/regslice_both_input_r_U/FSM_sequential_state_reg[0]/D
                            (rising edge-triggered cell FDSE clocked by ap_clk  {rise@0.000ns fall@5.000ns period=10.000ns})
  Path Group:             ap_clk
  Path Type:              Setup (Max at Slow Process Corner)
  Requirement:            10.000ns  (ap_clk rise@10.000ns - ap_clk rise@0.000ns)
  Data Path Delay:        0.691ns  (logic 0.314ns (45.463%)  route 0.377ns (54.537%))
  Logic Levels:           1  (LUT5=1)
  Clock Path Skew:        -0.013ns (DCD - SCD + CPR)
    Destination Clock Delay (DCD):    0.030ns = ( 10.030 - 10.000 ) 
    Source Clock Delay      (SCD):    0.043ns
    Clock Pessimism Removal (CPR):    0.000ns
  Clock Uncertainty:      0.035ns  ((TSJ^2 + TIJ^2)^1/2 + DJ) / 2 + PE
    Total System Jitter     (TSJ):    0.071ns
    Total Input Jitter      (TIJ):    0.000ns
    Discrete Jitter          (DJ):    0.000ns
    Phase Error              (PE):    0.000ns

    Location             Delay type                Incr(ns)  Path(ns)    Netlist Resource(s)
  -------------------------------------------------------------------    -------------------
                         (clock ap_clk rise edge)     0.000     0.000 r  
                                                      0.000     0.000 r  ap_clk (IN)
                         net (fo=12, unset)           0.043     0.043    bd_0_i/hls_inst/inst/regslice_both_input_r_U/ap_clk
    SLICE_X24Y46         FDSE                                         r  bd_0_i/hls_inst/inst/regslice_both_input_r_U/FSM_sequential_state_reg[0]/C
  -------------------------------------------------------------------    -------------------
    SLICE_X24Y46         FDSE (Prop_BFF2_SLICEM_C_Q)
                                                      0.115     0.158 r  bd_0_i/hls_inst/inst/regslice_both_input_r_U/FSM_sequential_state_reg[0]/Q
                         net (fo=3, routed)           0.339     0.497    bd_0_i/hls_inst/inst/regslice_both_input_r_U/state__0[0]
    SLICE_X24Y46         LUT5 (Prop_B5LUT_SLICEM_I2_O)
                                                      0.199     0.696 r  bd_0_i/hls_inst/inst/regslice_both_input_r_U/FSM_sequential_state[0]_i_1/O
                         net (fo=1, routed)           0.038     0.734    bd_0_i/hls_inst/inst/regslice_both_input_r_U/FSM_sequential_state[0]_i_1_n_0
    SLICE_X24Y46         FDSE                                         r  bd_0_i/hls_inst/inst/regslice_both_input_r_U/FSM_sequential_state_reg[0]/D
  -------------------------------------------------------------------    -------------------

                         (clock ap_clk rise edge)    10.000    10.000 r  
                                                      0.000    10.000 r  ap_clk (IN)
                         net (fo=12, unset)           0.030    10.030    bd_0_i/hls_inst/inst/regslice_both_input_r_U/ap_clk
    SLICE_X24Y46         FDSE                                         r  bd_0_i/hls_inst/inst/regslice_both_input_r_U/FSM_sequential_state_reg[0]/C
                         clock pessimism              0.000    10.030    
                         clock uncertainty           -0.035     9.995    
    SLICE_X24Y46         FDSE (Setup_BFF2_SLICEM_C_D)
                                                      0.045    10.040    bd_0_i/hls_inst/inst/regslice_both_input_r_U/FSM_sequential_state_reg[0]
  -------------------------------------------------------------------
                         required time                         10.040    
                         arrival time                          -0.734    
  -------------------------------------------------------------------
                         slack                                  9.306    

Slack (MET) :             9.325ns  (required time - arrival time)
  Source:                 bd_0_i/hls_inst/inst/grp_FIR_HLS_Pipeline_VITIS_LOOP_28_2_fu_40/ap_CS_fsm_reg[0]/C
                            (rising edge-triggered cell FDSE clocked by ap_clk  {rise@0.000ns fall@5.000ns period=10.000ns})
  Destination:            bd_0_i/hls_inst/inst/grp_FIR_HLS_Pipeline_VITIS_LOOP_28_2_fu_40/ap_CS_fsm_reg[0]/D
                            (rising edge-triggered cell FDSE clocked by ap_clk  {rise@0.000ns fall@5.000ns period=10.000ns})
  Path Group:             ap_clk
  Path Type:              Setup (Max at Slow Process Corner)
  Requirement:            10.000ns  (ap_clk rise@10.000ns - ap_clk rise@0.000ns)
  Data Path Delay:        0.672ns  (logic 0.335ns (49.870%)  route 0.337ns (50.130%))
  Logic Levels:           1  (LUT3=1)
  Clock Path Skew:        -0.013ns (DCD - SCD + CPR)
    Destination Clock Delay (DCD):    0.030ns = ( 10.030 - 10.000 ) 
    Source Clock Delay      (SCD):    0.043ns
    Clock Pessimism Removal (CPR):    0.000ns
  Clock Uncertainty:      0.035ns  ((TSJ^2 + TIJ^2)^1/2 + DJ) / 2 + PE
    Total System Jitter     (TSJ):    0.071ns
    Total Input Jitter      (TIJ):    0.000ns
    Discrete Jitter          (DJ):    0.000ns
    Phase Error              (PE):    0.000ns

    Location             Delay type                Incr(ns)  Path(ns)    Netlist Resource(s)
  -------------------------------------------------------------------    -------------------
                         (clock ap_clk rise edge)     0.000     0.000 r  
                                                      0.000     0.000 r  ap_clk (IN)
                         net (fo=12, unset)           0.043     0.043    bd_0_i/hls_inst/inst/grp_FIR_HLS_Pipeline_VITIS_LOOP_28_2_fu_40/ap_clk
    SLICE_X24Y46         FDSE                                         r  bd_0_i/hls_inst/inst/grp_FIR_HLS_Pipeline_VITIS_LOOP_28_2_fu_40/ap_CS_fsm_reg[0]/C
  -------------------------------------------------------------------    -------------------
    SLICE_X24Y46         FDSE (Prop_DFF2_SLICEM_C_Q)
                                                      0.115     0.158 f  bd_0_i/hls_inst/inst/grp_FIR_HLS_Pipeline_VITIS_LOOP_28_2_fu_40/ap_CS_fsm_reg[0]/Q
                         net (fo=4, routed)           0.296     0.454    bd_0_i/hls_inst/inst/grp_FIR_HLS_Pipeline_VITIS_LOOP_28_2_fu_40/ap_CS_fsm_state1
    SLICE_X24Y46         LUT3 (Prop_D5LUT_SLICEM_I0_O)
                                                      0.220     0.674 r  bd_0_i/hls_inst/inst/grp_FIR_HLS_Pipeline_VITIS_LOOP_28_2_fu_40/ap_CS_fsm[0]_i_1__0/O
                         net (fo=1, routed)           0.041     0.715    bd_0_i/hls_inst/inst/grp_FIR_HLS_Pipeline_VITIS_LOOP_28_2_fu_40/ap_NS_fsm[0]
    SLICE_X24Y46         FDSE                                         r  bd_0_i/hls_inst/inst/grp_FIR_HLS_Pipeline_VITIS_LOOP_28_2_fu_40/ap_CS_fsm_reg[0]/D
  -------------------------------------------------------------------    -------------------

                         (clock ap_clk rise edge)    10.000    10.000 r  
                                                      0.000    10.000 r  ap_clk (IN)
                         net (fo=12, unset)           0.030    10.030    bd_0_i/hls_inst/inst/grp_FIR_HLS_Pipeline_VITIS_LOOP_28_2_fu_40/ap_clk
    SLICE_X24Y46         FDSE                                         r  bd_0_i/hls_inst/inst/grp_FIR_HLS_Pipeline_VITIS_LOOP_28_2_fu_40/ap_CS_fsm_reg[0]/C
                         clock pessimism              0.000    10.030    
                         clock uncertainty           -0.035     9.995    
    SLICE_X24Y46         FDSE (Setup_DFF2_SLICEM_C_D)
                                                      0.045    10.040    bd_0_i/hls_inst/inst/grp_FIR_HLS_Pipeline_VITIS_LOOP_28_2_fu_40/ap_CS_fsm_reg[0]
  -------------------------------------------------------------------
                         required time                         10.040    
                         arrival time                          -0.715    
  -------------------------------------------------------------------
                         slack                                  9.325    

Slack (MET) :             9.327ns  (required time - arrival time)
  Source:                 bd_0_i/hls_inst/inst/regslice_both_input_r_U/state_reg[0]/C
                            (rising edge-triggered cell FDRE clocked by ap_clk  {rise@0.000ns fall@5.000ns period=10.000ns})
  Destination:            bd_0_i/hls_inst/inst/ap_CS_fsm_reg[1]/D
                            (rising edge-triggered cell FDRE clocked by ap_clk  {rise@0.000ns fall@5.000ns period=10.000ns})
  Path Group:             ap_clk
  Path Type:              Setup (Max at Slow Process Corner)
  Requirement:            10.000ns  (ap_clk rise@10.000ns - ap_clk rise@0.000ns)
  Data Path Delay:        0.672ns  (logic 0.341ns (50.772%)  route 0.331ns (49.228%))
  Logic Levels:           1  (LUT5=1)
  Clock Path Skew:        -0.012ns (DCD - SCD + CPR)
    Destination Clock Delay (DCD):    0.031ns = ( 10.031 - 10.000 ) 
    Source Clock Delay      (SCD):    0.043ns
    Clock Pessimism Removal (CPR):    0.000ns
  Clock Uncertainty:      0.035ns  ((TSJ^2 + TIJ^2)^1/2 + DJ) / 2 + PE
    Total System Jitter     (TSJ):    0.071ns
    Total Input Jitter      (TIJ):    0.000ns
    Discrete Jitter          (DJ):    0.000ns
    Phase Error              (PE):    0.000ns

    Location             Delay type                Incr(ns)  Path(ns)    Netlist Resource(s)
  -------------------------------------------------------------------    -------------------
                         (clock ap_clk rise edge)     0.000     0.000 r  
                                                      0.000     0.000 r  ap_clk (IN)
                         net (fo=12, unset)           0.043     0.043    bd_0_i/hls_inst/inst/regslice_both_input_r_U/ap_clk
    SLICE_X24Y46         FDRE                                         r  bd_0_i/hls_inst/inst/regslice_both_input_r_U/state_reg[0]/C
  -------------------------------------------------------------------    -------------------
    SLICE_X24Y46         FDRE (Prop_EFF2_SLICEM_C_Q)
                                                      0.118     0.161 r  bd_0_i/hls_inst/inst/regslice_both_input_r_U/state_reg[0]/Q
                         net (fo=8, routed)           0.304     0.465    bd_0_i/hls_inst/inst/grp_FIR_HLS_Pipeline_VITIS_LOOP_28_2_fu_40/ap_CS_fsm_reg[1]_0[0]
    SLICE_X24Y46         LUT5 (Prop_H5LUT_SLICEM_I4_O)
                                                      0.223     0.688 r  bd_0_i/hls_inst/inst/grp_FIR_HLS_Pipeline_VITIS_LOOP_28_2_fu_40/ap_CS_fsm[1]_i_1/O
                         net (fo=1, routed)           0.027     0.715    bd_0_i/hls_inst/inst/ap_NS_fsm[1]
    SLICE_X24Y46         FDRE                                         r  bd_0_i/hls_inst/inst/ap_CS_fsm_reg[1]/D
  -------------------------------------------------------------------    -------------------

                         (clock ap_clk rise edge)    10.000    10.000 r  
                                                      0.000    10.000 r  ap_clk (IN)
                         net (fo=12, unset)           0.031    10.031    bd_0_i/hls_inst/inst/ap_clk
    SLICE_X24Y46         FDRE                                         r  bd_0_i/hls_inst/inst/ap_CS_fsm_reg[1]/C
                         clock pessimism              0.000    10.031    
                         clock uncertainty           -0.035     9.996    
    SLICE_X24Y46         FDRE (Setup_HFF2_SLICEM_C_D)
                                                      0.046    10.042    bd_0_i/hls_inst/inst/ap_CS_fsm_reg[1]
  -------------------------------------------------------------------
                         required time                         10.042    
                         arrival time                          -0.715    
  -------------------------------------------------------------------
                         slack                                  9.327    

Slack (MET) :             9.327ns  (required time - arrival time)
  Source:                 bd_0_i/hls_inst/inst/regslice_both_input_r_U/state_reg[0]/C
                            (rising edge-triggered cell FDRE clocked by ap_clk  {rise@0.000ns fall@5.000ns period=10.000ns})
  Destination:            bd_0_i/hls_inst/inst/grp_FIR_HLS_Pipeline_VITIS_LOOP_28_2_fu_40_ap_start_reg_reg/D
                            (rising edge-triggered cell FDRE clocked by ap_clk  {rise@0.000ns fall@5.000ns period=10.000ns})
  Path Group:             ap_clk
  Path Type:              Setup (Max at Slow Process Corner)
  Requirement:            10.000ns  (ap_clk rise@10.000ns - ap_clk rise@0.000ns)
  Data Path Delay:        0.669ns  (logic 0.198ns (29.613%)  route 0.471ns (70.387%))
  Logic Levels:           1  (LUT3=1)
  Clock Path Skew:        -0.012ns (DCD - SCD + CPR)
    Destination Clock Delay (DCD):    0.031ns = ( 10.031 - 10.000 ) 
    Source Clock Delay      (SCD):    0.043ns
    Clock Pessimism Removal (CPR):    0.000ns
  Clock Uncertainty:      0.035ns  ((TSJ^2 + TIJ^2)^1/2 + DJ) / 2 + PE
    Total System Jitter     (TSJ):    0.071ns
    Total Input Jitter      (TIJ):    0.000ns
    Discrete Jitter          (DJ):    0.000ns
    Phase Error              (PE):    0.000ns

    Location             Delay type                Incr(ns)  Path(ns)    Netlist Resource(s)
  -------------------------------------------------------------------    -------------------
                         (clock ap_clk rise edge)     0.000     0.000 r  
                                                      0.000     0.000 r  ap_clk (IN)
                         net (fo=12, unset)           0.043     0.043    bd_0_i/hls_inst/inst/regslice_both_input_r_U/ap_clk
    SLICE_X24Y46         FDRE                                         r  bd_0_i/hls_inst/inst/regslice_both_input_r_U/state_reg[0]/C
  -------------------------------------------------------------------    -------------------
    SLICE_X24Y46         FDRE (Prop_EFF2_SLICEM_C_Q)
                                                      0.118     0.161 r  bd_0_i/hls_inst/inst/regslice_both_input_r_U/state_reg[0]/Q
                         net (fo=8, routed)           0.376     0.537    bd_0_i/hls_inst/inst/regslice_both_input_r_U/state_reg[0]_0[0]
    SLICE_X24Y46         LUT3 (Prop_F6LUT_SLICEM_I1_O)
                                                      0.080     0.617 r  bd_0_i/hls_inst/inst/regslice_both_input_r_U/grp_FIR_HLS_Pipeline_VITIS_LOOP_28_2_fu_40_ap_start_reg_i_1/O
                         net (fo=1, routed)           0.095     0.712    bd_0_i/hls_inst/inst/regslice_both_input_r_U_n_3
    SLICE_X24Y46         FDRE                                         r  bd_0_i/hls_inst/inst/grp_FIR_HLS_Pipeline_VITIS_LOOP_28_2_fu_40_ap_start_reg_reg/D
  -------------------------------------------------------------------    -------------------

                         (clock ap_clk rise edge)    10.000    10.000 r  
                                                      0.000    10.000 r  ap_clk (IN)
                         net (fo=12, unset)           0.031    10.031    bd_0_i/hls_inst/inst/ap_clk
    SLICE_X24Y46         FDRE                                         r  bd_0_i/hls_inst/inst/grp_FIR_HLS_Pipeline_VITIS_LOOP_28_2_fu_40_ap_start_reg_reg/C
                         clock pessimism              0.000    10.031    
                         clock uncertainty           -0.035     9.996    
    SLICE_X24Y46         FDRE (Setup_FFF_SLICEM_C_D)
                                                      0.043    10.039    bd_0_i/hls_inst/inst/grp_FIR_HLS_Pipeline_VITIS_LOOP_28_2_fu_40_ap_start_reg_reg
  -------------------------------------------------------------------
                         required time                         10.039    
                         arrival time                          -0.712    
  -------------------------------------------------------------------
                         slack                                  9.327    

Slack (MET) :             9.356ns  (required time - arrival time)
  Source:                 bd_0_i/hls_inst/inst/regslice_both_input_r_U/state_reg[0]/C
                            (rising edge-triggered cell FDRE clocked by ap_clk  {rise@0.000ns fall@5.000ns period=10.000ns})
  Destination:            bd_0_i/hls_inst/inst/regslice_both_input_r_U/state_reg[1]/D
                            (rising edge-triggered cell FDSE clocked by ap_clk  {rise@0.000ns fall@5.000ns period=10.000ns})
  Path Group:             ap_clk
  Path Type:              Setup (Max at Slow Process Corner)
  Requirement:            10.000ns  (ap_clk rise@10.000ns - ap_clk rise@0.000ns)
  Data Path Delay:        0.642ns  (logic 0.218ns (33.976%)  route 0.424ns (66.024%))
  Logic Levels:           1  (LUT4=1)
  Clock Path Skew:        -0.012ns (DCD - SCD + CPR)
    Destination Clock Delay (DCD):    0.031ns = ( 10.031 - 10.000 ) 
    Source Clock Delay      (SCD):    0.043ns
    Clock Pessimism Removal (CPR):    0.000ns
  Clock Uncertainty:      0.035ns  ((TSJ^2 + TIJ^2)^1/2 + DJ) / 2 + PE
    Total System Jitter     (TSJ):    0.071ns
    Total Input Jitter      (TIJ):    0.000ns
    Discrete Jitter          (DJ):    0.000ns
    Phase Error              (PE):    0.000ns

    Location             Delay type                Incr(ns)  Path(ns)    Netlist Resource(s)
  -------------------------------------------------------------------    -------------------
                         (clock ap_clk rise edge)     0.000     0.000 r  
                                                      0.000     0.000 r  ap_clk (IN)
                         net (fo=12, unset)           0.043     0.043    bd_0_i/hls_inst/inst/regslice_both_input_r_U/ap_clk
    SLICE_X24Y46         FDRE                                         r  bd_0_i/hls_inst/inst/regslice_both_input_r_U/state_reg[0]/C
  -------------------------------------------------------------------    -------------------
    SLICE_X24Y46         FDRE (Prop_EFF2_SLICEM_C_Q)
                                                      0.118     0.161 f  bd_0_i/hls_inst/inst/regslice_both_input_r_U/state_reg[0]/Q
                         net (fo=8, routed)           0.376     0.537    bd_0_i/hls_inst/inst/regslice_both_input_r_U/state_reg[0]_0[0]
    SLICE_X24Y46         LUT4 (Prop_F5LUT_SLICEM_I3_O)
                                                      0.100     0.637 r  bd_0_i/hls_inst/inst/regslice_both_input_r_U/state[1]_i_1/O
                         net (fo=1, routed)           0.048     0.685    bd_0_i/hls_inst/inst/regslice_both_input_r_U/state[1]_i_1_n_0
    SLICE_X24Y46         FDSE                                         r  bd_0_i/hls_inst/inst/regslice_both_input_r_U/state_reg[1]/D
  -------------------------------------------------------------------    -------------------

                         (clock ap_clk rise edge)    10.000    10.000 r  
                                                      0.000    10.000 r  ap_clk (IN)
                         net (fo=12, unset)           0.031    10.031    bd_0_i/hls_inst/inst/regslice_both_input_r_U/ap_clk
    SLICE_X24Y46         FDSE                                         r  bd_0_i/hls_inst/inst/regslice_both_input_r_U/state_reg[1]/C
                         clock pessimism              0.000    10.031    
                         clock uncertainty           -0.035     9.996    
    SLICE_X24Y46         FDSE (Setup_FFF2_SLICEM_C_D)
                                                      0.045    10.041    bd_0_i/hls_inst/inst/regslice_both_input_r_U/state_reg[1]
  -------------------------------------------------------------------
                         required time                         10.041    
                         arrival time                          -0.685    
  -------------------------------------------------------------------
                         slack                                  9.356    

Slack (MET) :             9.363ns  (required time - arrival time)
  Source:                 bd_0_i/hls_inst/inst/regslice_both_input_r_U/state_reg[0]/C
                            (rising edge-triggered cell FDRE clocked by ap_clk  {rise@0.000ns fall@5.000ns period=10.000ns})
  Destination:            bd_0_i/hls_inst/inst/regslice_both_input_r_U/state_reg[0]/D
                            (rising edge-triggered cell FDRE clocked by ap_clk  {rise@0.000ns fall@5.000ns period=10.000ns})
  Path Group:             ap_clk
  Path Type:              Setup (Max at Slow Process Corner)
  Requirement:            10.000ns  (ap_clk rise@10.000ns - ap_clk rise@0.000ns)
  Data Path Delay:        0.635ns  (logic 0.313ns (49.310%)  route 0.322ns (50.690%))
  Logic Levels:           1  (LUT5=1)
  Clock Path Skew:        -0.012ns (DCD - SCD + CPR)
    Destination Clock Delay (DCD):    0.031ns = ( 10.031 - 10.000 ) 
    Source Clock Delay      (SCD):    0.043ns
    Clock Pessimism Removal (CPR):    0.000ns
  Clock Uncertainty:      0.035ns  ((TSJ^2 + TIJ^2)^1/2 + DJ) / 2 + PE
    Total System Jitter     (TSJ):    0.071ns
    Total Input Jitter      (TIJ):    0.000ns
    Discrete Jitter          (DJ):    0.000ns
    Phase Error              (PE):    0.000ns

    Location             Delay type                Incr(ns)  Path(ns)    Netlist Resource(s)
  -------------------------------------------------------------------    -------------------
                         (clock ap_clk rise edge)     0.000     0.000 r  
                                                      0.000     0.000 r  ap_clk (IN)
                         net (fo=12, unset)           0.043     0.043    bd_0_i/hls_inst/inst/regslice_both_input_r_U/ap_clk
    SLICE_X24Y46         FDRE                                         r  bd_0_i/hls_inst/inst/regslice_both_input_r_U/state_reg[0]/C
  -------------------------------------------------------------------    -------------------
    SLICE_X24Y46         FDRE (Prop_EFF2_SLICEM_C_Q)
                                                      0.118     0.161 r  bd_0_i/hls_inst/inst/regslice_both_input_r_U/state_reg[0]/Q
                         net (fo=8, routed)           0.285     0.446    bd_0_i/hls_inst/inst/regslice_both_input_r_U/state_reg[0]_0[0]
    SLICE_X24Y46         LUT5 (Prop_E5LUT_SLICEM_I1_O)
                                                      0.195     0.641 r  bd_0_i/hls_inst/inst/regslice_both_input_r_U/next_inferred__10/i_/O
                         net (fo=1, routed)           0.037     0.678    bd_0_i/hls_inst/inst/regslice_both_input_r_U/next_inferred__10/i__n_0
    SLICE_X24Y46         FDRE                                         r  bd_0_i/hls_inst/inst/regslice_both_input_r_U/state_reg[0]/D
  -------------------------------------------------------------------    -------------------

                         (clock ap_clk rise edge)    10.000    10.000 r  
                                                      0.000    10.000 r  ap_clk (IN)
                         net (fo=12, unset)           0.031    10.031    bd_0_i/hls_inst/inst/regslice_both_input_r_U/ap_clk
    SLICE_X24Y46         FDRE                                         r  bd_0_i/hls_inst/inst/regslice_both_input_r_U/state_reg[0]/C
                         clock pessimism              0.000    10.031    
                         clock uncertainty           -0.035     9.996    
    SLICE_X24Y46         FDRE (Setup_EFF2_SLICEM_C_D)
                                                      0.045    10.041    bd_0_i/hls_inst/inst/regslice_both_input_r_U/state_reg[0]
  -------------------------------------------------------------------
                         required time                         10.041    
                         arrival time                          -0.678    
  -------------------------------------------------------------------
                         slack                                  9.363    

Slack (MET) :             9.372ns  (required time - arrival time)
  Source:                 bd_0_i/hls_inst/inst/regslice_both_input_r_U/state_reg[0]/C
                            (rising edge-triggered cell FDRE clocked by ap_clk  {rise@0.000ns fall@5.000ns period=10.000ns})
  Destination:            bd_0_i/hls_inst/inst/regslice_both_input_r_U/FSM_sequential_state_reg[1]/D
                            (rising edge-triggered cell FDRE clocked by ap_clk  {rise@0.000ns fall@5.000ns period=10.000ns})
  Path Group:             ap_clk
  Path Type:              Setup (Max at Slow Process Corner)
  Requirement:            10.000ns  (ap_clk rise@10.000ns - ap_clk rise@0.000ns)
  Data Path Delay:        0.624ns  (logic 0.270ns (43.286%)  route 0.354ns (56.714%))
  Logic Levels:           1  (LUT6=1)
  Clock Path Skew:        -0.013ns (DCD - SCD + CPR)
    Destination Clock Delay (DCD):    0.030ns = ( 10.030 - 10.000 ) 
    Source Clock Delay      (SCD):    0.043ns
    Clock Pessimism Removal (CPR):    0.000ns
  Clock Uncertainty:      0.035ns  ((TSJ^2 + TIJ^2)^1/2 + DJ) / 2 + PE
    Total System Jitter     (TSJ):    0.071ns
    Total Input Jitter      (TIJ):    0.000ns
    Discrete Jitter          (DJ):    0.000ns
    Phase Error              (PE):    0.000ns

    Location             Delay type                Incr(ns)  Path(ns)    Netlist Resource(s)
  -------------------------------------------------------------------    -------------------
                         (clock ap_clk rise edge)     0.000     0.000 r  
                                                      0.000     0.000 r  ap_clk (IN)
                         net (fo=12, unset)           0.043     0.043    bd_0_i/hls_inst/inst/regslice_both_input_r_U/ap_clk
    SLICE_X24Y46         FDRE                                         r  bd_0_i/hls_inst/inst/regslice_both_input_r_U/state_reg[0]/C
  -------------------------------------------------------------------    -------------------
    SLICE_X24Y46         FDRE (Prop_EFF2_SLICEM_C_Q)
                                                      0.118     0.161 f  bd_0_i/hls_inst/inst/regslice_both_input_r_U/state_reg[0]/Q
                         net (fo=8, routed)           0.281     0.442    bd_0_i/hls_inst/inst/regslice_both_input_r_U/state_reg[0]_0[0]
    SLICE_X24Y46         LUT6 (Prop_A6LUT_SLICEM_I0_O)
                                                      0.152     0.594 r  bd_0_i/hls_inst/inst/regslice_both_input_r_U/FSM_sequential_state[1]_i_1/O
                         net (fo=1, routed)           0.073     0.667    bd_0_i/hls_inst/inst/regslice_both_input_r_U/FSM_sequential_state[1]_i_1_n_0
    SLICE_X24Y46         FDRE                                         r  bd_0_i/hls_inst/inst/regslice_both_input_r_U/FSM_sequential_state_reg[1]/D
  -------------------------------------------------------------------    -------------------

                         (clock ap_clk rise edge)    10.000    10.000 r  
                                                      0.000    10.000 r  ap_clk (IN)
                         net (fo=12, unset)           0.030    10.030    bd_0_i/hls_inst/inst/regslice_both_input_r_U/ap_clk
    SLICE_X24Y46         FDRE                                         r  bd_0_i/hls_inst/inst/regslice_both_input_r_U/FSM_sequential_state_reg[1]/C
                         clock pessimism              0.000    10.030    
                         clock uncertainty           -0.035     9.995    
    SLICE_X24Y46         FDRE (Setup_AFF_SLICEM_C_D)
                                                      0.044    10.039    bd_0_i/hls_inst/inst/regslice_both_input_r_U/FSM_sequential_state_reg[1]
  -------------------------------------------------------------------
                         required time                         10.039    
                         arrival time                          -0.667    
  -------------------------------------------------------------------
                         slack                                  9.372    

Slack (MET) :             9.469ns  (required time - arrival time)
  Source:                 bd_0_i/hls_inst/inst/grp_FIR_HLS_Pipeline_VITIS_LOOP_28_2_fu_40/ap_CS_fsm_reg[0]/C
                            (rising edge-triggered cell FDSE clocked by ap_clk  {rise@0.000ns fall@5.000ns period=10.000ns})
  Destination:            bd_0_i/hls_inst/inst/grp_FIR_HLS_Pipeline_VITIS_LOOP_28_2_fu_40/ap_CS_fsm_reg[1]/D
                            (rising edge-triggered cell FDRE clocked by ap_clk  {rise@0.000ns fall@5.000ns period=10.000ns})
  Path Group:             ap_clk
  Path Type:              Setup (Max at Slow Process Corner)
  Requirement:            10.000ns  (ap_clk rise@10.000ns - ap_clk rise@0.000ns)
  Data Path Delay:        0.528ns  (logic 0.208ns (39.413%)  route 0.320ns (60.587%))
  Logic Levels:           1  (LUT2=1)
  Clock Path Skew:        -0.013ns (DCD - SCD + CPR)
    Destination Clock Delay (DCD):    0.030ns = ( 10.030 - 10.000 ) 
    Source Clock Delay      (SCD):    0.043ns
    Clock Pessimism Removal (CPR):    0.000ns
  Clock Uncertainty:      0.035ns  ((TSJ^2 + TIJ^2)^1/2 + DJ) / 2 + PE
    Total System Jitter     (TSJ):    0.071ns
    Total Input Jitter      (TIJ):    0.000ns
    Discrete Jitter          (DJ):    0.000ns
    Phase Error              (PE):    0.000ns

    Location             Delay type                Incr(ns)  Path(ns)    Netlist Resource(s)
  -------------------------------------------------------------------    -------------------
                         (clock ap_clk rise edge)     0.000     0.000 r  
                                                      0.000     0.000 r  ap_clk (IN)
                         net (fo=12, unset)           0.043     0.043    bd_0_i/hls_inst/inst/grp_FIR_HLS_Pipeline_VITIS_LOOP_28_2_fu_40/ap_clk
    SLICE_X24Y46         FDSE                                         r  bd_0_i/hls_inst/inst/grp_FIR_HLS_Pipeline_VITIS_LOOP_28_2_fu_40/ap_CS_fsm_reg[0]/C
  -------------------------------------------------------------------    -------------------
    SLICE_X24Y46         FDSE (Prop_DFF2_SLICEM_C_Q)
                                                      0.115     0.158 f  bd_0_i/hls_inst/inst/grp_FIR_HLS_Pipeline_VITIS_LOOP_28_2_fu_40/ap_CS_fsm_reg[0]/Q
                         net (fo=4, routed)           0.281     0.439    bd_0_i/hls_inst/inst/grp_FIR_HLS_Pipeline_VITIS_LOOP_28_2_fu_40/ap_CS_fsm_state1
    SLICE_X24Y46         LUT2 (Prop_C5LUT_SLICEM_I1_O)
                                                      0.093     0.532 r  bd_0_i/hls_inst/inst/grp_FIR_HLS_Pipeline_VITIS_LOOP_28_2_fu_40/ap_CS_fsm[1]_i_1__0/O
                         net (fo=1, routed)           0.039     0.571    bd_0_i/hls_inst/inst/grp_FIR_HLS_Pipeline_VITIS_LOOP_28_2_fu_40/ap_CS_fsm[1]_i_1__0_n_0
    SLICE_X24Y46         FDRE                                         r  bd_0_i/hls_inst/inst/grp_FIR_HLS_Pipeline_VITIS_LOOP_28_2_fu_40/ap_CS_fsm_reg[1]/D
  -------------------------------------------------------------------    -------------------

                         (clock ap_clk rise edge)    10.000    10.000 r  
                                                      0.000    10.000 r  ap_clk (IN)
                         net (fo=12, unset)           0.030    10.030    bd_0_i/hls_inst/inst/grp_FIR_HLS_Pipeline_VITIS_LOOP_28_2_fu_40/ap_clk
    SLICE_X24Y46         FDRE                                         r  bd_0_i/hls_inst/inst/grp_FIR_HLS_Pipeline_VITIS_LOOP_28_2_fu_40/ap_CS_fsm_reg[1]/C
                         clock pessimism              0.000    10.030    
                         clock uncertainty           -0.035     9.995    
    SLICE_X24Y46         FDRE (Setup_CFF2_SLICEM_C_D)
                                                      0.045    10.040    bd_0_i/hls_inst/inst/grp_FIR_HLS_Pipeline_VITIS_LOOP_28_2_fu_40/ap_CS_fsm_reg[1]
  -------------------------------------------------------------------
                         required time                         10.040    
                         arrival time                          -0.571    
  -------------------------------------------------------------------
                         slack                                  9.469    





Min Delay Paths
--------------------------------------------------------------------------------------
Slack (MET) :             0.093ns  (arrival time - required time)
  Source:                 bd_0_i/hls_inst/inst/regslice_both_input_r_U/FSM_sequential_state_reg[1]/C
                            (rising edge-triggered cell FDRE clocked by ap_clk  {rise@0.000ns fall@5.000ns period=10.000ns})
  Destination:            bd_0_i/hls_inst/inst/regslice_both_input_r_U/FSM_sequential_state_reg[0]/D
                            (rising edge-triggered cell FDSE clocked by ap_clk  {rise@0.000ns fall@5.000ns period=10.000ns})
  Path Group:             ap_clk
  Path Type:              Hold (Min at Fast Process Corner)
  Requirement:            0.000ns  (ap_clk rise@0.000ns - ap_clk rise@0.000ns)
  Data Path Delay:        0.145ns  (logic 0.107ns (73.802%)  route 0.038ns (26.198%))
  Logic Levels:           1  (LUT5=1)
  Clock Path Skew:        0.007ns (DCD - SCD - CPR)
    Destination Clock Delay (DCD):    0.021ns
    Source Clock Delay      (SCD):    0.014ns
    Clock Pessimism Removal (CPR):    -0.000ns

    Location             Delay type                Incr(ns)  Path(ns)    Netlist Resource(s)
  -------------------------------------------------------------------    -------------------
                         (clock ap_clk rise edge)     0.000     0.000 r  
                                                      0.000     0.000 r  ap_clk (IN)
                         net (fo=12, unset)           0.014     0.014    bd_0_i/hls_inst/inst/regslice_both_input_r_U/ap_clk
    SLICE_X24Y46         FDRE                                         r  bd_0_i/hls_inst/inst/regslice_both_input_r_U/FSM_sequential_state_reg[1]/C
  -------------------------------------------------------------------    -------------------
    SLICE_X24Y46         FDRE (Prop_AFF_SLICEM_C_Q)
                                                      0.082     0.096 f  bd_0_i/hls_inst/inst/regslice_both_input_r_U/FSM_sequential_state_reg[1]/Q
                         net (fo=3, routed)           0.029     0.125    bd_0_i/hls_inst/inst/regslice_both_input_r_U/state__0[1]
    SLICE_X24Y46         LUT5 (Prop_B5LUT_SLICEM_I4_O)
                                                      0.025     0.150 r  bd_0_i/hls_inst/inst/regslice_both_input_r_U/FSM_sequential_state[0]_i_1/O
                         net (fo=1, routed)           0.009     0.159    bd_0_i/hls_inst/inst/regslice_both_input_r_U/FSM_sequential_state[0]_i_1_n_0
    SLICE_X24Y46         FDSE                                         r  bd_0_i/hls_inst/inst/regslice_both_input_r_U/FSM_sequential_state_reg[0]/D
  -------------------------------------------------------------------    -------------------

                         (clock ap_clk rise edge)     0.000     0.000 r  
                                                      0.000     0.000 r  ap_clk (IN)
                         net (fo=12, unset)           0.021     0.021    bd_0_i/hls_inst/inst/regslice_both_input_r_U/ap_clk
    SLICE_X24Y46         FDSE                                         r  bd_0_i/hls_inst/inst/regslice_both_input_r_U/FSM_sequential_state_reg[0]/C
                         clock pessimism              0.000     0.021    
    SLICE_X24Y46         FDSE (Hold_BFF2_SLICEM_C_D)
                                                      0.045     0.066    bd_0_i/hls_inst/inst/regslice_both_input_r_U/FSM_sequential_state_reg[0]
  -------------------------------------------------------------------
                         required time                         -0.066    
                         arrival time                           0.159    
  -------------------------------------------------------------------
                         slack                                  0.093    

Slack (MET) :             0.095ns  (arrival time - required time)
  Source:                 bd_0_i/hls_inst/inst/grp_FIR_HLS_Pipeline_VITIS_LOOP_28_2_fu_40_ap_start_reg_reg/C
                            (rising edge-triggered cell FDRE clocked by ap_clk  {rise@0.000ns fall@5.000ns period=10.000ns})
  Destination:            bd_0_i/hls_inst/inst/ap_CS_fsm_reg[1]/D
                            (rising edge-triggered cell FDRE clocked by ap_clk  {rise@0.000ns fall@5.000ns period=10.000ns})
  Path Group:             ap_clk
  Path Type:              Hold (Min at Fast Process Corner)
  Requirement:            0.000ns  (ap_clk rise@0.000ns - ap_clk rise@0.000ns)
  Data Path Delay:        0.147ns  (logic 0.106ns (72.050%)  route 0.041ns (27.950%))
  Logic Levels:           1  (LUT5=1)
  Clock Path Skew:        0.007ns (DCD - SCD - CPR)
    Destination Clock Delay (DCD):    0.021ns
    Source Clock Delay      (SCD):    0.014ns
    Clock Pessimism Removal (CPR):    -0.000ns

    Location             Delay type                Incr(ns)  Path(ns)    Netlist Resource(s)
  -------------------------------------------------------------------    -------------------
                         (clock ap_clk rise edge)     0.000     0.000 r  
                                                      0.000     0.000 r  ap_clk (IN)
                         net (fo=12, unset)           0.014     0.014    bd_0_i/hls_inst/inst/ap_clk
    SLICE_X24Y46         FDRE                                         r  bd_0_i/hls_inst/inst/grp_FIR_HLS_Pipeline_VITIS_LOOP_28_2_fu_40_ap_start_reg_reg/C
  -------------------------------------------------------------------    -------------------
    SLICE_X24Y46         FDRE (Prop_FFF_SLICEM_C_Q)
                                                      0.082     0.096 r  bd_0_i/hls_inst/inst/grp_FIR_HLS_Pipeline_VITIS_LOOP_28_2_fu_40_ap_start_reg_reg/Q
                         net (fo=5, routed)           0.034     0.130    bd_0_i/hls_inst/inst/grp_FIR_HLS_Pipeline_VITIS_LOOP_28_2_fu_40/grp_FIR_HLS_Pipeline_VITIS_LOOP_28_2_fu_40_ap_start_reg
    SLICE_X24Y46         LUT5 (Prop_H5LUT_SLICEM_I0_O)
                                                      0.024     0.154 r  bd_0_i/hls_inst/inst/grp_FIR_HLS_Pipeline_VITIS_LOOP_28_2_fu_40/ap_CS_fsm[1]_i_1/O
                         net (fo=1, routed)           0.007     0.161    bd_0_i/hls_inst/inst/ap_NS_fsm[1]
    SLICE_X24Y46         FDRE                                         r  bd_0_i/hls_inst/inst/ap_CS_fsm_reg[1]/D
  -------------------------------------------------------------------    -------------------

                         (clock ap_clk rise edge)     0.000     0.000 r  
                                                      0.000     0.000 r  ap_clk (IN)
                         net (fo=12, unset)           0.021     0.021    bd_0_i/hls_inst/inst/ap_clk
    SLICE_X24Y46         FDRE                                         r  bd_0_i/hls_inst/inst/ap_CS_fsm_reg[1]/C
                         clock pessimism              0.000     0.021    
    SLICE_X24Y46         FDRE (Hold_HFF2_SLICEM_C_D)
                                                      0.045     0.066    bd_0_i/hls_inst/inst/ap_CS_fsm_reg[1]
  -------------------------------------------------------------------
                         required time                         -0.066    
                         arrival time                           0.161    
  -------------------------------------------------------------------
                         slack                                  0.095    

Slack (MET) :             0.100ns  (arrival time - required time)
  Source:                 bd_0_i/hls_inst/inst/regslice_both_output_r_U/FSM_sequential_state_reg[1]/C
                            (rising edge-triggered cell FDRE clocked by ap_clk  {rise@0.000ns fall@5.000ns period=10.000ns})
  Destination:            bd_0_i/hls_inst/inst/regslice_both_output_r_U/FSM_sequential_state_reg[0]/D
                            (rising edge-triggered cell FDSE clocked by ap_clk  {rise@0.000ns fall@5.000ns period=10.000ns})
  Path Group:             ap_clk
  Path Type:              Hold (Min at Fast Process Corner)
  Requirement:            0.000ns  (ap_clk rise@0.000ns - ap_clk rise@0.000ns)
  Data Path Delay:        0.149ns  (logic 0.105ns (70.474%)  route 0.044ns (29.526%))
  Logic Levels:           1  (LUT3=1)
  Clock Path Skew:        0.005ns (DCD - SCD - CPR)
    Destination Clock Delay (DCD):    0.019ns
    Source Clock Delay      (SCD):    0.014ns
    Clock Pessimism Removal (CPR):    -0.000ns

    Location             Delay type                Incr(ns)  Path(ns)    Netlist Resource(s)
  -------------------------------------------------------------------    -------------------
                         (clock ap_clk rise edge)     0.000     0.000 r  
                                                      0.000     0.000 r  ap_clk (IN)
                         net (fo=12, unset)           0.014     0.014    bd_0_i/hls_inst/inst/regslice_both_output_r_U/ap_clk
    SLICE_X22Y120        FDRE                                         r  bd_0_i/hls_inst/inst/regslice_both_output_r_U/FSM_sequential_state_reg[1]/C
  -------------------------------------------------------------------    -------------------
    SLICE_X22Y120        FDRE (Prop_CFF_SLICEL_C_Q)
                                                      0.084     0.098 f  bd_0_i/hls_inst/inst/regslice_both_output_r_U/FSM_sequential_state_reg[1]/Q
                         net (fo=3, routed)           0.026     0.124    bd_0_i/hls_inst/inst/regslice_both_output_r_U/state__0[1]
    SLICE_X22Y120        LUT3 (Prop_D6LUT_SLICEL_I2_O)
                                                      0.021     0.145 r  bd_0_i/hls_inst/inst/regslice_both_output_r_U/FSM_sequential_state[0]_i_1__0/O
                         net (fo=1, routed)           0.018     0.163    bd_0_i/hls_inst/inst/regslice_both_output_r_U/FSM_sequential_state[0]_i_1__0_n_0
    SLICE_X22Y120        FDSE                                         r  bd_0_i/hls_inst/inst/regslice_both_output_r_U/FSM_sequential_state_reg[0]/D
  -------------------------------------------------------------------    -------------------

                         (clock ap_clk rise edge)     0.000     0.000 r  
                                                      0.000     0.000 r  ap_clk (IN)
                         net (fo=12, unset)           0.019     0.019    bd_0_i/hls_inst/inst/regslice_both_output_r_U/ap_clk
    SLICE_X22Y120        FDSE                                         r  bd_0_i/hls_inst/inst/regslice_both_output_r_U/FSM_sequential_state_reg[0]/C
                         clock pessimism              0.000     0.019    
    SLICE_X22Y120        FDSE (Hold_DFF_SLICEL_C_D)
                                                      0.044     0.063    bd_0_i/hls_inst/inst/regslice_both_output_r_U/FSM_sequential_state_reg[0]
  -------------------------------------------------------------------
                         required time                         -0.063    
                         arrival time                           0.163    
  -------------------------------------------------------------------
                         slack                                  0.100    

Slack (MET) :             0.111ns  (arrival time - required time)
  Source:                 bd_0_i/hls_inst/inst/ap_CS_fsm_reg[0]/C
                            (rising edge-triggered cell FDSE clocked by ap_clk  {rise@0.000ns fall@5.000ns period=10.000ns})
  Destination:            bd_0_i/hls_inst/inst/regslice_both_input_r_U/ack_in_t_reg/D
                            (rising edge-triggered cell FDRE clocked by ap_clk  {rise@0.000ns fall@5.000ns period=10.000ns})
  Path Group:             ap_clk
  Path Type:              Hold (Min at Fast Process Corner)
  Requirement:            0.000ns  (ap_clk rise@0.000ns - ap_clk rise@0.000ns)
  Data Path Delay:        0.162ns  (logic 0.104ns (64.335%)  route 0.058ns (35.665%))
  Logic Levels:           1  (LUT6=1)
  Clock Path Skew:        0.007ns (DCD - SCD - CPR)
    Destination Clock Delay (DCD):    0.021ns
    Source Clock Delay      (SCD):    0.014ns
    Clock Pessimism Removal (CPR):    -0.000ns

    Location             Delay type                Incr(ns)  Path(ns)    Netlist Resource(s)
  -------------------------------------------------------------------    -------------------
                         (clock ap_clk rise edge)     0.000     0.000 r  
                                                      0.000     0.000 r  ap_clk (IN)
                         net (fo=12, unset)           0.014     0.014    bd_0_i/hls_inst/inst/ap_clk
    SLICE_X24Y46         FDSE                                         r  bd_0_i/hls_inst/inst/ap_CS_fsm_reg[0]/C
  -------------------------------------------------------------------    -------------------
    SLICE_X24Y46         FDSE (Prop_HFF_SLICEM_C_Q)
                                                      0.083     0.097 r  bd_0_i/hls_inst/inst/ap_CS_fsm_reg[0]/Q
                         net (fo=8, routed)           0.035     0.132    bd_0_i/hls_inst/inst/regslice_both_input_r_U/Q[0]
    SLICE_X24Y46         LUT6 (Prop_G6LUT_SLICEM_I0_O)
                                                      0.021     0.153 r  bd_0_i/hls_inst/inst/regslice_both_input_r_U/ack_in_t_i_2/O
                         net (fo=1, routed)           0.023     0.176    bd_0_i/hls_inst/inst/regslice_both_input_r_U/ack_in_t_i_2_n_0
    SLICE_X24Y46         FDRE                                         r  bd_0_i/hls_inst/inst/regslice_both_input_r_U/ack_in_t_reg/D
  -------------------------------------------------------------------    -------------------

                         (clock ap_clk rise edge)     0.000     0.000 r  
                                                      0.000     0.000 r  ap_clk (IN)
                         net (fo=12, unset)           0.021     0.021    bd_0_i/hls_inst/inst/regslice_both_input_r_U/ap_clk
    SLICE_X24Y46         FDRE                                         r  bd_0_i/hls_inst/inst/regslice_both_input_r_U/ack_in_t_reg/C
                         clock pessimism              0.000     0.021    
    SLICE_X24Y46         FDRE (Hold_GFF_SLICEM_C_D)
                                                      0.044     0.065    bd_0_i/hls_inst/inst/regslice_both_input_r_U/ack_in_t_reg
  -------------------------------------------------------------------
                         required time                         -0.065    
                         arrival time                           0.176    
  -------------------------------------------------------------------
                         slack                                  0.111    

Slack (MET) :             0.115ns  (arrival time - required time)
  Source:                 bd_0_i/hls_inst/inst/ap_CS_fsm_reg[0]/C
                            (rising edge-triggered cell FDSE clocked by ap_clk  {rise@0.000ns fall@5.000ns period=10.000ns})
  Destination:            bd_0_i/hls_inst/inst/regslice_both_input_r_U/state_reg[0]/D
                            (rising edge-triggered cell FDRE clocked by ap_clk  {rise@0.000ns fall@5.000ns period=10.000ns})
  Path Group:             ap_clk
  Path Type:              Hold (Min at Fast Process Corner)
  Requirement:            0.000ns  (ap_clk rise@0.000ns - ap_clk rise@0.000ns)
  Data Path Delay:        0.167ns  (logic 0.122ns (73.205%)  route 0.045ns (26.795%))
  Logic Levels:           1  (LUT5=1)
  Clock Path Skew:        0.007ns (DCD - SCD - CPR)
    Destination Clock Delay (DCD):    0.021ns
    Source Clock Delay      (SCD):    0.014ns
    Clock Pessimism Removal (CPR):    -0.000ns

    Location             Delay type                Incr(ns)  Path(ns)    Netlist Resource(s)
  -------------------------------------------------------------------    -------------------
                         (clock ap_clk rise edge)     0.000     0.000 r  
                                                      0.000     0.000 r  ap_clk (IN)
                         net (fo=12, unset)           0.014     0.014    bd_0_i/hls_inst/inst/ap_clk
    SLICE_X24Y46         FDSE                                         r  bd_0_i/hls_inst/inst/ap_CS_fsm_reg[0]/C
  -------------------------------------------------------------------    -------------------
    SLICE_X24Y46         FDSE (Prop_HFF_SLICEM_C_Q)
                                                      0.083     0.097 f  bd_0_i/hls_inst/inst/ap_CS_fsm_reg[0]/Q
                         net (fo=8, routed)           0.036     0.133    bd_0_i/hls_inst/inst/regslice_both_input_r_U/Q[0]
    SLICE_X24Y46         LUT5 (Prop_E5LUT_SLICEM_I0_O)
                                                      0.039     0.172 r  bd_0_i/hls_inst/inst/regslice_both_input_r_U/next_inferred__10/i_/O
                         net (fo=1, routed)           0.009     0.181    bd_0_i/hls_inst/inst/regslice_both_input_r_U/next_inferred__10/i__n_0
    SLICE_X24Y46         FDRE                                         r  bd_0_i/hls_inst/inst/regslice_both_input_r_U/state_reg[0]/D
  -------------------------------------------------------------------    -------------------

                         (clock ap_clk rise edge)     0.000     0.000 r  
                                                      0.000     0.000 r  ap_clk (IN)
                         net (fo=12, unset)           0.021     0.021    bd_0_i/hls_inst/inst/regslice_both_input_r_U/ap_clk
    SLICE_X24Y46         FDRE                                         r  bd_0_i/hls_inst/inst/regslice_both_input_r_U/state_reg[0]/C
                         clock pessimism              0.000     0.021    
    SLICE_X24Y46         FDRE (Hold_EFF2_SLICEM_C_D)
                                                      0.045     0.066    bd_0_i/hls_inst/inst/regslice_both_input_r_U/state_reg[0]
  -------------------------------------------------------------------
                         required time                         -0.066    
                         arrival time                           0.181    
  -------------------------------------------------------------------
                         slack                                  0.115    

Slack (MET) :             0.117ns  (arrival time - required time)
  Source:                 bd_0_i/hls_inst/inst/ap_CS_fsm_reg[0]/C
                            (rising edge-triggered cell FDSE clocked by ap_clk  {rise@0.000ns fall@5.000ns period=10.000ns})
  Destination:            bd_0_i/hls_inst/inst/regslice_both_input_r_U/state_reg[1]/D
                            (rising edge-triggered cell FDSE clocked by ap_clk  {rise@0.000ns fall@5.000ns period=10.000ns})
  Path Group:             ap_clk
  Path Type:              Hold (Min at Fast Process Corner)
  Requirement:            0.000ns  (ap_clk rise@0.000ns - ap_clk rise@0.000ns)
  Data Path Delay:        0.169ns  (logic 0.124ns (73.523%)  route 0.045ns (26.477%))
  Logic Levels:           1  (LUT4=1)
  Clock Path Skew:        0.007ns (DCD - SCD - CPR)
    Destination Clock Delay (DCD):    0.021ns
    Source Clock Delay      (SCD):    0.014ns
    Clock Pessimism Removal (CPR):    -0.000ns

    Location             Delay type                Incr(ns)  Path(ns)    Netlist Resource(s)
  -------------------------------------------------------------------    -------------------
                         (clock ap_clk rise edge)     0.000     0.000 r  
                                                      0.000     0.000 r  ap_clk (IN)
                         net (fo=12, unset)           0.014     0.014    bd_0_i/hls_inst/inst/ap_clk
    SLICE_X24Y46         FDSE                                         r  bd_0_i/hls_inst/inst/ap_CS_fsm_reg[0]/C
  -------------------------------------------------------------------    -------------------
    SLICE_X24Y46         FDSE (Prop_HFF_SLICEM_C_Q)
                                                      0.083     0.097 r  bd_0_i/hls_inst/inst/ap_CS_fsm_reg[0]/Q
                         net (fo=8, routed)           0.035     0.132    bd_0_i/hls_inst/inst/regslice_both_input_r_U/Q[0]
    SLICE_X24Y46         LUT4 (Prop_F5LUT_SLICEM_I0_O)
                                                      0.041     0.173 r  bd_0_i/hls_inst/inst/regslice_both_input_r_U/state[1]_i_1/O
                         net (fo=1, routed)           0.010     0.183    bd_0_i/hls_inst/inst/regslice_both_input_r_U/state[1]_i_1_n_0
    SLICE_X24Y46         FDSE                                         r  bd_0_i/hls_inst/inst/regslice_both_input_r_U/state_reg[1]/D
  -------------------------------------------------------------------    -------------------

                         (clock ap_clk rise edge)     0.000     0.000 r  
                                                      0.000     0.000 r  ap_clk (IN)
                         net (fo=12, unset)           0.021     0.021    bd_0_i/hls_inst/inst/regslice_both_input_r_U/ap_clk
    SLICE_X24Y46         FDSE                                         r  bd_0_i/hls_inst/inst/regslice_both_input_r_U/state_reg[1]/C
                         clock pessimism              0.000     0.021    
    SLICE_X24Y46         FDSE (Hold_FFF2_SLICEM_C_D)
                                                      0.045     0.066    bd_0_i/hls_inst/inst/regslice_both_input_r_U/state_reg[1]
  -------------------------------------------------------------------
                         required time                         -0.066    
                         arrival time                           0.183    
  -------------------------------------------------------------------
                         slack                                  0.117    

Slack (MET) :             0.119ns  (arrival time - required time)
  Source:                 bd_0_i/hls_inst/inst/regslice_both_input_r_U/FSM_sequential_state_reg[1]/C
                            (rising edge-triggered cell FDRE clocked by ap_clk  {rise@0.000ns fall@5.000ns period=10.000ns})
  Destination:            bd_0_i/hls_inst/inst/regslice_both_input_r_U/FSM_sequential_state_reg[1]/D
                            (rising edge-triggered cell FDRE clocked by ap_clk  {rise@0.000ns fall@5.000ns period=10.000ns})
  Path Group:             ap_clk
  Path Type:              Hold (Min at Fast Process Corner)
  Requirement:            0.000ns  (ap_clk rise@0.000ns - ap_clk rise@0.000ns)
  Data Path Delay:        0.170ns  (logic 0.119ns (70.007%)  route 0.051ns (29.993%))
  Logic Levels:           1  (LUT6=1)
  Clock Path Skew:        0.007ns (DCD - SCD - CPR)
    Destination Clock Delay (DCD):    0.021ns
    Source Clock Delay      (SCD):    0.014ns
    Clock Pessimism Removal (CPR):    -0.000ns

    Location             Delay type                Incr(ns)  Path(ns)    Netlist Resource(s)
  -------------------------------------------------------------------    -------------------
                         (clock ap_clk rise edge)     0.000     0.000 r  
                                                      0.000     0.000 r  ap_clk (IN)
                         net (fo=12, unset)           0.014     0.014    bd_0_i/hls_inst/inst/regslice_both_input_r_U/ap_clk
    SLICE_X24Y46         FDRE                                         r  bd_0_i/hls_inst/inst/regslice_both_input_r_U/FSM_sequential_state_reg[1]/C
  -------------------------------------------------------------------    -------------------
    SLICE_X24Y46         FDRE (Prop_AFF_SLICEM_C_Q)
                                                      0.082     0.096 r  bd_0_i/hls_inst/inst/regslice_both_input_r_U/FSM_sequential_state_reg[1]/Q
                         net (fo=3, routed)           0.031     0.127    bd_0_i/hls_inst/inst/regslice_both_input_r_U/state__0[1]
    SLICE_X24Y46         LUT6 (Prop_A6LUT_SLICEM_I2_O)
                                                      0.037     0.164 r  bd_0_i/hls_inst/inst/regslice_both_input_r_U/FSM_sequential_state[1]_i_1/O
                         net (fo=1, routed)           0.020     0.184    bd_0_i/hls_inst/inst/regslice_both_input_r_U/FSM_sequential_state[1]_i_1_n_0
    SLICE_X24Y46         FDRE                                         r  bd_0_i/hls_inst/inst/regslice_both_input_r_U/FSM_sequential_state_reg[1]/D
  -------------------------------------------------------------------    -------------------

                         (clock ap_clk rise edge)     0.000     0.000 r  
                                                      0.000     0.000 r  ap_clk (IN)
                         net (fo=12, unset)           0.021     0.021    bd_0_i/hls_inst/inst/regslice_both_input_r_U/ap_clk
    SLICE_X24Y46         FDRE                                         r  bd_0_i/hls_inst/inst/regslice_both_input_r_U/FSM_sequential_state_reg[1]/C
                         clock pessimism              0.000     0.021    
    SLICE_X24Y46         FDRE (Hold_AFF_SLICEM_C_D)
                                                      0.044     0.065    bd_0_i/hls_inst/inst/regslice_both_input_r_U/FSM_sequential_state_reg[1]
  -------------------------------------------------------------------
                         required time                         -0.065    
                         arrival time                           0.184    
  -------------------------------------------------------------------
                         slack                                  0.119    

Slack (MET) :             0.119ns  (arrival time - required time)
  Source:                 bd_0_i/hls_inst/inst/grp_FIR_HLS_Pipeline_VITIS_LOOP_28_2_fu_40_ap_start_reg_reg/C
                            (rising edge-triggered cell FDRE clocked by ap_clk  {rise@0.000ns fall@5.000ns period=10.000ns})
  Destination:            bd_0_i/hls_inst/inst/grp_FIR_HLS_Pipeline_VITIS_LOOP_28_2_fu_40/ap_CS_fsm_reg[0]/D
                            (rising edge-triggered cell FDSE clocked by ap_clk  {rise@0.000ns fall@5.000ns period=10.000ns})
  Path Group:             ap_clk
  Path Type:              Hold (Min at Fast Process Corner)
  Requirement:            0.000ns  (ap_clk rise@0.000ns - ap_clk rise@0.000ns)
  Data Path Delay:        0.171ns  (logic 0.109ns (63.691%)  route 0.062ns (36.309%))
  Logic Levels:           1  (LUT3=1)
  Clock Path Skew:        0.007ns (DCD - SCD - CPR)
    Destination Clock Delay (DCD):    0.021ns
    Source Clock Delay      (SCD):    0.014ns
    Clock Pessimism Removal (CPR):    -0.000ns

    Location             Delay type                Incr(ns)  Path(ns)    Netlist Resource(s)
  -------------------------------------------------------------------    -------------------
                         (clock ap_clk rise edge)     0.000     0.000 r  
                                                      0.000     0.000 r  ap_clk (IN)
                         net (fo=12, unset)           0.014     0.014    bd_0_i/hls_inst/inst/ap_clk
    SLICE_X24Y46         FDRE                                         r  bd_0_i/hls_inst/inst/grp_FIR_HLS_Pipeline_VITIS_LOOP_28_2_fu_40_ap_start_reg_reg/C
  -------------------------------------------------------------------    -------------------
    SLICE_X24Y46         FDRE (Prop_FFF_SLICEM_C_Q)
                                                      0.082     0.096 f  bd_0_i/hls_inst/inst/grp_FIR_HLS_Pipeline_VITIS_LOOP_28_2_fu_40_ap_start_reg_reg/Q
                         net (fo=5, routed)           0.052     0.148    bd_0_i/hls_inst/inst/grp_FIR_HLS_Pipeline_VITIS_LOOP_28_2_fu_40/grp_FIR_HLS_Pipeline_VITIS_LOOP_28_2_fu_40_ap_start_reg
    SLICE_X24Y46         LUT3 (Prop_D5LUT_SLICEM_I1_O)
                                                      0.027     0.175 r  bd_0_i/hls_inst/inst/grp_FIR_HLS_Pipeline_VITIS_LOOP_28_2_fu_40/ap_CS_fsm[0]_i_1__0/O
                         net (fo=1, routed)           0.010     0.185    bd_0_i/hls_inst/inst/grp_FIR_HLS_Pipeline_VITIS_LOOP_28_2_fu_40/ap_NS_fsm[0]
    SLICE_X24Y46         FDSE                                         r  bd_0_i/hls_inst/inst/grp_FIR_HLS_Pipeline_VITIS_LOOP_28_2_fu_40/ap_CS_fsm_reg[0]/D
  -------------------------------------------------------------------    -------------------

                         (clock ap_clk rise edge)     0.000     0.000 r  
                                                      0.000     0.000 r  ap_clk (IN)
                         net (fo=12, unset)           0.021     0.021    bd_0_i/hls_inst/inst/grp_FIR_HLS_Pipeline_VITIS_LOOP_28_2_fu_40/ap_clk
    SLICE_X24Y46         FDSE                                         r  bd_0_i/hls_inst/inst/grp_FIR_HLS_Pipeline_VITIS_LOOP_28_2_fu_40/ap_CS_fsm_reg[0]/C
                         clock pessimism              0.000     0.021    
    SLICE_X24Y46         FDSE (Hold_DFF2_SLICEM_C_D)
                                                      0.045     0.066    bd_0_i/hls_inst/inst/grp_FIR_HLS_Pipeline_VITIS_LOOP_28_2_fu_40/ap_CS_fsm_reg[0]
  -------------------------------------------------------------------
                         required time                         -0.066    
                         arrival time                           0.185    
  -------------------------------------------------------------------
                         slack                                  0.119    

Slack (MET) :             0.126ns  (arrival time - required time)
  Source:                 bd_0_i/hls_inst/inst/grp_FIR_HLS_Pipeline_VITIS_LOOP_28_2_fu_40_ap_start_reg_reg/C
                            (rising edge-triggered cell FDRE clocked by ap_clk  {rise@0.000ns fall@5.000ns period=10.000ns})
  Destination:            bd_0_i/hls_inst/inst/ap_CS_fsm_reg[0]/D
                            (rising edge-triggered cell FDSE clocked by ap_clk  {rise@0.000ns fall@5.000ns period=10.000ns})
  Path Group:             ap_clk
  Path Type:              Hold (Min at Fast Process Corner)
  Requirement:            0.000ns  (ap_clk rise@0.000ns - ap_clk rise@0.000ns)
  Data Path Delay:        0.177ns  (logic 0.120ns (67.750%)  route 0.057ns (32.250%))
  Logic Levels:           1  (LUT5=1)
  Clock Path Skew:        0.007ns (DCD - SCD - CPR)
    Destination Clock Delay (DCD):    0.021ns
    Source Clock Delay      (SCD):    0.014ns
    Clock Pessimism Removal (CPR):    -0.000ns

    Location             Delay type                Incr(ns)  Path(ns)    Netlist Resource(s)
  -------------------------------------------------------------------    -------------------
                         (clock ap_clk rise edge)     0.000     0.000 r  
                                                      0.000     0.000 r  ap_clk (IN)
                         net (fo=12, unset)           0.014     0.014    bd_0_i/hls_inst/inst/ap_clk
    SLICE_X24Y46         FDRE                                         r  bd_0_i/hls_inst/inst/grp_FIR_HLS_Pipeline_VITIS_LOOP_28_2_fu_40_ap_start_reg_reg/C
  -------------------------------------------------------------------    -------------------
    SLICE_X24Y46         FDRE (Prop_FFF_SLICEM_C_Q)
                                                      0.082     0.096 f  bd_0_i/hls_inst/inst/grp_FIR_HLS_Pipeline_VITIS_LOOP_28_2_fu_40_ap_start_reg_reg/Q
                         net (fo=5, routed)           0.034     0.130    bd_0_i/hls_inst/inst/grp_FIR_HLS_Pipeline_VITIS_LOOP_28_2_fu_40/grp_FIR_HLS_Pipeline_VITIS_LOOP_28_2_fu_40_ap_start_reg
    SLICE_X24Y46         LUT5 (Prop_H6LUT_SLICEM_I0_O)
                                                      0.038     0.168 r  bd_0_i/hls_inst/inst/grp_FIR_HLS_Pipeline_VITIS_LOOP_28_2_fu_40/ap_CS_fsm[0]_i_1/O
                         net (fo=1, routed)           0.023     0.191    bd_0_i/hls_inst/inst/ap_NS_fsm[0]
    SLICE_X24Y46         FDSE                                         r  bd_0_i/hls_inst/inst/ap_CS_fsm_reg[0]/D
  -------------------------------------------------------------------    -------------------

                         (clock ap_clk rise edge)     0.000     0.000 r  
                                                      0.000     0.000 r  ap_clk (IN)
                         net (fo=12, unset)           0.021     0.021    bd_0_i/hls_inst/inst/ap_clk
    SLICE_X24Y46         FDSE                                         r  bd_0_i/hls_inst/inst/ap_CS_fsm_reg[0]/C
                         clock pessimism              0.000     0.021    
    SLICE_X24Y46         FDSE (Hold_HFF_SLICEM_C_D)
                                                      0.044     0.065    bd_0_i/hls_inst/inst/ap_CS_fsm_reg[0]
  -------------------------------------------------------------------
                         required time                         -0.065    
                         arrival time                           0.191    
  -------------------------------------------------------------------
                         slack                                  0.126    

Slack (MET) :             0.128ns  (arrival time - required time)
  Source:                 bd_0_i/hls_inst/inst/regslice_both_output_r_U/FSM_sequential_state_reg[1]/C
                            (rising edge-triggered cell FDRE clocked by ap_clk  {rise@0.000ns fall@5.000ns period=10.000ns})
  Destination:            bd_0_i/hls_inst/inst/regslice_both_output_r_U/ack_in_t_reg/D
                            (rising edge-triggered cell FDRE clocked by ap_clk  {rise@0.000ns fall@5.000ns period=10.000ns})
  Path Group:             ap_clk
  Path Type:              Hold (Min at Fast Process Corner)
  Requirement:            0.000ns  (ap_clk rise@0.000ns - ap_clk rise@0.000ns)
  Data Path Delay:        0.178ns  (logic 0.121ns (67.981%)  route 0.057ns (32.019%))
  Logic Levels:           1  (LUT4=1)
  Clock Path Skew:        0.005ns (DCD - SCD - CPR)
    Destination Clock Delay (DCD):    0.019ns
    Source Clock Delay      (SCD):    0.014ns
    Clock Pessimism Removal (CPR):    -0.000ns

    Location             Delay type                Incr(ns)  Path(ns)    Netlist Resource(s)
  -------------------------------------------------------------------    -------------------
                         (clock ap_clk rise edge)     0.000     0.000 r  
                                                      0.000     0.000 r  ap_clk (IN)
                         net (fo=12, unset)           0.014     0.014    bd_0_i/hls_inst/inst/regslice_both_output_r_U/ap_clk
    SLICE_X22Y120        FDRE                                         r  bd_0_i/hls_inst/inst/regslice_both_output_r_U/FSM_sequential_state_reg[1]/C
  -------------------------------------------------------------------    -------------------
    SLICE_X22Y120        FDRE (Prop_CFF_SLICEL_C_Q)
                                                      0.084     0.098 f  bd_0_i/hls_inst/inst/regslice_both_output_r_U/FSM_sequential_state_reg[1]/Q
                         net (fo=3, routed)           0.050     0.148    bd_0_i/hls_inst/inst/regslice_both_output_r_U/state__0[1]
    SLICE_X22Y120        LUT4 (Prop_C5LUT_SLICEL_I2_O)
                                                      0.037     0.185 r  bd_0_i/hls_inst/inst/regslice_both_output_r_U/ack_in_t_i_1__0/O
                         net (fo=1, routed)           0.007     0.192    bd_0_i/hls_inst/inst/regslice_both_output_r_U/ack_in_t_i_1__0_n_0
    SLICE_X22Y120        FDRE                                         r  bd_0_i/hls_inst/inst/regslice_both_output_r_U/ack_in_t_reg/D
  -------------------------------------------------------------------    -------------------

                         (clock ap_clk rise edge)     0.000     0.000 r  
                                                      0.000     0.000 r  ap_clk (IN)
                         net (fo=12, unset)           0.019     0.019    bd_0_i/hls_inst/inst/regslice_both_output_r_U/ap_clk
    SLICE_X22Y120        FDRE                                         r  bd_0_i/hls_inst/inst/regslice_both_output_r_U/ack_in_t_reg/C
                         clock pessimism              0.000     0.019    
    SLICE_X22Y120        FDRE (Hold_CFF2_SLICEL_C_D)
                                                      0.045     0.064    bd_0_i/hls_inst/inst/regslice_both_output_r_U/ack_in_t_reg
  -------------------------------------------------------------------
                         required time                         -0.064    
                         arrival time                           0.192    
  -------------------------------------------------------------------
                         slack                                  0.128    





Pulse Width Checks
--------------------------------------------------------------------------------------
Clock Name:         ap_clk
Waveform(ns):       { 0.000 5.000 }
Period(ns):         10.000
Sources:            { ap_clk }

Check Type        Corner  Lib Pin  Reference Pin  Required(ns)  Actual(ns)  Slack(ns)  Location      Pin
Min Period        n/a     FDSE/C   n/a            0.550         10.000      9.450      SLICE_X24Y46  bd_0_i/hls_inst/inst/ap_CS_fsm_reg[0]/C
Min Period        n/a     FDRE/C   n/a            0.550         10.000      9.450      SLICE_X24Y46  bd_0_i/hls_inst/inst/ap_CS_fsm_reg[1]/C
Min Period        n/a     FDRE/C   n/a            0.550         10.000      9.450      SLICE_X24Y46  bd_0_i/hls_inst/inst/grp_FIR_HLS_Pipeline_VITIS_LOOP_28_2_fu_40_ap_start_reg_reg/C
Min Period        n/a     FDSE/C   n/a            0.550         10.000      9.450      SLICE_X24Y46  bd_0_i/hls_inst/inst/grp_FIR_HLS_Pipeline_VITIS_LOOP_28_2_fu_40/ap_CS_fsm_reg[0]/C
Min Period        n/a     FDRE/C   n/a            0.550         10.000      9.450      SLICE_X24Y46  bd_0_i/hls_inst/inst/grp_FIR_HLS_Pipeline_VITIS_LOOP_28_2_fu_40/ap_CS_fsm_reg[1]/C
Min Period        n/a     FDSE/C   n/a            0.550         10.000      9.450      SLICE_X24Y46  bd_0_i/hls_inst/inst/regslice_both_input_r_U/FSM_sequential_state_reg[0]/C
Min Period        n/a     FDRE/C   n/a            0.550         10.000      9.450      SLICE_X24Y46  bd_0_i/hls_inst/inst/regslice_both_input_r_U/FSM_sequential_state_reg[1]/C
Min Period        n/a     FDRE/C   n/a            0.550         10.000      9.450      SLICE_X24Y46  bd_0_i/hls_inst/inst/regslice_both_input_r_U/ack_in_t_reg/C
Min Period        n/a     FDRE/C   n/a            0.550         10.000      9.450      SLICE_X24Y46  bd_0_i/hls_inst/inst/regslice_both_input_r_U/state_reg[0]/C
Min Period        n/a     FDSE/C   n/a            0.550         10.000      9.450      SLICE_X24Y46  bd_0_i/hls_inst/inst/regslice_both_input_r_U/state_reg[1]/C
Low Pulse Width   Slow    FDSE/C   n/a            0.275         5.000       4.725      SLICE_X24Y46  bd_0_i/hls_inst/inst/ap_CS_fsm_reg[0]/C
Low Pulse Width   Fast    FDSE/C   n/a            0.275         5.000       4.725      SLICE_X24Y46  bd_0_i/hls_inst/inst/ap_CS_fsm_reg[0]/C
Low Pulse Width   Slow    FDRE/C   n/a            0.275         5.000       4.725      SLICE_X24Y46  bd_0_i/hls_inst/inst/ap_CS_fsm_reg[1]/C
Low Pulse Width   Fast    FDRE/C   n/a            0.275         5.000       4.725      SLICE_X24Y46  bd_0_i/hls_inst/inst/ap_CS_fsm_reg[1]/C
Low Pulse Width   Slow    FDRE/C   n/a            0.275         5.000       4.725      SLICE_X24Y46  bd_0_i/hls_inst/inst/grp_FIR_HLS_Pipeline_VITIS_LOOP_28_2_fu_40_ap_start_reg_reg/C
Low Pulse Width   Fast    FDRE/C   n/a            0.275         5.000       4.725      SLICE_X24Y46  bd_0_i/hls_inst/inst/grp_FIR_HLS_Pipeline_VITIS_LOOP_28_2_fu_40_ap_start_reg_reg/C
Low Pulse Width   Slow    FDSE/C   n/a            0.275         5.000       4.725      SLICE_X24Y46  bd_0_i/hls_inst/inst/grp_FIR_HLS_Pipeline_VITIS_LOOP_28_2_fu_40/ap_CS_fsm_reg[0]/C
Low Pulse Width   Fast    FDSE/C   n/a            0.275         5.000       4.725      SLICE_X24Y46  bd_0_i/hls_inst/inst/grp_FIR_HLS_Pipeline_VITIS_LOOP_28_2_fu_40/ap_CS_fsm_reg[0]/C
Low Pulse Width   Slow    FDRE/C   n/a            0.275         5.000       4.725      SLICE_X24Y46  bd_0_i/hls_inst/inst/grp_FIR_HLS_Pipeline_VITIS_LOOP_28_2_fu_40/ap_CS_fsm_reg[1]/C
Low Pulse Width   Fast    FDRE/C   n/a            0.275         5.000       4.725      SLICE_X24Y46  bd_0_i/hls_inst/inst/grp_FIR_HLS_Pipeline_VITIS_LOOP_28_2_fu_40/ap_CS_fsm_reg[1]/C
High Pulse Width  Slow    FDSE/C   n/a            0.275         5.000       4.725      SLICE_X24Y46  bd_0_i/hls_inst/inst/ap_CS_fsm_reg[0]/C
High Pulse Width  Fast    FDSE/C   n/a            0.275         5.000       4.725      SLICE_X24Y46  bd_0_i/hls_inst/inst/ap_CS_fsm_reg[0]/C
High Pulse Width  Slow    FDRE/C   n/a            0.275         5.000       4.725      SLICE_X24Y46  bd_0_i/hls_inst/inst/ap_CS_fsm_reg[1]/C
High Pulse Width  Fast    FDRE/C   n/a            0.275         5.000       4.725      SLICE_X24Y46  bd_0_i/hls_inst/inst/ap_CS_fsm_reg[1]/C
High Pulse Width  Slow    FDRE/C   n/a            0.275         5.000       4.725      SLICE_X24Y46  bd_0_i/hls_inst/inst/grp_FIR_HLS_Pipeline_VITIS_LOOP_28_2_fu_40_ap_start_reg_reg/C
High Pulse Width  Fast    FDRE/C   n/a            0.275         5.000       4.725      SLICE_X24Y46  bd_0_i/hls_inst/inst/grp_FIR_HLS_Pipeline_VITIS_LOOP_28_2_fu_40_ap_start_reg_reg/C
High Pulse Width  Slow    FDSE/C   n/a            0.275         5.000       4.725      SLICE_X24Y46  bd_0_i/hls_inst/inst/grp_FIR_HLS_Pipeline_VITIS_LOOP_28_2_fu_40/ap_CS_fsm_reg[0]/C
High Pulse Width  Fast    FDSE/C   n/a            0.275         5.000       4.725      SLICE_X24Y46  bd_0_i/hls_inst/inst/grp_FIR_HLS_Pipeline_VITIS_LOOP_28_2_fu_40/ap_CS_fsm_reg[0]/C
High Pulse Width  Slow    FDRE/C   n/a            0.275         5.000       4.725      SLICE_X24Y46  bd_0_i/hls_inst/inst/grp_FIR_HLS_Pipeline_VITIS_LOOP_28_2_fu_40/ap_CS_fsm_reg[1]/C
High Pulse Width  Fast    FDRE/C   n/a            0.275         5.000       4.725      SLICE_X24Y46  bd_0_i/hls_inst/inst/grp_FIR_HLS_Pipeline_VITIS_LOOP_28_2_fu_40/ap_CS_fsm_reg[1]/C



--------------------------------------------------------------------------------------
Path Group:  (none)
From Clock:  ap_clk
  To Clock:  

Max Delay             2 Endpoints
Min Delay             2 Endpoints
--------------------------------------------------------------------------------------


Max Delay Paths
--------------------------------------------------------------------------------------
Slack:                    inf
  Source:                 bd_0_i/hls_inst/inst/regslice_both_input_r_U/ack_in_t_reg/C
                            (rising edge-triggered cell FDRE clocked by ap_clk  {rise@0.000ns fall@5.000ns period=10.000ns})
  Destination:            input_r_tready
                            (output port)
  Path Group:             (none)
  Path Type:              Max at Slow Process Corner
  Data Path Delay:        0.116ns  (logic 0.116ns (100.000%)  route 0.000ns (0.000%))
  Logic Levels:           0  
  Clock Uncertainty:      0.025ns  ((TSJ^2 + TIJ^2)^1/2 + DJ) / 2 + PE
    Total System Jitter     (TSJ):    0.050ns
    Total Input Jitter      (TIJ):    0.000ns
    Discrete Jitter          (DJ):    0.000ns
    Phase Error              (PE):    0.000ns

    Location             Delay type                Incr(ns)  Path(ns)    Netlist Resource(s)
  -------------------------------------------------------------------    -------------------
                         (clock ap_clk rise edge)     0.000     0.000 r  
                                                      0.000     0.000 r  ap_clk (IN)
                         net (fo=12, unset)           0.043     0.043    bd_0_i/hls_inst/inst/regslice_both_input_r_U/ap_clk
    SLICE_X24Y46         FDRE                                         r  bd_0_i/hls_inst/inst/regslice_both_input_r_U/ack_in_t_reg/C
  -------------------------------------------------------------------    -------------------
    SLICE_X24Y46         FDRE (Prop_GFF_SLICEM_C_Q)
                                                      0.116     0.159 r  bd_0_i/hls_inst/inst/regslice_both_input_r_U/ack_in_t_reg/Q
                         net (fo=3, unset)            0.000     0.159    input_r_tready
                                                                      r  input_r_tready (OUT)
  -------------------------------------------------------------------    -------------------

Slack:                    inf
  Source:                 bd_0_i/hls_inst/inst/regslice_both_output_r_U/ack_in_t_reg/C
                            (rising edge-triggered cell FDRE clocked by ap_clk  {rise@0.000ns fall@5.000ns period=10.000ns})
  Destination:            output_r_tready
                            (output port)
  Path Group:             (none)
  Path Type:              Max at Slow Process Corner
  Data Path Delay:        0.115ns  (logic 0.115ns (100.000%)  route 0.000ns (0.000%))
  Logic Levels:           0  
  Clock Uncertainty:      0.025ns  ((TSJ^2 + TIJ^2)^1/2 + DJ) / 2 + PE
    Total System Jitter     (TSJ):    0.050ns
    Total Input Jitter      (TIJ):    0.000ns
    Discrete Jitter          (DJ):    0.000ns
    Phase Error              (PE):    0.000ns

    Location             Delay type                Incr(ns)  Path(ns)    Netlist Resource(s)
  -------------------------------------------------------------------    -------------------
                         (clock ap_clk rise edge)     0.000     0.000 r  
                                                      0.000     0.000 r  ap_clk (IN)
                         net (fo=12, unset)           0.041     0.041    bd_0_i/hls_inst/inst/regslice_both_output_r_U/ap_clk
    SLICE_X22Y120        FDRE                                         r  bd_0_i/hls_inst/inst/regslice_both_output_r_U/ack_in_t_reg/C
  -------------------------------------------------------------------    -------------------
    SLICE_X22Y120        FDRE (Prop_CFF2_SLICEL_C_Q)
                                                      0.115     0.156 r  bd_0_i/hls_inst/inst/regslice_both_output_r_U/ack_in_t_reg/Q
                         net (fo=2, unset)            0.000     0.156    output_r_tready
                                                                      r  output_r_tready (OUT)
  -------------------------------------------------------------------    -------------------





Min Delay Paths
--------------------------------------------------------------------------------------
Slack:                    inf
  Source:                 bd_0_i/hls_inst/inst/regslice_both_input_r_U/ack_in_t_reg/C
                            (rising edge-triggered cell FDRE clocked by ap_clk  {rise@0.000ns fall@5.000ns period=10.000ns})
  Destination:            input_r_tready
                            (output port)
  Path Group:             (none)
  Path Type:              Min at Fast Process Corner
  Data Path Delay:        0.083ns  (logic 0.083ns (100.000%)  route 0.000ns (0.000%))
  Logic Levels:           0  
  Clock Uncertainty:      0.025ns  ((TSJ^2 + TIJ^2)^1/2 + DJ) / 2 + PE
    Total System Jitter     (TSJ):    0.050ns
    Total Input Jitter      (TIJ):    0.000ns
    Discrete Jitter          (DJ):    0.000ns
    Phase Error              (PE):    0.000ns

    Location             Delay type                Incr(ns)  Path(ns)    Netlist Resource(s)
  -------------------------------------------------------------------    -------------------
                         (clock ap_clk rise edge)     0.000     0.000 r  
                                                      0.000     0.000 r  ap_clk (IN)
                         net (fo=12, unset)           0.014     0.014    bd_0_i/hls_inst/inst/regslice_both_input_r_U/ap_clk
    SLICE_X24Y46         FDRE                                         r  bd_0_i/hls_inst/inst/regslice_both_input_r_U/ack_in_t_reg/C
  -------------------------------------------------------------------    -------------------
    SLICE_X24Y46         FDRE (Prop_GFF_SLICEM_C_Q)
                                                      0.083     0.097 r  bd_0_i/hls_inst/inst/regslice_both_input_r_U/ack_in_t_reg/Q
                         net (fo=3, unset)            0.000     0.097    input_r_tready
                                                                      r  input_r_tready (OUT)
  -------------------------------------------------------------------    -------------------

Slack:                    inf
  Source:                 bd_0_i/hls_inst/inst/regslice_both_output_r_U/ack_in_t_reg/C
                            (rising edge-triggered cell FDRE clocked by ap_clk  {rise@0.000ns fall@5.000ns period=10.000ns})
  Destination:            output_r_tready
                            (output port)
  Path Group:             (none)
  Path Type:              Min at Fast Process Corner
  Data Path Delay:        0.085ns  (logic 0.085ns (100.000%)  route 0.000ns (0.000%))
  Logic Levels:           0  
  Clock Uncertainty:      0.025ns  ((TSJ^2 + TIJ^2)^1/2 + DJ) / 2 + PE
    Total System Jitter     (TSJ):    0.050ns
    Total Input Jitter      (TIJ):    0.000ns
    Discrete Jitter          (DJ):    0.000ns
    Phase Error              (PE):    0.000ns

    Location             Delay type                Incr(ns)  Path(ns)    Netlist Resource(s)
  -------------------------------------------------------------------    -------------------
                         (clock ap_clk rise edge)     0.000     0.000 r  
                                                      0.000     0.000 r  ap_clk (IN)
                         net (fo=12, unset)           0.014     0.014    bd_0_i/hls_inst/inst/regslice_both_output_r_U/ap_clk
    SLICE_X22Y120        FDRE                                         r  bd_0_i/hls_inst/inst/regslice_both_output_r_U/ack_in_t_reg/C
  -------------------------------------------------------------------    -------------------
    SLICE_X22Y120        FDRE (Prop_CFF2_SLICEL_C_Q)
                                                      0.085     0.099 r  bd_0_i/hls_inst/inst/regslice_both_output_r_U/ack_in_t_reg/Q
                         net (fo=2, unset)            0.000     0.099    output_r_tready
                                                                      r  output_r_tready (OUT)
  -------------------------------------------------------------------    -------------------





--------------------------------------------------------------------------------------
Path Group:  (none)
From Clock:  
  To Clock:  ap_clk

Max Delay            21 Endpoints
Min Delay            21 Endpoints
--------------------------------------------------------------------------------------


Max Delay Paths
--------------------------------------------------------------------------------------
Slack:                    inf
  Source:                 input_r_tvalid
                            (input port)
  Destination:            bd_0_i/hls_inst/inst/regslice_both_input_r_U/state_reg[1]/D
                            (rising edge-triggered cell FDSE clocked by ap_clk  {rise@0.000ns fall@5.000ns period=10.000ns})
  Path Group:             (none)
  Path Type:              Setup (Max at Slow Process Corner)
  Data Path Delay:        0.248ns  (logic 0.200ns (80.645%)  route 0.048ns (19.355%))
  Logic Levels:           1  (LUT4=1)
  Clock Path Skew:        0.031ns (DCD - SCD + CPR)
    Destination Clock Delay (DCD):    0.031ns
    Source Clock Delay      (SCD):    0.000ns
    Clock Pessimism Removal (CPR):    0.000ns
  Clock Uncertainty:      0.025ns  ((TSJ^2 + TIJ^2)^1/2 + DJ) / 2 + PE
    Total System Jitter     (TSJ):    0.050ns
    Total Input Jitter      (TIJ):    0.000ns
    Discrete Jitter          (DJ):    0.000ns
    Phase Error              (PE):    0.000ns

    Location             Delay type                Incr(ns)  Path(ns)    Netlist Resource(s)
  -------------------------------------------------------------------    -------------------
                                                      0.000     0.000 f  input_r_tvalid (IN)
                         net (fo=4, unset)            0.000     0.000    bd_0_i/hls_inst/inst/regslice_both_input_r_U/input_r_TVALID
    SLICE_X24Y46         LUT4 (Prop_F5LUT_SLICEM_I2_O)
                                                      0.200     0.200 r  bd_0_i/hls_inst/inst/regslice_both_input_r_U/state[1]_i_1/O
                         net (fo=1, routed)           0.048     0.248    bd_0_i/hls_inst/inst/regslice_both_input_r_U/state[1]_i_1_n_0
    SLICE_X24Y46         FDSE                                         r  bd_0_i/hls_inst/inst/regslice_both_input_r_U/state_reg[1]/D
  -------------------------------------------------------------------    -------------------

                         (clock ap_clk rise edge)     0.000     0.000 r  
                                                      0.000     0.000 r  ap_clk (IN)
                         net (fo=12, unset)           0.031     0.031    bd_0_i/hls_inst/inst/regslice_both_input_r_U/ap_clk
    SLICE_X24Y46         FDSE                                         r  bd_0_i/hls_inst/inst/regslice_both_input_r_U/state_reg[1]/C

Slack:                    inf
  Source:                 input_r_tvalid
                            (input port)
  Destination:            bd_0_i/hls_inst/inst/regslice_both_input_r_U/ack_in_t_reg/D
                            (rising edge-triggered cell FDRE clocked by ap_clk  {rise@0.000ns fall@5.000ns period=10.000ns})
  Path Group:             (none)
  Path Type:              Setup (Max at Slow Process Corner)
  Data Path Delay:        0.232ns  (logic 0.152ns (65.517%)  route 0.080ns (34.483%))
  Logic Levels:           1  (LUT6=1)
  Clock Path Skew:        0.031ns (DCD - SCD + CPR)
    Destination Clock Delay (DCD):    0.031ns
    Source Clock Delay      (SCD):    0.000ns
    Clock Pessimism Removal (CPR):    0.000ns
  Clock Uncertainty:      0.025ns  ((TSJ^2 + TIJ^2)^1/2 + DJ) / 2 + PE
    Total System Jitter     (TSJ):    0.050ns
    Total Input Jitter      (TIJ):    0.000ns
    Discrete Jitter          (DJ):    0.000ns
    Phase Error              (PE):    0.000ns

    Location             Delay type                Incr(ns)  Path(ns)    Netlist Resource(s)
  -------------------------------------------------------------------    -------------------
                                                      0.000     0.000 f  input_r_tvalid (IN)
                         net (fo=4, unset)            0.000     0.000    bd_0_i/hls_inst/inst/regslice_both_input_r_U/input_r_TVALID
    SLICE_X24Y46         LUT6 (Prop_G6LUT_SLICEM_I2_O)
                                                      0.152     0.152 r  bd_0_i/hls_inst/inst/regslice_both_input_r_U/ack_in_t_i_2/O
                         net (fo=1, routed)           0.080     0.232    bd_0_i/hls_inst/inst/regslice_both_input_r_U/ack_in_t_i_2_n_0
    SLICE_X24Y46         FDRE                                         r  bd_0_i/hls_inst/inst/regslice_both_input_r_U/ack_in_t_reg/D
  -------------------------------------------------------------------    -------------------

                         (clock ap_clk rise edge)     0.000     0.000 r  
                                                      0.000     0.000 r  ap_clk (IN)
                         net (fo=12, unset)           0.031     0.031    bd_0_i/hls_inst/inst/regslice_both_input_r_U/ap_clk
    SLICE_X24Y46         FDRE                                         r  bd_0_i/hls_inst/inst/regslice_both_input_r_U/ack_in_t_reg/C

Slack:                    inf
  Source:                 output_r_tvalid
                            (input port)
  Destination:            bd_0_i/hls_inst/inst/regslice_both_output_r_U/FSM_sequential_state_reg[1]/D
                            (rising edge-triggered cell FDRE clocked by ap_clk  {rise@0.000ns fall@5.000ns period=10.000ns})
  Path Group:             (none)
  Path Type:              Setup (Max at Slow Process Corner)
  Data Path Delay:        0.219ns  (logic 0.150ns (68.493%)  route 0.069ns (31.507%))
  Logic Levels:           1  (LUT4=1)
  Clock Path Skew:        0.029ns (DCD - SCD + CPR)
    Destination Clock Delay (DCD):    0.029ns
    Source Clock Delay      (SCD):    0.000ns
    Clock Pessimism Removal (CPR):    0.000ns
  Clock Uncertainty:      0.025ns  ((TSJ^2 + TIJ^2)^1/2 + DJ) / 2 + PE
    Total System Jitter     (TSJ):    0.050ns
    Total Input Jitter      (TIJ):    0.000ns
    Discrete Jitter          (DJ):    0.000ns
    Phase Error              (PE):    0.000ns

    Location             Delay type                Incr(ns)  Path(ns)    Netlist Resource(s)
  -------------------------------------------------------------------    -------------------
                                                      0.000     0.000 r  output_r_tvalid (IN)
                         net (fo=2, unset)            0.000     0.000    bd_0_i/hls_inst/inst/regslice_both_output_r_U/output_r_TVALID
    SLICE_X22Y120        LUT4 (Prop_C6LUT_SLICEL_I1_O)
                                                      0.150     0.150 r  bd_0_i/hls_inst/inst/regslice_both_output_r_U/FSM_sequential_state[1]_i_1__0/O
                         net (fo=1, routed)           0.069     0.219    bd_0_i/hls_inst/inst/regslice_both_output_r_U/next__0[1]
    SLICE_X22Y120        FDRE                                         r  bd_0_i/hls_inst/inst/regslice_both_output_r_U/FSM_sequential_state_reg[1]/D
  -------------------------------------------------------------------    -------------------

                         (clock ap_clk rise edge)     0.000     0.000 r  
                                                      0.000     0.000 r  ap_clk (IN)
                         net (fo=12, unset)           0.029     0.029    bd_0_i/hls_inst/inst/regslice_both_output_r_U/ap_clk
    SLICE_X22Y120        FDRE                                         r  bd_0_i/hls_inst/inst/regslice_both_output_r_U/FSM_sequential_state_reg[1]/C

Slack:                    inf
  Source:                 output_r_tvalid
                            (input port)
  Destination:            bd_0_i/hls_inst/inst/regslice_both_output_r_U/FSM_sequential_state_reg[0]/D
                            (rising edge-triggered cell FDSE clocked by ap_clk  {rise@0.000ns fall@5.000ns period=10.000ns})
  Path Group:             (none)
  Path Type:              Setup (Max at Slow Process Corner)
  Data Path Delay:        0.203ns  (logic 0.136ns (66.995%)  route 0.067ns (33.005%))
  Logic Levels:           1  (LUT3=1)
  Clock Path Skew:        0.029ns (DCD - SCD + CPR)
    Destination Clock Delay (DCD):    0.029ns
    Source Clock Delay      (SCD):    0.000ns
    Clock Pessimism Removal (CPR):    0.000ns
  Clock Uncertainty:      0.025ns  ((TSJ^2 + TIJ^2)^1/2 + DJ) / 2 + PE
    Total System Jitter     (TSJ):    0.050ns
    Total Input Jitter      (TIJ):    0.000ns
    Discrete Jitter          (DJ):    0.000ns
    Phase Error              (PE):    0.000ns

    Location             Delay type                Incr(ns)  Path(ns)    Netlist Resource(s)
  -------------------------------------------------------------------    -------------------
                                                      0.000     0.000 f  output_r_tvalid (IN)
                         net (fo=2, unset)            0.000     0.000    bd_0_i/hls_inst/inst/regslice_both_output_r_U/output_r_TVALID
    SLICE_X22Y120        LUT3 (Prop_D6LUT_SLICEL_I0_O)
                                                      0.136     0.136 r  bd_0_i/hls_inst/inst/regslice_both_output_r_U/FSM_sequential_state[0]_i_1__0/O
                         net (fo=1, routed)           0.067     0.203    bd_0_i/hls_inst/inst/regslice_both_output_r_U/FSM_sequential_state[0]_i_1__0_n_0
    SLICE_X22Y120        FDSE                                         r  bd_0_i/hls_inst/inst/regslice_both_output_r_U/FSM_sequential_state_reg[0]/D
  -------------------------------------------------------------------    -------------------

                         (clock ap_clk rise edge)     0.000     0.000 r  
                                                      0.000     0.000 r  ap_clk (IN)
                         net (fo=12, unset)           0.029     0.029    bd_0_i/hls_inst/inst/regslice_both_output_r_U/ap_clk
    SLICE_X22Y120        FDSE                                         r  bd_0_i/hls_inst/inst/regslice_both_output_r_U/FSM_sequential_state_reg[0]/C

Slack:                    inf
  Source:                 input_r_tvalid
                            (input port)
  Destination:            bd_0_i/hls_inst/inst/regslice_both_input_r_U/FSM_sequential_state_reg[0]/D
                            (rising edge-triggered cell FDSE clocked by ap_clk  {rise@0.000ns fall@5.000ns period=10.000ns})
  Path Group:             (none)
  Path Type:              Setup (Max at Slow Process Corner)
  Data Path Delay:        0.179ns  (logic 0.141ns (78.771%)  route 0.038ns (21.229%))
  Logic Levels:           1  (LUT5=1)
  Clock Path Skew:        0.030ns (DCD - SCD + CPR)
    Destination Clock Delay (DCD):    0.030ns
    Source Clock Delay      (SCD):    0.000ns
    Clock Pessimism Removal (CPR):    0.000ns
  Clock Uncertainty:      0.025ns  ((TSJ^2 + TIJ^2)^1/2 + DJ) / 2 + PE
    Total System Jitter     (TSJ):    0.050ns
    Total Input Jitter      (TIJ):    0.000ns
    Discrete Jitter          (DJ):    0.000ns
    Phase Error              (PE):    0.000ns

    Location             Delay type                Incr(ns)  Path(ns)    Netlist Resource(s)
  -------------------------------------------------------------------    -------------------
                                                      0.000     0.000 f  input_r_tvalid (IN)
                         net (fo=4, unset)            0.000     0.000    bd_0_i/hls_inst/inst/regslice_both_input_r_U/input_r_TVALID
    SLICE_X24Y46         LUT5 (Prop_B5LUT_SLICEM_I3_O)
                                                      0.141     0.141 r  bd_0_i/hls_inst/inst/regslice_both_input_r_U/FSM_sequential_state[0]_i_1/O
                         net (fo=1, routed)           0.038     0.179    bd_0_i/hls_inst/inst/regslice_both_input_r_U/FSM_sequential_state[0]_i_1_n_0
    SLICE_X24Y46         FDSE                                         r  bd_0_i/hls_inst/inst/regslice_both_input_r_U/FSM_sequential_state_reg[0]/D
  -------------------------------------------------------------------    -------------------

                         (clock ap_clk rise edge)     0.000     0.000 r  
                                                      0.000     0.000 r  ap_clk (IN)
                         net (fo=12, unset)           0.030     0.030    bd_0_i/hls_inst/inst/regslice_both_input_r_U/ap_clk
    SLICE_X24Y46         FDSE                                         r  bd_0_i/hls_inst/inst/regslice_both_input_r_U/FSM_sequential_state_reg[0]/C

Slack:                    inf
  Source:                 output_r_tvalid
                            (input port)
  Destination:            bd_0_i/hls_inst/inst/regslice_both_output_r_U/ack_in_t_reg/D
                            (rising edge-triggered cell FDRE clocked by ap_clk  {rise@0.000ns fall@5.000ns period=10.000ns})
  Path Group:             (none)
  Path Type:              Setup (Max at Slow Process Corner)
  Data Path Delay:        0.177ns  (logic 0.152ns (85.876%)  route 0.025ns (14.124%))
  Logic Levels:           1  (LUT4=1)
  Clock Path Skew:        0.029ns (DCD - SCD + CPR)
    Destination Clock Delay (DCD):    0.029ns
    Source Clock Delay      (SCD):    0.000ns
    Clock Pessimism Removal (CPR):    0.000ns
  Clock Uncertainty:      0.025ns  ((TSJ^2 + TIJ^2)^1/2 + DJ) / 2 + PE
    Total System Jitter     (TSJ):    0.050ns
    Total Input Jitter      (TIJ):    0.000ns
    Discrete Jitter          (DJ):    0.000ns
    Phase Error              (PE):    0.000ns

    Location             Delay type                Incr(ns)  Path(ns)    Netlist Resource(s)
  -------------------------------------------------------------------    -------------------
                                                      0.000     0.000 f  output_r_tvalid (IN)
                         net (fo=2, unset)            0.000     0.000    bd_0_i/hls_inst/inst/regslice_both_output_r_U/output_r_TVALID
    SLICE_X22Y120        LUT4 (Prop_C5LUT_SLICEL_I0_O)
                                                      0.152     0.152 r  bd_0_i/hls_inst/inst/regslice_both_output_r_U/ack_in_t_i_1__0/O
                         net (fo=1, routed)           0.025     0.177    bd_0_i/hls_inst/inst/regslice_both_output_r_U/ack_in_t_i_1__0_n_0
    SLICE_X22Y120        FDRE                                         r  bd_0_i/hls_inst/inst/regslice_both_output_r_U/ack_in_t_reg/D
  -------------------------------------------------------------------    -------------------

                         (clock ap_clk rise edge)     0.000     0.000 r  
                                                      0.000     0.000 r  ap_clk (IN)
                         net (fo=12, unset)           0.029     0.029    bd_0_i/hls_inst/inst/regslice_both_output_r_U/ap_clk
    SLICE_X22Y120        FDRE                                         r  bd_0_i/hls_inst/inst/regslice_both_output_r_U/ack_in_t_reg/C

Slack:                    inf
  Source:                 input_r_tvalid
                            (input port)
  Destination:            bd_0_i/hls_inst/inst/regslice_both_input_r_U/state_reg[0]/D
                            (rising edge-triggered cell FDRE clocked by ap_clk  {rise@0.000ns fall@5.000ns period=10.000ns})
  Path Group:             (none)
  Path Type:              Setup (Max at Slow Process Corner)
  Data Path Delay:        0.132ns  (logic 0.095ns (71.970%)  route 0.037ns (28.030%))
  Logic Levels:           1  (LUT5=1)
  Clock Path Skew:        0.031ns (DCD - SCD + CPR)
    Destination Clock Delay (DCD):    0.031ns
    Source Clock Delay      (SCD):    0.000ns
    Clock Pessimism Removal (CPR):    0.000ns
  Clock Uncertainty:      0.025ns  ((TSJ^2 + TIJ^2)^1/2 + DJ) / 2 + PE
    Total System Jitter     (TSJ):    0.050ns
    Total Input Jitter      (TIJ):    0.000ns
    Discrete Jitter          (DJ):    0.000ns
    Phase Error              (PE):    0.000ns

    Location             Delay type                Incr(ns)  Path(ns)    Netlist Resource(s)
  -------------------------------------------------------------------    -------------------
                                                      0.000     0.000 r  input_r_tvalid (IN)
                         net (fo=4, unset)            0.000     0.000    bd_0_i/hls_inst/inst/regslice_both_input_r_U/input_r_TVALID
    SLICE_X24Y46         LUT5 (Prop_E5LUT_SLICEM_I4_O)
                                                      0.095     0.095 r  bd_0_i/hls_inst/inst/regslice_both_input_r_U/next_inferred__10/i_/O
                         net (fo=1, routed)           0.037     0.132    bd_0_i/hls_inst/inst/regslice_both_input_r_U/next_inferred__10/i__n_0
    SLICE_X24Y46         FDRE                                         r  bd_0_i/hls_inst/inst/regslice_both_input_r_U/state_reg[0]/D
  -------------------------------------------------------------------    -------------------

                         (clock ap_clk rise edge)     0.000     0.000 r  
                                                      0.000     0.000 r  ap_clk (IN)
                         net (fo=12, unset)           0.031     0.031    bd_0_i/hls_inst/inst/regslice_both_input_r_U/ap_clk
    SLICE_X24Y46         FDRE                                         r  bd_0_i/hls_inst/inst/regslice_both_input_r_U/state_reg[0]/C

Slack:                    inf
  Source:                 input_r_tvalid
                            (input port)
  Destination:            bd_0_i/hls_inst/inst/regslice_both_input_r_U/FSM_sequential_state_reg[1]/D
                            (rising edge-triggered cell FDRE clocked by ap_clk  {rise@0.000ns fall@5.000ns period=10.000ns})
  Path Group:             (none)
  Path Type:              Setup (Max at Slow Process Corner)
  Data Path Delay:        0.131ns  (logic 0.058ns (44.275%)  route 0.073ns (55.725%))
  Logic Levels:           1  (LUT6=1)
  Clock Path Skew:        0.030ns (DCD - SCD + CPR)
    Destination Clock Delay (DCD):    0.030ns
    Source Clock Delay      (SCD):    0.000ns
    Clock Pessimism Removal (CPR):    0.000ns
  Clock Uncertainty:      0.025ns  ((TSJ^2 + TIJ^2)^1/2 + DJ) / 2 + PE
    Total System Jitter     (TSJ):    0.050ns
    Total Input Jitter      (TIJ):    0.000ns
    Discrete Jitter          (DJ):    0.000ns
    Phase Error              (PE):    0.000ns

    Location             Delay type                Incr(ns)  Path(ns)    Netlist Resource(s)
  -------------------------------------------------------------------    -------------------
                                                      0.000     0.000 r  input_r_tvalid (IN)
                         net (fo=4, unset)            0.000     0.000    bd_0_i/hls_inst/inst/regslice_both_input_r_U/input_r_TVALID
    SLICE_X24Y46         LUT6 (Prop_A6LUT_SLICEM_I5_O)
                                                      0.058     0.058 r  bd_0_i/hls_inst/inst/regslice_both_input_r_U/FSM_sequential_state[1]_i_1/O
                         net (fo=1, routed)           0.073     0.131    bd_0_i/hls_inst/inst/regslice_both_input_r_U/FSM_sequential_state[1]_i_1_n_0
    SLICE_X24Y46         FDRE                                         r  bd_0_i/hls_inst/inst/regslice_both_input_r_U/FSM_sequential_state_reg[1]/D
  -------------------------------------------------------------------    -------------------

                         (clock ap_clk rise edge)     0.000     0.000 r  
                                                      0.000     0.000 r  ap_clk (IN)
                         net (fo=12, unset)           0.030     0.030    bd_0_i/hls_inst/inst/regslice_both_input_r_U/ap_clk
    SLICE_X24Y46         FDRE                                         r  bd_0_i/hls_inst/inst/regslice_both_input_r_U/FSM_sequential_state_reg[1]/C

Slack:                    inf
  Source:                 ap_rst_n
                            (input port)
  Destination:            bd_0_i/hls_inst/inst/grp_FIR_HLS_Pipeline_VITIS_LOOP_28_2_fu_40/ap_CS_fsm_reg[0]/S
                            (rising edge-triggered cell FDSE clocked by ap_clk  {rise@0.000ns fall@5.000ns period=10.000ns})
  Path Group:             (none)
  Path Type:              Setup (Max at Slow Process Corner)
  Data Path Delay:        0.038ns  (logic 0.000ns (0.000%)  route 0.038ns (100.000%))
  Logic Levels:           0  
  Clock Path Skew:        0.030ns (DCD - SCD + CPR)
    Destination Clock Delay (DCD):    0.030ns
    Source Clock Delay      (SCD):    0.000ns
    Clock Pessimism Removal (CPR):    0.000ns
  Clock Uncertainty:      0.025ns  ((TSJ^2 + TIJ^2)^1/2 + DJ) / 2 + PE
    Total System Jitter     (TSJ):    0.050ns
    Total Input Jitter      (TIJ):    0.000ns
    Discrete Jitter          (DJ):    0.000ns
    Phase Error              (PE):    0.000ns

    Location             Delay type                Incr(ns)  Path(ns)    Netlist Resource(s)
  -------------------------------------------------------------------    -------------------
                                                      0.000     0.000 f  ap_rst_n (IN)
                         net (fo=12, unset)           0.038     0.038    bd_0_i/hls_inst/inst/grp_FIR_HLS_Pipeline_VITIS_LOOP_28_2_fu_40/SR[0]
    SLICE_X24Y46         FDSE                                         r  bd_0_i/hls_inst/inst/grp_FIR_HLS_Pipeline_VITIS_LOOP_28_2_fu_40/ap_CS_fsm_reg[0]/S  (IS_INVERTED)
  -------------------------------------------------------------------    -------------------

                         (clock ap_clk rise edge)     0.000     0.000 r  
                                                      0.000     0.000 r  ap_clk (IN)
                         net (fo=12, unset)           0.030     0.030    bd_0_i/hls_inst/inst/grp_FIR_HLS_Pipeline_VITIS_LOOP_28_2_fu_40/ap_clk
    SLICE_X24Y46         FDSE                                         r  bd_0_i/hls_inst/inst/grp_FIR_HLS_Pipeline_VITIS_LOOP_28_2_fu_40/ap_CS_fsm_reg[0]/C

Slack:                    inf
  Source:                 ap_rst_n
                            (input port)
  Destination:            bd_0_i/hls_inst/inst/grp_FIR_HLS_Pipeline_VITIS_LOOP_28_2_fu_40/ap_CS_fsm_reg[1]/R
                            (rising edge-triggered cell FDRE clocked by ap_clk  {rise@0.000ns fall@5.000ns period=10.000ns})
  Path Group:             (none)
  Path Type:              Setup (Max at Slow Process Corner)
  Data Path Delay:        0.038ns  (logic 0.000ns (0.000%)  route 0.038ns (100.000%))
  Logic Levels:           0  
  Clock Path Skew:        0.030ns (DCD - SCD + CPR)
    Destination Clock Delay (DCD):    0.030ns
    Source Clock Delay      (SCD):    0.000ns
    Clock Pessimism Removal (CPR):    0.000ns
  Clock Uncertainty:      0.025ns  ((TSJ^2 + TIJ^2)^1/2 + DJ) / 2 + PE
    Total System Jitter     (TSJ):    0.050ns
    Total Input Jitter      (TIJ):    0.000ns
    Discrete Jitter          (DJ):    0.000ns
    Phase Error              (PE):    0.000ns

    Location             Delay type                Incr(ns)  Path(ns)    Netlist Resource(s)
  -------------------------------------------------------------------    -------------------
                                                      0.000     0.000 f  ap_rst_n (IN)
                         net (fo=12, unset)           0.038     0.038    bd_0_i/hls_inst/inst/grp_FIR_HLS_Pipeline_VITIS_LOOP_28_2_fu_40/SR[0]
    SLICE_X24Y46         FDRE                                         r  bd_0_i/hls_inst/inst/grp_FIR_HLS_Pipeline_VITIS_LOOP_28_2_fu_40/ap_CS_fsm_reg[1]/R  (IS_INVERTED)
  -------------------------------------------------------------------    -------------------

                         (clock ap_clk rise edge)     0.000     0.000 r  
                                                      0.000     0.000 r  ap_clk (IN)
                         net (fo=12, unset)           0.030     0.030    bd_0_i/hls_inst/inst/grp_FIR_HLS_Pipeline_VITIS_LOOP_28_2_fu_40/ap_clk
    SLICE_X24Y46         FDRE                                         r  bd_0_i/hls_inst/inst/grp_FIR_HLS_Pipeline_VITIS_LOOP_28_2_fu_40/ap_CS_fsm_reg[1]/C





Min Delay Paths
--------------------------------------------------------------------------------------
Slack:                    inf
  Source:                 ap_rst_n
                            (input port)
  Destination:            bd_0_i/hls_inst/inst/regslice_both_output_r_U/FSM_sequential_state_reg[0]/S
                            (rising edge-triggered cell FDSE clocked by ap_clk  {rise@0.000ns fall@5.000ns period=10.000ns})
  Path Group:             (none)
  Path Type:              Hold (Min at Fast Process Corner)
  Data Path Delay:        0.010ns  (logic 0.000ns (0.000%)  route 0.010ns (100.000%))
  Logic Levels:           0  
  Clock Path Skew:        0.019ns (DCD - SCD - CPR)
    Destination Clock Delay (DCD):    0.019ns
    Source Clock Delay      (SCD):    0.000ns
    Clock Pessimism Removal (CPR):    -0.000ns

    Location             Delay type                Incr(ns)  Path(ns)    Netlist Resource(s)
  -------------------------------------------------------------------    -------------------
                                                      0.000     0.000 f  ap_rst_n (IN)
                         net (fo=12, unset)           0.010     0.010    bd_0_i/hls_inst/inst/regslice_both_output_r_U/SR[0]
    SLICE_X22Y120        FDSE                                         r  bd_0_i/hls_inst/inst/regslice_both_output_r_U/FSM_sequential_state_reg[0]/S  (IS_INVERTED)
  -------------------------------------------------------------------    -------------------

                         (clock ap_clk rise edge)     0.000     0.000 r  
                                                      0.000     0.000 r  ap_clk (IN)
                         net (fo=12, unset)           0.019     0.019    bd_0_i/hls_inst/inst/regslice_both_output_r_U/ap_clk
    SLICE_X22Y120        FDSE                                         r  bd_0_i/hls_inst/inst/regslice_both_output_r_U/FSM_sequential_state_reg[0]/C

Slack:                    inf
  Source:                 ap_rst_n
                            (input port)
  Destination:            bd_0_i/hls_inst/inst/regslice_both_output_r_U/FSM_sequential_state_reg[1]/R
                            (rising edge-triggered cell FDRE clocked by ap_clk  {rise@0.000ns fall@5.000ns period=10.000ns})
  Path Group:             (none)
  Path Type:              Hold (Min at Fast Process Corner)
  Data Path Delay:        0.010ns  (logic 0.000ns (0.000%)  route 0.010ns (100.000%))
  Logic Levels:           0  
  Clock Path Skew:        0.019ns (DCD - SCD - CPR)
    Destination Clock Delay (DCD):    0.019ns
    Source Clock Delay      (SCD):    0.000ns
    Clock Pessimism Removal (CPR):    -0.000ns

    Location             Delay type                Incr(ns)  Path(ns)    Netlist Resource(s)
  -------------------------------------------------------------------    -------------------
                                                      0.000     0.000 f  ap_rst_n (IN)
                         net (fo=12, unset)           0.010     0.010    bd_0_i/hls_inst/inst/regslice_both_output_r_U/SR[0]
    SLICE_X22Y120        FDRE                                         r  bd_0_i/hls_inst/inst/regslice_both_output_r_U/FSM_sequential_state_reg[1]/R  (IS_INVERTED)
  -------------------------------------------------------------------    -------------------

                         (clock ap_clk rise edge)     0.000     0.000 r  
                                                      0.000     0.000 r  ap_clk (IN)
                         net (fo=12, unset)           0.019     0.019    bd_0_i/hls_inst/inst/regslice_both_output_r_U/ap_clk
    SLICE_X22Y120        FDRE                                         r  bd_0_i/hls_inst/inst/regslice_both_output_r_U/FSM_sequential_state_reg[1]/C

Slack:                    inf
  Source:                 ap_rst_n
                            (input port)
  Destination:            bd_0_i/hls_inst/inst/regslice_both_output_r_U/ack_in_t_reg/R
                            (rising edge-triggered cell FDRE clocked by ap_clk  {rise@0.000ns fall@5.000ns period=10.000ns})
  Path Group:             (none)
  Path Type:              Hold (Min at Fast Process Corner)
  Data Path Delay:        0.010ns  (logic 0.000ns (0.000%)  route 0.010ns (100.000%))
  Logic Levels:           0  
  Clock Path Skew:        0.019ns (DCD - SCD - CPR)
    Destination Clock Delay (DCD):    0.019ns
    Source Clock Delay      (SCD):    0.000ns
    Clock Pessimism Removal (CPR):    -0.000ns

    Location             Delay type                Incr(ns)  Path(ns)    Netlist Resource(s)
  -------------------------------------------------------------------    -------------------
                                                      0.000     0.000 f  ap_rst_n (IN)
                         net (fo=12, unset)           0.010     0.010    bd_0_i/hls_inst/inst/regslice_both_output_r_U/SR[0]
    SLICE_X22Y120        FDRE                                         r  bd_0_i/hls_inst/inst/regslice_both_output_r_U/ack_in_t_reg/R  (IS_INVERTED)
  -------------------------------------------------------------------    -------------------

                         (clock ap_clk rise edge)     0.000     0.000 r  
                                                      0.000     0.000 r  ap_clk (IN)
                         net (fo=12, unset)           0.019     0.019    bd_0_i/hls_inst/inst/regslice_both_output_r_U/ap_clk
    SLICE_X22Y120        FDRE                                         r  bd_0_i/hls_inst/inst/regslice_both_output_r_U/ack_in_t_reg/C

Slack:                    inf
  Source:                 ap_rst_n
                            (input port)
  Destination:            bd_0_i/hls_inst/inst/ap_CS_fsm_reg[0]/S
                            (rising edge-triggered cell FDSE clocked by ap_clk  {rise@0.000ns fall@5.000ns period=10.000ns})
  Path Group:             (none)
  Path Type:              Hold (Min at Fast Process Corner)
  Data Path Delay:        0.011ns  (logic 0.000ns (0.000%)  route 0.011ns (100.000%))
  Logic Levels:           0  
  Clock Path Skew:        0.021ns (DCD - SCD - CPR)
    Destination Clock Delay (DCD):    0.021ns
    Source Clock Delay      (SCD):    0.000ns
    Clock Pessimism Removal (CPR):    -0.000ns

    Location             Delay type                Incr(ns)  Path(ns)    Netlist Resource(s)
  -------------------------------------------------------------------    -------------------
                                                      0.000     0.000 f  ap_rst_n (IN)
                         net (fo=12, unset)           0.011     0.011    bd_0_i/hls_inst/inst/ap_rst_n_inv
    SLICE_X24Y46         FDSE                                         r  bd_0_i/hls_inst/inst/ap_CS_fsm_reg[0]/S  (IS_INVERTED)
  -------------------------------------------------------------------    -------------------

                         (clock ap_clk rise edge)     0.000     0.000 r  
                                                      0.000     0.000 r  ap_clk (IN)
                         net (fo=12, unset)           0.021     0.021    bd_0_i/hls_inst/inst/ap_clk
    SLICE_X24Y46         FDSE                                         r  bd_0_i/hls_inst/inst/ap_CS_fsm_reg[0]/C

Slack:                    inf
  Source:                 ap_rst_n
                            (input port)
  Destination:            bd_0_i/hls_inst/inst/ap_CS_fsm_reg[1]/R
                            (rising edge-triggered cell FDRE clocked by ap_clk  {rise@0.000ns fall@5.000ns period=10.000ns})
  Path Group:             (none)
  Path Type:              Hold (Min at Fast Process Corner)
  Data Path Delay:        0.011ns  (logic 0.000ns (0.000%)  route 0.011ns (100.000%))
  Logic Levels:           0  
  Clock Path Skew:        0.021ns (DCD - SCD - CPR)
    Destination Clock Delay (DCD):    0.021ns
    Source Clock Delay      (SCD):    0.000ns
    Clock Pessimism Removal (CPR):    -0.000ns

    Location             Delay type                Incr(ns)  Path(ns)    Netlist Resource(s)
  -------------------------------------------------------------------    -------------------
                                                      0.000     0.000 f  ap_rst_n (IN)
                         net (fo=12, unset)           0.011     0.011    bd_0_i/hls_inst/inst/ap_rst_n_inv
    SLICE_X24Y46         FDRE                                         r  bd_0_i/hls_inst/inst/ap_CS_fsm_reg[1]/R  (IS_INVERTED)
  -------------------------------------------------------------------    -------------------

                         (clock ap_clk rise edge)     0.000     0.000 r  
                                                      0.000     0.000 r  ap_clk (IN)
                         net (fo=12, unset)           0.021     0.021    bd_0_i/hls_inst/inst/ap_clk
    SLICE_X24Y46         FDRE                                         r  bd_0_i/hls_inst/inst/ap_CS_fsm_reg[1]/C

Slack:                    inf
  Source:                 ap_rst_n
                            (input port)
  Destination:            bd_0_i/hls_inst/inst/grp_FIR_HLS_Pipeline_VITIS_LOOP_28_2_fu_40/ap_CS_fsm_reg[0]/S
                            (rising edge-triggered cell FDSE clocked by ap_clk  {rise@0.000ns fall@5.000ns period=10.000ns})
  Path Group:             (none)
  Path Type:              Hold (Min at Fast Process Corner)
  Data Path Delay:        0.011ns  (logic 0.000ns (0.000%)  route 0.011ns (100.000%))
  Logic Levels:           0  
  Clock Path Skew:        0.021ns (DCD - SCD - CPR)
    Destination Clock Delay (DCD):    0.021ns
    Source Clock Delay      (SCD):    0.000ns
    Clock Pessimism Removal (CPR):    -0.000ns

    Location             Delay type                Incr(ns)  Path(ns)    Netlist Resource(s)
  -------------------------------------------------------------------    -------------------
                                                      0.000     0.000 f  ap_rst_n (IN)
                         net (fo=12, unset)           0.011     0.011    bd_0_i/hls_inst/inst/grp_FIR_HLS_Pipeline_VITIS_LOOP_28_2_fu_40/SR[0]
    SLICE_X24Y46         FDSE                                         r  bd_0_i/hls_inst/inst/grp_FIR_HLS_Pipeline_VITIS_LOOP_28_2_fu_40/ap_CS_fsm_reg[0]/S  (IS_INVERTED)
  -------------------------------------------------------------------    -------------------

                         (clock ap_clk rise edge)     0.000     0.000 r  
                                                      0.000     0.000 r  ap_clk (IN)
                         net (fo=12, unset)           0.021     0.021    bd_0_i/hls_inst/inst/grp_FIR_HLS_Pipeline_VITIS_LOOP_28_2_fu_40/ap_clk
    SLICE_X24Y46         FDSE                                         r  bd_0_i/hls_inst/inst/grp_FIR_HLS_Pipeline_VITIS_LOOP_28_2_fu_40/ap_CS_fsm_reg[0]/C

Slack:                    inf
  Source:                 ap_rst_n
                            (input port)
  Destination:            bd_0_i/hls_inst/inst/grp_FIR_HLS_Pipeline_VITIS_LOOP_28_2_fu_40/ap_CS_fsm_reg[1]/R
                            (rising edge-triggered cell FDRE clocked by ap_clk  {rise@0.000ns fall@5.000ns period=10.000ns})
  Path Group:             (none)
  Path Type:              Hold (Min at Fast Process Corner)
  Data Path Delay:        0.011ns  (logic 0.000ns (0.000%)  route 0.011ns (100.000%))
  Logic Levels:           0  
  Clock Path Skew:        0.021ns (DCD - SCD - CPR)
    Destination Clock Delay (DCD):    0.021ns
    Source Clock Delay      (SCD):    0.000ns
    Clock Pessimism Removal (CPR):    -0.000ns

    Location             Delay type                Incr(ns)  Path(ns)    Netlist Resource(s)
  -------------------------------------------------------------------    -------------------
                                                      0.000     0.000 f  ap_rst_n (IN)
                         net (fo=12, unset)           0.011     0.011    bd_0_i/hls_inst/inst/grp_FIR_HLS_Pipeline_VITIS_LOOP_28_2_fu_40/SR[0]
    SLICE_X24Y46         FDRE                                         r  bd_0_i/hls_inst/inst/grp_FIR_HLS_Pipeline_VITIS_LOOP_28_2_fu_40/ap_CS_fsm_reg[1]/R  (IS_INVERTED)
  -------------------------------------------------------------------    -------------------

                         (clock ap_clk rise edge)     0.000     0.000 r  
                                                      0.000     0.000 r  ap_clk (IN)
                         net (fo=12, unset)           0.021     0.021    bd_0_i/hls_inst/inst/grp_FIR_HLS_Pipeline_VITIS_LOOP_28_2_fu_40/ap_clk
    SLICE_X24Y46         FDRE                                         r  bd_0_i/hls_inst/inst/grp_FIR_HLS_Pipeline_VITIS_LOOP_28_2_fu_40/ap_CS_fsm_reg[1]/C

Slack:                    inf
  Source:                 ap_rst_n
                            (input port)
  Destination:            bd_0_i/hls_inst/inst/grp_FIR_HLS_Pipeline_VITIS_LOOP_28_2_fu_40_ap_start_reg_reg/R
                            (rising edge-triggered cell FDRE clocked by ap_clk  {rise@0.000ns fall@5.000ns period=10.000ns})
  Path Group:             (none)
  Path Type:              Hold (Min at Fast Process Corner)
  Data Path Delay:        0.011ns  (logic 0.000ns (0.000%)  route 0.011ns (100.000%))
  Logic Levels:           0  
  Clock Path Skew:        0.021ns (DCD - SCD - CPR)
    Destination Clock Delay (DCD):    0.021ns
    Source Clock Delay      (SCD):    0.000ns
    Clock Pessimism Removal (CPR):    -0.000ns

    Location             Delay type                Incr(ns)  Path(ns)    Netlist Resource(s)
  -------------------------------------------------------------------    -------------------
                                                      0.000     0.000 f  ap_rst_n (IN)
                         net (fo=12, unset)           0.011     0.011    bd_0_i/hls_inst/inst/ap_rst_n_inv
    SLICE_X24Y46         FDRE                                         r  bd_0_i/hls_inst/inst/grp_FIR_HLS_Pipeline_VITIS_LOOP_28_2_fu_40_ap_start_reg_reg/R  (IS_INVERTED)
  -------------------------------------------------------------------    -------------------

                         (clock ap_clk rise edge)     0.000     0.000 r  
                                                      0.000     0.000 r  ap_clk (IN)
                         net (fo=12, unset)           0.021     0.021    bd_0_i/hls_inst/inst/ap_clk
    SLICE_X24Y46         FDRE                                         r  bd_0_i/hls_inst/inst/grp_FIR_HLS_Pipeline_VITIS_LOOP_28_2_fu_40_ap_start_reg_reg/C

Slack:                    inf
  Source:                 ap_rst_n
                            (input port)
  Destination:            bd_0_i/hls_inst/inst/regslice_both_input_r_U/FSM_sequential_state_reg[0]/S
                            (rising edge-triggered cell FDSE clocked by ap_clk  {rise@0.000ns fall@5.000ns period=10.000ns})
  Path Group:             (none)
  Path Type:              Hold (Min at Fast Process Corner)
  Data Path Delay:        0.011ns  (logic 0.000ns (0.000%)  route 0.011ns (100.000%))
  Logic Levels:           0  
  Clock Path Skew:        0.021ns (DCD - SCD - CPR)
    Destination Clock Delay (DCD):    0.021ns
    Source Clock Delay      (SCD):    0.000ns
    Clock Pessimism Removal (CPR):    -0.000ns

    Location             Delay type                Incr(ns)  Path(ns)    Netlist Resource(s)
  -------------------------------------------------------------------    -------------------
                                                      0.000     0.000 f  ap_rst_n (IN)
                         net (fo=12, unset)           0.011     0.011    bd_0_i/hls_inst/inst/regslice_both_input_r_U/ap_rst_n
    SLICE_X24Y46         FDSE                                         r  bd_0_i/hls_inst/inst/regslice_both_input_r_U/FSM_sequential_state_reg[0]/S  (IS_INVERTED)
  -------------------------------------------------------------------    -------------------

                         (clock ap_clk rise edge)     0.000     0.000 r  
                                                      0.000     0.000 r  ap_clk (IN)
                         net (fo=12, unset)           0.021     0.021    bd_0_i/hls_inst/inst/regslice_both_input_r_U/ap_clk
    SLICE_X24Y46         FDSE                                         r  bd_0_i/hls_inst/inst/regslice_both_input_r_U/FSM_sequential_state_reg[0]/C

Slack:                    inf
  Source:                 ap_rst_n
                            (input port)
  Destination:            bd_0_i/hls_inst/inst/regslice_both_input_r_U/FSM_sequential_state_reg[1]/R
                            (rising edge-triggered cell FDRE clocked by ap_clk  {rise@0.000ns fall@5.000ns period=10.000ns})
  Path Group:             (none)
  Path Type:              Hold (Min at Fast Process Corner)
  Data Path Delay:        0.011ns  (logic 0.000ns (0.000%)  route 0.011ns (100.000%))
  Logic Levels:           0  
  Clock Path Skew:        0.021ns (DCD - SCD - CPR)
    Destination Clock Delay (DCD):    0.021ns
    Source Clock Delay      (SCD):    0.000ns
    Clock Pessimism Removal (CPR):    -0.000ns

    Location             Delay type                Incr(ns)  Path(ns)    Netlist Resource(s)
  -------------------------------------------------------------------    -------------------
                                                      0.000     0.000 f  ap_rst_n (IN)
                         net (fo=12, unset)           0.011     0.011    bd_0_i/hls_inst/inst/regslice_both_input_r_U/ap_rst_n
    SLICE_X24Y46         FDRE                                         r  bd_0_i/hls_inst/inst/regslice_both_input_r_U/FSM_sequential_state_reg[1]/R  (IS_INVERTED)
  -------------------------------------------------------------------    -------------------

                         (clock ap_clk rise edge)     0.000     0.000 r  
                                                      0.000     0.000 r  ap_clk (IN)
                         net (fo=12, unset)           0.021     0.021    bd_0_i/hls_inst/inst/regslice_both_input_r_U/ap_clk
    SLICE_X24Y46         FDRE                                         r  bd_0_i/hls_inst/inst/regslice_both_input_r_U/FSM_sequential_state_reg[1]/C





