Copyright 1986-2022 Xilinx, Inc. All Rights Reserved. Copyright 2022-2024 Advanced Micro Devices, Inc. All Rights Reserved.
--------------------------------------------------------------------------------------------------------------------------------------------------------------------------------------------------------------------------------------
| Tool Version      : Vivado v.2024.2 (win64) Build 5239630 Fri Nov 08 22:35:27 MST 2024
| Date              : Mon Nov 24 00:04:03 2025
| Host              : DESKTOP-92OKADH running 64-bit major release  (build 9200)
| Command           : report_timing_summary -max_paths 10 -report_unconstrained -file bd_0_wrapper_timing_summary_routed.rpt -pb bd_0_wrapper_timing_summary_routed.pb -rpx bd_0_wrapper_timing_summary_routed.rpx -warn_on_violation
| Design            : bd_0_wrapper
| Device            : xck26-sfvc784
| Speed File        : -2LV  PRODUCTION 1.30 05-15-2022
| Design State      : Routed
| Temperature Grade : C
--------------------------------------------------------------------------------------------------------------------------------------------------------------------------------------------------------------------------------------

Timing Summary Report

------------------------------------------------------------------------------------------------
| Timer Settings
| --------------
------------------------------------------------------------------------------------------------

  Enable Multi Corner Analysis               :  Yes
  Enable Pessimism Removal                   :  Yes
  Pessimism Removal Resolution               :  Nearest Common Node
  Enable Input Delay Default Clock           :  No
  Enable Preset / Clear Arcs                 :  No
  Disable Flight Delays                      :  No
  Ignore I/O Paths                           :  No
  Timing Early Launch at Borrowing Latches   :  No
  Borrow Time for Max Delay Exceptions       :  Yes
  Merge Timing Exceptions                    :  Yes
  Inter-SLR Compensation                     :  Conservative

  Corner  Analyze    Analyze    
  Name    Max Paths  Min Paths  
  ------  ---------  ---------  
  Slow    Yes        Yes        
  Fast    Yes        Yes        


------------------------------------------------------------------------------------------------
| Report Methodology
| ------------------
------------------------------------------------------------------------------------------------

Rule       Severity  Description                    Violations  
---------  --------  -----------------------------  ----------  
TIMING-18  Warning   Missing input or output delay  37          

Note: This report is based on the most recent report_methodology run and may not be up-to-date. Run report_methodology on the current design for the latest report.



check_timing report

Table of Contents
-----------------
1. checking no_clock (0)
2. checking constant_clock (0)
3. checking pulse_width_clock (0)
4. checking unconstrained_internal_endpoints (0)
5. checking no_input_delay (19)
6. checking no_output_delay (18)
7. checking multiple_clock (0)
8. checking generated_clocks (0)
9. checking loops (0)
10. checking partial_input_delay (0)
11. checking partial_output_delay (0)
12. checking latch_loops (0)

1. checking no_clock (0)
------------------------
 There are 0 register/latch pins with no clock.


2. checking constant_clock (0)
------------------------------
 There are 0 register/latch pins with constant_clock.


3. checking pulse_width_clock (0)
---------------------------------
 There are 0 register/latch pins which need pulse_width check


4. checking unconstrained_internal_endpoints (0)
------------------------------------------------
 There are 0 pins that are not constrained for maximum delay.

 There are 0 pins that are not constrained for maximum delay due to constant clock.


5. checking no_input_delay (19)
-------------------------------
 There are 19 input ports with no input delay specified. (HIGH)

 There are 0 input ports with no input delay but user has a false path constraint.


6. checking no_output_delay (18)
--------------------------------
 There are 18 ports with no output delay specified. (HIGH)

 There are 0 ports with no output delay but user has a false path constraint

 There are 0 ports with no output delay but with a timing clock defined on it or propagating through it


7. checking multiple_clock (0)
------------------------------
 There are 0 register/latch pins with multiple clocks.


8. checking generated_clocks (0)
--------------------------------
 There are 0 generated clocks that are not connected to a clock source.


9. checking loops (0)
---------------------
 There are 0 combinational loops in the design.


10. checking partial_input_delay (0)
------------------------------------
 There are 0 input ports with partial input delay specified.


11. checking partial_output_delay (0)
-------------------------------------
 There are 0 ports with partial output delay specified.


12. checking latch_loops (0)
----------------------------
 There are 0 combinational latch loops in the design through latch input



------------------------------------------------------------------------------------------------
| Design Timing Summary
| ---------------------
------------------------------------------------------------------------------------------------

    WNS(ns)      TNS(ns)  TNS Failing Endpoints  TNS Total Endpoints      WHS(ns)      THS(ns)  THS Failing Endpoints  THS Total Endpoints     WPWS(ns)     TPWS(ns)  TPWS Failing Endpoints  TPWS Total Endpoints  
    -------      -------  ---------------------  -------------------      -------      -------  ---------------------  -------------------     --------     --------  ----------------------  --------------------  
      3.720        0.000                      0                12930        0.046        0.000                      0                12930        4.238        0.000                       0                  1415  


All user specified timing constraints are met.


------------------------------------------------------------------------------------------------
| Clock Summary
| -------------
------------------------------------------------------------------------------------------------

Clock   Waveform(ns)       Period(ns)      Frequency(MHz)
-----   ------------       ----------      --------------
ap_clk  {0.000 5.000}      10.000          100.000         


------------------------------------------------------------------------------------------------
| Intra Clock Table
| -----------------
------------------------------------------------------------------------------------------------

Clock             WNS(ns)      TNS(ns)  TNS Failing Endpoints  TNS Total Endpoints      WHS(ns)      THS(ns)  THS Failing Endpoints  THS Total Endpoints     WPWS(ns)     TPWS(ns)  TPWS Failing Endpoints  TPWS Total Endpoints  
-----             -------      -------  ---------------------  -------------------      -------      -------  ---------------------  -------------------     --------     --------  ----------------------  --------------------  
ap_clk              3.720        0.000                      0                12930        0.046        0.000                      0                12930        4.238        0.000                       0                  1415  


------------------------------------------------------------------------------------------------
| Inter Clock Table
| -----------------
------------------------------------------------------------------------------------------------

From Clock    To Clock          WNS(ns)      TNS(ns)  TNS Failing Endpoints  TNS Total Endpoints      WHS(ns)      THS(ns)  THS Failing Endpoints  THS Total Endpoints  
----------    --------          -------      -------  ---------------------  -------------------      -------      -------  ---------------------  -------------------  


------------------------------------------------------------------------------------------------
| Other Path Groups Table
| -----------------------
------------------------------------------------------------------------------------------------

Path Group    From Clock    To Clock          WNS(ns)      TNS(ns)  TNS Failing Endpoints  TNS Total Endpoints      WHS(ns)      THS(ns)  THS Failing Endpoints  THS Total Endpoints  
----------    ----------    --------          -------      -------  ---------------------  -------------------      -------      -------  ---------------------  -------------------  


------------------------------------------------------------------------------------------------
| User Ignored Path Table
| -----------------------
------------------------------------------------------------------------------------------------

Path Group    From Clock    To Clock    
----------    ----------    --------    


------------------------------------------------------------------------------------------------
| Unconstrained Path Table
| ------------------------
------------------------------------------------------------------------------------------------

Path Group    From Clock    To Clock    
----------    ----------    --------    
(none)        ap_clk                      
(none)                      ap_clk        


------------------------------------------------------------------------------------------------
| Timing Details
| --------------
------------------------------------------------------------------------------------------------


---------------------------------------------------------------------------------------------------
From Clock:  ap_clk
  To Clock:  ap_clk

Setup :            0  Failing Endpoints,  Worst Slack        3.720ns,  Total Violation        0.000ns
Hold  :            0  Failing Endpoints,  Worst Slack        0.046ns,  Total Violation        0.000ns
PW    :            0  Failing Endpoints,  Worst Slack        4.238ns,  Total Violation        0.000ns
---------------------------------------------------------------------------------------------------


Max Delay Paths
--------------------------------------------------------------------------------------
Slack (MET) :             3.720ns  (required time - arrival time)
  Source:                 bd_0_i/hls_inst/inst/H_dec_2_20_V_U/FIR_Halfband_v2_H_dec_2_20_V_SHIFTREG_AUTO_0R0W_core_U/ShiftRegMem_reg[2][2]/C
                            (rising edge-triggered cell FDRE clocked by ap_clk  {rise@0.000ns fall@5.000ns period=10.000ns})
  Destination:            bd_0_i/hls_inst/inst/p_2_FIR_filter_transposed_fu_448/p_ZL10H_accu_FIR_16_reg/DSP_A_B_DATA_INST/A[19]
                            (rising edge-triggered cell DSP_A_B_DATA clocked by ap_clk  {rise@0.000ns fall@5.000ns period=10.000ns})
  Path Group:             ap_clk
  Path Type:              Setup (Max at Slow Process Corner)
  Requirement:            10.000ns  (ap_clk rise@10.000ns - ap_clk rise@0.000ns)
  Data Path Delay:        5.760ns  (logic 0.977ns (16.961%)  route 4.783ns (83.039%))
  Logic Levels:           4  (CARRY8=1 LUT4=2 LUT6=1)
  Clock Path Skew:        0.013ns (DCD - SCD + CPR)
    Destination Clock Delay (DCD):    0.055ns = ( 10.055 - 10.000 ) 
    Source Clock Delay      (SCD):    0.042ns
    Clock Pessimism Removal (CPR):    0.000ns
  Clock Uncertainty:      0.035ns  ((TSJ^2 + TIJ^2)^1/2 + DJ) / 2 + PE
    Total System Jitter     (TSJ):    0.071ns
    Total Input Jitter      (TIJ):    0.000ns
    Discrete Jitter          (DJ):    0.000ns
    Phase Error              (PE):    0.000ns

    Location             Delay type                Incr(ns)  Path(ns)    Netlist Resource(s)
  -------------------------------------------------------------------    -------------------
                         (clock ap_clk rise edge)     0.000     0.000 r  
                                                      0.000     0.000 r  ap_clk (IN)
                         net (fo=1950, unset)         0.042     0.042    bd_0_i/hls_inst/inst/H_dec_2_20_V_U/FIR_Halfband_v2_H_dec_2_20_V_SHIFTREG_AUTO_0R0W_core_U/ap_clk
    SLICE_X6Y161         FDRE                                         r  bd_0_i/hls_inst/inst/H_dec_2_20_V_U/FIR_Halfband_v2_H_dec_2_20_V_SHIFTREG_AUTO_0R0W_core_U/ShiftRegMem_reg[2][2]/C
  -------------------------------------------------------------------    -------------------
    SLICE_X6Y161         FDRE (Prop_FFF2_SLICEL_C_Q)
                                                      0.117     0.159 f  bd_0_i/hls_inst/inst/H_dec_2_20_V_U/FIR_Halfband_v2_H_dec_2_20_V_SHIFTREG_AUTO_0R0W_core_U/ShiftRegMem_reg[2][2]/Q
                         net (fo=5, routed)           0.362     0.521    bd_0_i/hls_inst/inst/H_dec_2_20_V_U/FIR_Halfband_v2_H_dec_2_20_V_SHIFTREG_AUTO_0R0W_core_U/ShiftRegMem_reg[2][2]
    SLICE_X6Y161         LUT6 (Prop_G6LUT_SLICEL_I1_O)
                                                      0.226     0.747 r  bd_0_i/hls_inst/inst/H_dec_2_20_V_U/FIR_Halfband_v2_H_dec_2_20_V_SHIFTREG_AUTO_0R0W_core_U/tmp_product_i_24/O
                         net (fo=6, routed)           0.355     1.103    bd_0_i/hls_inst/inst/H_dec_2_20_V_U/FIR_Halfband_v2_H_dec_2_20_V_SHIFTREG_AUTO_0R0W_core_U/tmp_product_i_24_n_0
    SLICE_X6Y161         LUT4 (Prop_D5LUT_SLICEL_I1_O)
                                                      0.152     1.255 r  bd_0_i/hls_inst/inst/H_dec_2_20_V_U/FIR_Halfband_v2_H_dec_2_20_V_SHIFTREG_AUTO_0R0W_core_U/tmp_product_i_23/O
                         net (fo=1, routed)           0.290     1.545    bd_0_i/hls_inst/inst/H_dec_2_20_V_U/FIR_Halfband_v2_H_dec_2_20_V_SHIFTREG_AUTO_0R0W_core_U/tmp_product_i_23_n_0
    SLICE_X5Y162         LUT4 (Prop_A6LUT_SLICEM_I2_O)
                                                      0.138     1.683 r  bd_0_i/hls_inst/inst/H_dec_2_20_V_U/FIR_Halfband_v2_H_dec_2_20_V_SHIFTREG_AUTO_0R0W_core_U/tmp_product_i_10/O
                         net (fo=1, routed)           0.017     1.700    bd_0_i/hls_inst/inst/H_dec_2_20_V_U/FIR_Halfband_v2_H_dec_2_20_V_SHIFTREG_AUTO_0R0W_core_U/tmp_product_i_10_n_0
    SLICE_X5Y162         CARRY8 (Prop_CARRY8_SLICEM_S[0]_O[7])
                                                      0.344     2.044 r  bd_0_i/hls_inst/inst/H_dec_2_20_V_U/FIR_Halfband_v2_H_dec_2_20_V_SHIFTREG_AUTO_0R0W_core_U/tmp_product_i_1/O[7]
                         net (fo=1486, routed)        3.758     5.802    bd_0_i/hls_inst/inst/p_2_FIR_filter_transposed_fu_448/p_ZL10H_accu_FIR_16_reg/A[19]
    DSP48E2_X0Y80        DSP_A_B_DATA                                 r  bd_0_i/hls_inst/inst/p_2_FIR_filter_transposed_fu_448/p_ZL10H_accu_FIR_16_reg/DSP_A_B_DATA_INST/A[19]
  -------------------------------------------------------------------    -------------------

                         (clock ap_clk rise edge)    10.000    10.000 r  
                                                      0.000    10.000 r  ap_clk (IN)
                         net (fo=1950, unset)         0.055    10.055    bd_0_i/hls_inst/inst/p_2_FIR_filter_transposed_fu_448/p_ZL10H_accu_FIR_16_reg/CLK
    DSP48E2_X0Y80        DSP_A_B_DATA                                 r  bd_0_i/hls_inst/inst/p_2_FIR_filter_transposed_fu_448/p_ZL10H_accu_FIR_16_reg/DSP_A_B_DATA_INST/CLK
                         clock pessimism              0.000    10.055    
                         clock uncertainty           -0.035    10.020    
    DSP48E2_X0Y80        DSP_A_B_DATA (Setup_DSP_A_B_DATA_DSP48E2_CLK_A[19])
                                                     -0.497     9.523    bd_0_i/hls_inst/inst/p_2_FIR_filter_transposed_fu_448/p_ZL10H_accu_FIR_16_reg/DSP_A_B_DATA_INST
  -------------------------------------------------------------------
                         required time                          9.523    
                         arrival time                          -5.802    
  -------------------------------------------------------------------
                         slack                                  3.720    

Slack (MET) :             3.829ns  (required time - arrival time)
  Source:                 bd_0_i/hls_inst/inst/H_dec_2_20_V_U/FIR_Halfband_v2_H_dec_2_20_V_SHIFTREG_AUTO_0R0W_core_U/ShiftRegMem_reg[2][2]/C
                            (rising edge-triggered cell FDRE clocked by ap_clk  {rise@0.000ns fall@5.000ns period=10.000ns})
  Destination:            bd_0_i/hls_inst/inst/p_2_FIR_filter_transposed_fu_448/p_ZL10H_accu_FIR_93_reg/DSP_A_B_DATA_INST/A[8]
                            (rising edge-triggered cell DSP_A_B_DATA clocked by ap_clk  {rise@0.000ns fall@5.000ns period=10.000ns})
  Path Group:             ap_clk
  Path Type:              Setup (Max at Slow Process Corner)
  Requirement:            10.000ns  (ap_clk rise@10.000ns - ap_clk rise@0.000ns)
  Data Path Delay:        5.634ns  (logic 0.720ns (12.780%)  route 4.914ns (87.220%))
  Logic Levels:           4  (CARRY8=1 LUT4=2 LUT6=1)
  Clock Path Skew:        0.013ns (DCD - SCD + CPR)
    Destination Clock Delay (DCD):    0.055ns = ( 10.055 - 10.000 ) 
    Source Clock Delay      (SCD):    0.042ns
    Clock Pessimism Removal (CPR):    0.000ns
  Clock Uncertainty:      0.035ns  ((TSJ^2 + TIJ^2)^1/2 + DJ) / 2 + PE
    Total System Jitter     (TSJ):    0.071ns
    Total Input Jitter      (TIJ):    0.000ns
    Discrete Jitter          (DJ):    0.000ns
    Phase Error              (PE):    0.000ns

    Location             Delay type                Incr(ns)  Path(ns)    Netlist Resource(s)
  -------------------------------------------------------------------    -------------------
                         (clock ap_clk rise edge)     0.000     0.000 r  
                                                      0.000     0.000 r  ap_clk (IN)
                         net (fo=1950, unset)         0.042     0.042    bd_0_i/hls_inst/inst/H_dec_2_20_V_U/FIR_Halfband_v2_H_dec_2_20_V_SHIFTREG_AUTO_0R0W_core_U/ap_clk
    SLICE_X6Y161         FDRE                                         r  bd_0_i/hls_inst/inst/H_dec_2_20_V_U/FIR_Halfband_v2_H_dec_2_20_V_SHIFTREG_AUTO_0R0W_core_U/ShiftRegMem_reg[2][2]/C
  -------------------------------------------------------------------    -------------------
    SLICE_X6Y161         FDRE (Prop_FFF2_SLICEL_C_Q)
                                                      0.117     0.159 f  bd_0_i/hls_inst/inst/H_dec_2_20_V_U/FIR_Halfband_v2_H_dec_2_20_V_SHIFTREG_AUTO_0R0W_core_U/ShiftRegMem_reg[2][2]/Q
                         net (fo=5, routed)           0.362     0.521    bd_0_i/hls_inst/inst/H_dec_2_20_V_U/FIR_Halfband_v2_H_dec_2_20_V_SHIFTREG_AUTO_0R0W_core_U/ShiftRegMem_reg[2][2]
    SLICE_X6Y161         LUT6 (Prop_G6LUT_SLICEL_I1_O)
                                                      0.226     0.747 r  bd_0_i/hls_inst/inst/H_dec_2_20_V_U/FIR_Halfband_v2_H_dec_2_20_V_SHIFTREG_AUTO_0R0W_core_U/tmp_product_i_24/O
                         net (fo=6, routed)           0.355     1.103    bd_0_i/hls_inst/inst/H_dec_2_20_V_U/FIR_Halfband_v2_H_dec_2_20_V_SHIFTREG_AUTO_0R0W_core_U/tmp_product_i_24_n_0
    SLICE_X6Y161         LUT4 (Prop_D5LUT_SLICEL_I1_O)
                                                      0.152     1.255 r  bd_0_i/hls_inst/inst/H_dec_2_20_V_U/FIR_Halfband_v2_H_dec_2_20_V_SHIFTREG_AUTO_0R0W_core_U/tmp_product_i_23/O
                         net (fo=1, routed)           0.290     1.545    bd_0_i/hls_inst/inst/H_dec_2_20_V_U/FIR_Halfband_v2_H_dec_2_20_V_SHIFTREG_AUTO_0R0W_core_U/tmp_product_i_23_n_0
    SLICE_X5Y162         LUT4 (Prop_A6LUT_SLICEM_I2_O)
                                                      0.138     1.683 r  bd_0_i/hls_inst/inst/H_dec_2_20_V_U/FIR_Halfband_v2_H_dec_2_20_V_SHIFTREG_AUTO_0R0W_core_U/tmp_product_i_10/O
                         net (fo=1, routed)           0.017     1.700    bd_0_i/hls_inst/inst/H_dec_2_20_V_U/FIR_Halfband_v2_H_dec_2_20_V_SHIFTREG_AUTO_0R0W_core_U/tmp_product_i_10_n_0
    SLICE_X5Y162         CARRY8 (Prop_CARRY8_SLICEM_S[0]_O[0])
                                                      0.087     1.787 r  bd_0_i/hls_inst/inst/H_dec_2_20_V_U/FIR_Halfband_v2_H_dec_2_20_V_SHIFTREG_AUTO_0R0W_core_U/tmp_product_i_1/O[0]
                         net (fo=100, routed)         3.889     5.676    bd_0_i/hls_inst/inst/p_2_FIR_filter_transposed_fu_448/p_ZL10H_accu_FIR_93_reg/A[8]
    DSP48E2_X0Y29        DSP_A_B_DATA                                 r  bd_0_i/hls_inst/inst/p_2_FIR_filter_transposed_fu_448/p_ZL10H_accu_FIR_93_reg/DSP_A_B_DATA_INST/A[8]
  -------------------------------------------------------------------    -------------------

                         (clock ap_clk rise edge)    10.000    10.000 r  
                                                      0.000    10.000 r  ap_clk (IN)
                         net (fo=1950, unset)         0.055    10.055    bd_0_i/hls_inst/inst/p_2_FIR_filter_transposed_fu_448/p_ZL10H_accu_FIR_93_reg/CLK
    DSP48E2_X0Y29        DSP_A_B_DATA                                 r  bd_0_i/hls_inst/inst/p_2_FIR_filter_transposed_fu_448/p_ZL10H_accu_FIR_93_reg/DSP_A_B_DATA_INST/CLK
                         clock pessimism              0.000    10.055    
                         clock uncertainty           -0.035    10.020    
    DSP48E2_X0Y29        DSP_A_B_DATA (Setup_DSP_A_B_DATA_DSP48E2_CLK_A[8])
                                                     -0.515     9.505    bd_0_i/hls_inst/inst/p_2_FIR_filter_transposed_fu_448/p_ZL10H_accu_FIR_93_reg/DSP_A_B_DATA_INST
  -------------------------------------------------------------------
                         required time                          9.505    
                         arrival time                          -5.676    
  -------------------------------------------------------------------
                         slack                                  3.829    

Slack (MET) :             3.900ns  (required time - arrival time)
  Source:                 bd_0_i/hls_inst/inst/H_dec_2_20_V_U/FIR_Halfband_v2_H_dec_2_20_V_SHIFTREG_AUTO_0R0W_core_U/ShiftRegMem_reg[2][2]/C
                            (rising edge-triggered cell FDRE clocked by ap_clk  {rise@0.000ns fall@5.000ns period=10.000ns})
  Destination:            bd_0_i/hls_inst/inst/p_2_FIR_filter_transposed_fu_448/p_ZL10H_accu_FIR_94_reg/DSP_A_B_DATA_INST/A[11]
                            (rising edge-triggered cell DSP_A_B_DATA clocked by ap_clk  {rise@0.000ns fall@5.000ns period=10.000ns})
  Path Group:             ap_clk
  Path Type:              Setup (Max at Slow Process Corner)
  Requirement:            10.000ns  (ap_clk rise@10.000ns - ap_clk rise@0.000ns)
  Data Path Delay:        5.571ns  (logic 0.838ns (15.042%)  route 4.733ns (84.958%))
  Logic Levels:           4  (CARRY8=1 LUT4=2 LUT6=1)
  Clock Path Skew:        0.013ns (DCD - SCD + CPR)
    Destination Clock Delay (DCD):    0.055ns = ( 10.055 - 10.000 ) 
    Source Clock Delay      (SCD):    0.042ns
    Clock Pessimism Removal (CPR):    0.000ns
  Clock Uncertainty:      0.035ns  ((TSJ^2 + TIJ^2)^1/2 + DJ) / 2 + PE
    Total System Jitter     (TSJ):    0.071ns
    Total Input Jitter      (TIJ):    0.000ns
    Discrete Jitter          (DJ):    0.000ns
    Phase Error              (PE):    0.000ns

    Location             Delay type                Incr(ns)  Path(ns)    Netlist Resource(s)
  -------------------------------------------------------------------    -------------------
                         (clock ap_clk rise edge)     0.000     0.000 r  
                                                      0.000     0.000 r  ap_clk (IN)
                         net (fo=1950, unset)         0.042     0.042    bd_0_i/hls_inst/inst/H_dec_2_20_V_U/FIR_Halfband_v2_H_dec_2_20_V_SHIFTREG_AUTO_0R0W_core_U/ap_clk
    SLICE_X6Y161         FDRE                                         r  bd_0_i/hls_inst/inst/H_dec_2_20_V_U/FIR_Halfband_v2_H_dec_2_20_V_SHIFTREG_AUTO_0R0W_core_U/ShiftRegMem_reg[2][2]/C
  -------------------------------------------------------------------    -------------------
    SLICE_X6Y161         FDRE (Prop_FFF2_SLICEL_C_Q)
                                                      0.117     0.159 f  bd_0_i/hls_inst/inst/H_dec_2_20_V_U/FIR_Halfband_v2_H_dec_2_20_V_SHIFTREG_AUTO_0R0W_core_U/ShiftRegMem_reg[2][2]/Q
                         net (fo=5, routed)           0.362     0.521    bd_0_i/hls_inst/inst/H_dec_2_20_V_U/FIR_Halfband_v2_H_dec_2_20_V_SHIFTREG_AUTO_0R0W_core_U/ShiftRegMem_reg[2][2]
    SLICE_X6Y161         LUT6 (Prop_G6LUT_SLICEL_I1_O)
                                                      0.226     0.747 r  bd_0_i/hls_inst/inst/H_dec_2_20_V_U/FIR_Halfband_v2_H_dec_2_20_V_SHIFTREG_AUTO_0R0W_core_U/tmp_product_i_24/O
                         net (fo=6, routed)           0.355     1.103    bd_0_i/hls_inst/inst/H_dec_2_20_V_U/FIR_Halfband_v2_H_dec_2_20_V_SHIFTREG_AUTO_0R0W_core_U/tmp_product_i_24_n_0
    SLICE_X6Y161         LUT4 (Prop_D5LUT_SLICEL_I1_O)
                                                      0.152     1.255 r  bd_0_i/hls_inst/inst/H_dec_2_20_V_U/FIR_Halfband_v2_H_dec_2_20_V_SHIFTREG_AUTO_0R0W_core_U/tmp_product_i_23/O
                         net (fo=1, routed)           0.290     1.545    bd_0_i/hls_inst/inst/H_dec_2_20_V_U/FIR_Halfband_v2_H_dec_2_20_V_SHIFTREG_AUTO_0R0W_core_U/tmp_product_i_23_n_0
    SLICE_X5Y162         LUT4 (Prop_A6LUT_SLICEM_I2_O)
                                                      0.138     1.683 r  bd_0_i/hls_inst/inst/H_dec_2_20_V_U/FIR_Halfband_v2_H_dec_2_20_V_SHIFTREG_AUTO_0R0W_core_U/tmp_product_i_10/O
                         net (fo=1, routed)           0.017     1.700    bd_0_i/hls_inst/inst/H_dec_2_20_V_U/FIR_Halfband_v2_H_dec_2_20_V_SHIFTREG_AUTO_0R0W_core_U/tmp_product_i_10_n_0
    SLICE_X5Y162         CARRY8 (Prop_CARRY8_SLICEM_S[0]_O[3])
                                                      0.205     1.905 r  bd_0_i/hls_inst/inst/H_dec_2_20_V_U/FIR_Halfband_v2_H_dec_2_20_V_SHIFTREG_AUTO_0R0W_core_U/tmp_product_i_1/O[3]
                         net (fo=100, routed)         3.708     5.613    bd_0_i/hls_inst/inst/p_2_FIR_filter_transposed_fu_448/p_ZL10H_accu_FIR_94_reg/A[11]
    DSP48E2_X0Y28        DSP_A_B_DATA                                 r  bd_0_i/hls_inst/inst/p_2_FIR_filter_transposed_fu_448/p_ZL10H_accu_FIR_94_reg/DSP_A_B_DATA_INST/A[11]
  -------------------------------------------------------------------    -------------------

                         (clock ap_clk rise edge)    10.000    10.000 r  
                                                      0.000    10.000 r  ap_clk (IN)
                         net (fo=1950, unset)         0.055    10.055    bd_0_i/hls_inst/inst/p_2_FIR_filter_transposed_fu_448/p_ZL10H_accu_FIR_94_reg/CLK
    DSP48E2_X0Y28        DSP_A_B_DATA                                 r  bd_0_i/hls_inst/inst/p_2_FIR_filter_transposed_fu_448/p_ZL10H_accu_FIR_94_reg/DSP_A_B_DATA_INST/CLK
                         clock pessimism              0.000    10.055    
                         clock uncertainty           -0.035    10.020    
    DSP48E2_X0Y28        DSP_A_B_DATA (Setup_DSP_A_B_DATA_DSP48E2_CLK_A[11])
                                                     -0.507     9.513    bd_0_i/hls_inst/inst/p_2_FIR_filter_transposed_fu_448/p_ZL10H_accu_FIR_94_reg/DSP_A_B_DATA_INST
  -------------------------------------------------------------------
                         required time                          9.513    
                         arrival time                          -5.613    
  -------------------------------------------------------------------
                         slack                                  3.900    

Slack (MET) :             3.941ns  (required time - arrival time)
  Source:                 bd_0_i/hls_inst/inst/H_dec_2_20_V_U/FIR_Halfband_v2_H_dec_2_20_V_SHIFTREG_AUTO_0R0W_core_U/ShiftRegMem_reg[2][2]/C
                            (rising edge-triggered cell FDRE clocked by ap_clk  {rise@0.000ns fall@5.000ns period=10.000ns})
  Destination:            bd_0_i/hls_inst/inst/p_2_FIR_filter_transposed_fu_448/p_ZL10H_accu_FIR_93_reg/DSP_A_B_DATA_INST/A[11]
                            (rising edge-triggered cell DSP_A_B_DATA clocked by ap_clk  {rise@0.000ns fall@5.000ns period=10.000ns})
  Path Group:             ap_clk
  Path Type:              Setup (Max at Slow Process Corner)
  Requirement:            10.000ns  (ap_clk rise@10.000ns - ap_clk rise@0.000ns)
  Data Path Delay:        5.530ns  (logic 0.838ns (15.154%)  route 4.692ns (84.846%))
  Logic Levels:           4  (CARRY8=1 LUT4=2 LUT6=1)
  Clock Path Skew:        0.013ns (DCD - SCD + CPR)
    Destination Clock Delay (DCD):    0.055ns = ( 10.055 - 10.000 ) 
    Source Clock Delay      (SCD):    0.042ns
    Clock Pessimism Removal (CPR):    0.000ns
  Clock Uncertainty:      0.035ns  ((TSJ^2 + TIJ^2)^1/2 + DJ) / 2 + PE
    Total System Jitter     (TSJ):    0.071ns
    Total Input Jitter      (TIJ):    0.000ns
    Discrete Jitter          (DJ):    0.000ns
    Phase Error              (PE):    0.000ns

    Location             Delay type                Incr(ns)  Path(ns)    Netlist Resource(s)
  -------------------------------------------------------------------    -------------------
                         (clock ap_clk rise edge)     0.000     0.000 r  
                                                      0.000     0.000 r  ap_clk (IN)
                         net (fo=1950, unset)         0.042     0.042    bd_0_i/hls_inst/inst/H_dec_2_20_V_U/FIR_Halfband_v2_H_dec_2_20_V_SHIFTREG_AUTO_0R0W_core_U/ap_clk
    SLICE_X6Y161         FDRE                                         r  bd_0_i/hls_inst/inst/H_dec_2_20_V_U/FIR_Halfband_v2_H_dec_2_20_V_SHIFTREG_AUTO_0R0W_core_U/ShiftRegMem_reg[2][2]/C
  -------------------------------------------------------------------    -------------------
    SLICE_X6Y161         FDRE (Prop_FFF2_SLICEL_C_Q)
                                                      0.117     0.159 f  bd_0_i/hls_inst/inst/H_dec_2_20_V_U/FIR_Halfband_v2_H_dec_2_20_V_SHIFTREG_AUTO_0R0W_core_U/ShiftRegMem_reg[2][2]/Q
                         net (fo=5, routed)           0.362     0.521    bd_0_i/hls_inst/inst/H_dec_2_20_V_U/FIR_Halfband_v2_H_dec_2_20_V_SHIFTREG_AUTO_0R0W_core_U/ShiftRegMem_reg[2][2]
    SLICE_X6Y161         LUT6 (Prop_G6LUT_SLICEL_I1_O)
                                                      0.226     0.747 r  bd_0_i/hls_inst/inst/H_dec_2_20_V_U/FIR_Halfband_v2_H_dec_2_20_V_SHIFTREG_AUTO_0R0W_core_U/tmp_product_i_24/O
                         net (fo=6, routed)           0.355     1.103    bd_0_i/hls_inst/inst/H_dec_2_20_V_U/FIR_Halfband_v2_H_dec_2_20_V_SHIFTREG_AUTO_0R0W_core_U/tmp_product_i_24_n_0
    SLICE_X6Y161         LUT4 (Prop_D5LUT_SLICEL_I1_O)
                                                      0.152     1.255 r  bd_0_i/hls_inst/inst/H_dec_2_20_V_U/FIR_Halfband_v2_H_dec_2_20_V_SHIFTREG_AUTO_0R0W_core_U/tmp_product_i_23/O
                         net (fo=1, routed)           0.290     1.545    bd_0_i/hls_inst/inst/H_dec_2_20_V_U/FIR_Halfband_v2_H_dec_2_20_V_SHIFTREG_AUTO_0R0W_core_U/tmp_product_i_23_n_0
    SLICE_X5Y162         LUT4 (Prop_A6LUT_SLICEM_I2_O)
                                                      0.138     1.683 r  bd_0_i/hls_inst/inst/H_dec_2_20_V_U/FIR_Halfband_v2_H_dec_2_20_V_SHIFTREG_AUTO_0R0W_core_U/tmp_product_i_10/O
                         net (fo=1, routed)           0.017     1.700    bd_0_i/hls_inst/inst/H_dec_2_20_V_U/FIR_Halfband_v2_H_dec_2_20_V_SHIFTREG_AUTO_0R0W_core_U/tmp_product_i_10_n_0
    SLICE_X5Y162         CARRY8 (Prop_CARRY8_SLICEM_S[0]_O[3])
                                                      0.205     1.905 r  bd_0_i/hls_inst/inst/H_dec_2_20_V_U/FIR_Halfband_v2_H_dec_2_20_V_SHIFTREG_AUTO_0R0W_core_U/tmp_product_i_1/O[3]
                         net (fo=100, routed)         3.667     5.572    bd_0_i/hls_inst/inst/p_2_FIR_filter_transposed_fu_448/p_ZL10H_accu_FIR_93_reg/A[11]
    DSP48E2_X0Y29        DSP_A_B_DATA                                 r  bd_0_i/hls_inst/inst/p_2_FIR_filter_transposed_fu_448/p_ZL10H_accu_FIR_93_reg/DSP_A_B_DATA_INST/A[11]
  -------------------------------------------------------------------    -------------------

                         (clock ap_clk rise edge)    10.000    10.000 r  
                                                      0.000    10.000 r  ap_clk (IN)
                         net (fo=1950, unset)         0.055    10.055    bd_0_i/hls_inst/inst/p_2_FIR_filter_transposed_fu_448/p_ZL10H_accu_FIR_93_reg/CLK
    DSP48E2_X0Y29        DSP_A_B_DATA                                 r  bd_0_i/hls_inst/inst/p_2_FIR_filter_transposed_fu_448/p_ZL10H_accu_FIR_93_reg/DSP_A_B_DATA_INST/CLK
                         clock pessimism              0.000    10.055    
                         clock uncertainty           -0.035    10.020    
    DSP48E2_X0Y29        DSP_A_B_DATA (Setup_DSP_A_B_DATA_DSP48E2_CLK_A[11])
                                                     -0.507     9.513    bd_0_i/hls_inst/inst/p_2_FIR_filter_transposed_fu_448/p_ZL10H_accu_FIR_93_reg/DSP_A_B_DATA_INST
  -------------------------------------------------------------------
                         required time                          9.513    
                         arrival time                          -5.572    
  -------------------------------------------------------------------
                         slack                                  3.941    

Slack (MET) :             3.951ns  (required time - arrival time)
  Source:                 bd_0_i/hls_inst/inst/H_dec_2_20_V_U/FIR_Halfband_v2_H_dec_2_20_V_SHIFTREG_AUTO_0R0W_core_U/ShiftRegMem_reg[2][2]/C
                            (rising edge-triggered cell FDRE clocked by ap_clk  {rise@0.000ns fall@5.000ns period=10.000ns})
  Destination:            bd_0_i/hls_inst/inst/p_2_FIR_filter_transposed_fu_448/p_ZL10H_accu_FIR_91_reg/DSP_A_B_DATA_INST/A[13]
                            (rising edge-triggered cell DSP_A_B_DATA clocked by ap_clk  {rise@0.000ns fall@5.000ns period=10.000ns})
  Path Group:             ap_clk
  Path Type:              Setup (Max at Slow Process Corner)
  Requirement:            10.000ns  (ap_clk rise@10.000ns - ap_clk rise@0.000ns)
  Data Path Delay:        5.501ns  (logic 0.976ns (17.742%)  route 4.525ns (82.258%))
  Logic Levels:           4  (CARRY8=1 LUT4=2 LUT6=1)
  Clock Path Skew:        0.013ns (DCD - SCD + CPR)
    Destination Clock Delay (DCD):    0.055ns = ( 10.055 - 10.000 ) 
    Source Clock Delay      (SCD):    0.042ns
    Clock Pessimism Removal (CPR):    0.000ns
  Clock Uncertainty:      0.035ns  ((TSJ^2 + TIJ^2)^1/2 + DJ) / 2 + PE
    Total System Jitter     (TSJ):    0.071ns
    Total Input Jitter      (TIJ):    0.000ns
    Discrete Jitter          (DJ):    0.000ns
    Phase Error              (PE):    0.000ns

    Location             Delay type                Incr(ns)  Path(ns)    Netlist Resource(s)
  -------------------------------------------------------------------    -------------------
                         (clock ap_clk rise edge)     0.000     0.000 r  
                                                      0.000     0.000 r  ap_clk (IN)
                         net (fo=1950, unset)         0.042     0.042    bd_0_i/hls_inst/inst/H_dec_2_20_V_U/FIR_Halfband_v2_H_dec_2_20_V_SHIFTREG_AUTO_0R0W_core_U/ap_clk
    SLICE_X6Y161         FDRE                                         r  bd_0_i/hls_inst/inst/H_dec_2_20_V_U/FIR_Halfband_v2_H_dec_2_20_V_SHIFTREG_AUTO_0R0W_core_U/ShiftRegMem_reg[2][2]/C
  -------------------------------------------------------------------    -------------------
    SLICE_X6Y161         FDRE (Prop_FFF2_SLICEL_C_Q)
                                                      0.117     0.159 f  bd_0_i/hls_inst/inst/H_dec_2_20_V_U/FIR_Halfband_v2_H_dec_2_20_V_SHIFTREG_AUTO_0R0W_core_U/ShiftRegMem_reg[2][2]/Q
                         net (fo=5, routed)           0.362     0.521    bd_0_i/hls_inst/inst/H_dec_2_20_V_U/FIR_Halfband_v2_H_dec_2_20_V_SHIFTREG_AUTO_0R0W_core_U/ShiftRegMem_reg[2][2]
    SLICE_X6Y161         LUT6 (Prop_G6LUT_SLICEL_I1_O)
                                                      0.226     0.747 r  bd_0_i/hls_inst/inst/H_dec_2_20_V_U/FIR_Halfband_v2_H_dec_2_20_V_SHIFTREG_AUTO_0R0W_core_U/tmp_product_i_24/O
                         net (fo=6, routed)           0.355     1.103    bd_0_i/hls_inst/inst/H_dec_2_20_V_U/FIR_Halfband_v2_H_dec_2_20_V_SHIFTREG_AUTO_0R0W_core_U/tmp_product_i_24_n_0
    SLICE_X6Y161         LUT4 (Prop_D5LUT_SLICEL_I1_O)
                                                      0.152     1.255 r  bd_0_i/hls_inst/inst/H_dec_2_20_V_U/FIR_Halfband_v2_H_dec_2_20_V_SHIFTREG_AUTO_0R0W_core_U/tmp_product_i_23/O
                         net (fo=1, routed)           0.290     1.545    bd_0_i/hls_inst/inst/H_dec_2_20_V_U/FIR_Halfband_v2_H_dec_2_20_V_SHIFTREG_AUTO_0R0W_core_U/tmp_product_i_23_n_0
    SLICE_X5Y162         LUT4 (Prop_A6LUT_SLICEM_I2_O)
                                                      0.138     1.683 r  bd_0_i/hls_inst/inst/H_dec_2_20_V_U/FIR_Halfband_v2_H_dec_2_20_V_SHIFTREG_AUTO_0R0W_core_U/tmp_product_i_10/O
                         net (fo=1, routed)           0.017     1.700    bd_0_i/hls_inst/inst/H_dec_2_20_V_U/FIR_Halfband_v2_H_dec_2_20_V_SHIFTREG_AUTO_0R0W_core_U/tmp_product_i_10_n_0
    SLICE_X5Y162         CARRY8 (Prop_CARRY8_SLICEM_S[0]_O[5])
                                                      0.343     2.043 r  bd_0_i/hls_inst/inst/H_dec_2_20_V_U/FIR_Halfband_v2_H_dec_2_20_V_SHIFTREG_AUTO_0R0W_core_U/tmp_product_i_1/O[5]
                         net (fo=100, routed)         3.500     5.543    bd_0_i/hls_inst/inst/p_2_FIR_filter_transposed_fu_448/p_ZL10H_accu_FIR_91_reg/A[13]
    DSP48E2_X0Y31        DSP_A_B_DATA                                 r  bd_0_i/hls_inst/inst/p_2_FIR_filter_transposed_fu_448/p_ZL10H_accu_FIR_91_reg/DSP_A_B_DATA_INST/A[13]
  -------------------------------------------------------------------    -------------------

                         (clock ap_clk rise edge)    10.000    10.000 r  
                                                      0.000    10.000 r  ap_clk (IN)
                         net (fo=1950, unset)         0.055    10.055    bd_0_i/hls_inst/inst/p_2_FIR_filter_transposed_fu_448/p_ZL10H_accu_FIR_91_reg/CLK
    DSP48E2_X0Y31        DSP_A_B_DATA                                 r  bd_0_i/hls_inst/inst/p_2_FIR_filter_transposed_fu_448/p_ZL10H_accu_FIR_91_reg/DSP_A_B_DATA_INST/CLK
                         clock pessimism              0.000    10.055    
                         clock uncertainty           -0.035    10.020    
    DSP48E2_X0Y31        DSP_A_B_DATA (Setup_DSP_A_B_DATA_DSP48E2_CLK_A[13])
                                                     -0.526     9.494    bd_0_i/hls_inst/inst/p_2_FIR_filter_transposed_fu_448/p_ZL10H_accu_FIR_91_reg/DSP_A_B_DATA_INST
  -------------------------------------------------------------------
                         required time                          9.494    
                         arrival time                          -5.543    
  -------------------------------------------------------------------
                         slack                                  3.951    

Slack (MET) :             3.951ns  (required time - arrival time)
  Source:                 bd_0_i/hls_inst/inst/H_dec_2_20_V_U/FIR_Halfband_v2_H_dec_2_20_V_SHIFTREG_AUTO_0R0W_core_U/ShiftRegMem_reg[2][2]/C
                            (rising edge-triggered cell FDRE clocked by ap_clk  {rise@0.000ns fall@5.000ns period=10.000ns})
  Destination:            bd_0_i/hls_inst/inst/p_2_FIR_filter_transposed_fu_448/p_ZL10H_accu_FIR_13_reg/DSP_A_B_DATA_INST/A[27]
                            (rising edge-triggered cell DSP_A_B_DATA clocked by ap_clk  {rise@0.000ns fall@5.000ns period=10.000ns})
  Path Group:             ap_clk
  Path Type:              Setup (Max at Slow Process Corner)
  Requirement:            10.000ns  (ap_clk rise@10.000ns - ap_clk rise@0.000ns)
  Data Path Delay:        5.493ns  (logic 0.977ns (17.787%)  route 4.516ns (82.213%))
  Logic Levels:           4  (CARRY8=1 LUT4=2 LUT6=1)
  Clock Path Skew:        0.013ns (DCD - SCD + CPR)
    Destination Clock Delay (DCD):    0.055ns = ( 10.055 - 10.000 ) 
    Source Clock Delay      (SCD):    0.042ns
    Clock Pessimism Removal (CPR):    0.000ns
  Clock Uncertainty:      0.035ns  ((TSJ^2 + TIJ^2)^1/2 + DJ) / 2 + PE
    Total System Jitter     (TSJ):    0.071ns
    Total Input Jitter      (TIJ):    0.000ns
    Discrete Jitter          (DJ):    0.000ns
    Phase Error              (PE):    0.000ns

    Location             Delay type                Incr(ns)  Path(ns)    Netlist Resource(s)
  -------------------------------------------------------------------    -------------------
                         (clock ap_clk rise edge)     0.000     0.000 r  
                                                      0.000     0.000 r  ap_clk (IN)
                         net (fo=1950, unset)         0.042     0.042    bd_0_i/hls_inst/inst/H_dec_2_20_V_U/FIR_Halfband_v2_H_dec_2_20_V_SHIFTREG_AUTO_0R0W_core_U/ap_clk
    SLICE_X6Y161         FDRE                                         r  bd_0_i/hls_inst/inst/H_dec_2_20_V_U/FIR_Halfband_v2_H_dec_2_20_V_SHIFTREG_AUTO_0R0W_core_U/ShiftRegMem_reg[2][2]/C
  -------------------------------------------------------------------    -------------------
    SLICE_X6Y161         FDRE (Prop_FFF2_SLICEL_C_Q)
                                                      0.117     0.159 f  bd_0_i/hls_inst/inst/H_dec_2_20_V_U/FIR_Halfband_v2_H_dec_2_20_V_SHIFTREG_AUTO_0R0W_core_U/ShiftRegMem_reg[2][2]/Q
                         net (fo=5, routed)           0.362     0.521    bd_0_i/hls_inst/inst/H_dec_2_20_V_U/FIR_Halfband_v2_H_dec_2_20_V_SHIFTREG_AUTO_0R0W_core_U/ShiftRegMem_reg[2][2]
    SLICE_X6Y161         LUT6 (Prop_G6LUT_SLICEL_I1_O)
                                                      0.226     0.747 r  bd_0_i/hls_inst/inst/H_dec_2_20_V_U/FIR_Halfband_v2_H_dec_2_20_V_SHIFTREG_AUTO_0R0W_core_U/tmp_product_i_24/O
                         net (fo=6, routed)           0.355     1.103    bd_0_i/hls_inst/inst/H_dec_2_20_V_U/FIR_Halfband_v2_H_dec_2_20_V_SHIFTREG_AUTO_0R0W_core_U/tmp_product_i_24_n_0
    SLICE_X6Y161         LUT4 (Prop_D5LUT_SLICEL_I1_O)
                                                      0.152     1.255 r  bd_0_i/hls_inst/inst/H_dec_2_20_V_U/FIR_Halfband_v2_H_dec_2_20_V_SHIFTREG_AUTO_0R0W_core_U/tmp_product_i_23/O
                         net (fo=1, routed)           0.290     1.545    bd_0_i/hls_inst/inst/H_dec_2_20_V_U/FIR_Halfband_v2_H_dec_2_20_V_SHIFTREG_AUTO_0R0W_core_U/tmp_product_i_23_n_0
    SLICE_X5Y162         LUT4 (Prop_A6LUT_SLICEM_I2_O)
                                                      0.138     1.683 r  bd_0_i/hls_inst/inst/H_dec_2_20_V_U/FIR_Halfband_v2_H_dec_2_20_V_SHIFTREG_AUTO_0R0W_core_U/tmp_product_i_10/O
                         net (fo=1, routed)           0.017     1.700    bd_0_i/hls_inst/inst/H_dec_2_20_V_U/FIR_Halfband_v2_H_dec_2_20_V_SHIFTREG_AUTO_0R0W_core_U/tmp_product_i_10_n_0
    SLICE_X5Y162         CARRY8 (Prop_CARRY8_SLICEM_S[0]_O[7])
                                                      0.344     2.044 r  bd_0_i/hls_inst/inst/H_dec_2_20_V_U/FIR_Halfband_v2_H_dec_2_20_V_SHIFTREG_AUTO_0R0W_core_U/tmp_product_i_1/O[7]
                         net (fo=1486, routed)        3.491     5.535    bd_0_i/hls_inst/inst/p_2_FIR_filter_transposed_fu_448/p_ZL10H_accu_FIR_13_reg/A[27]
    DSP48E2_X0Y83        DSP_A_B_DATA                                 r  bd_0_i/hls_inst/inst/p_2_FIR_filter_transposed_fu_448/p_ZL10H_accu_FIR_13_reg/DSP_A_B_DATA_INST/A[27]
  -------------------------------------------------------------------    -------------------

                         (clock ap_clk rise edge)    10.000    10.000 r  
                                                      0.000    10.000 r  ap_clk (IN)
                         net (fo=1950, unset)         0.055    10.055    bd_0_i/hls_inst/inst/p_2_FIR_filter_transposed_fu_448/p_ZL10H_accu_FIR_13_reg/CLK
    DSP48E2_X0Y83        DSP_A_B_DATA                                 r  bd_0_i/hls_inst/inst/p_2_FIR_filter_transposed_fu_448/p_ZL10H_accu_FIR_13_reg/DSP_A_B_DATA_INST/CLK
                         clock pessimism              0.000    10.055    
                         clock uncertainty           -0.035    10.020    
    DSP48E2_X0Y83        DSP_A_B_DATA (Setup_DSP_A_B_DATA_DSP48E2_CLK_A[27])
                                                     -0.534     9.486    bd_0_i/hls_inst/inst/p_2_FIR_filter_transposed_fu_448/p_ZL10H_accu_FIR_13_reg/DSP_A_B_DATA_INST
  -------------------------------------------------------------------
                         required time                          9.486    
                         arrival time                          -5.535    
  -------------------------------------------------------------------
                         slack                                  3.951    

Slack (MET) :             3.956ns  (required time - arrival time)
  Source:                 bd_0_i/hls_inst/inst/H_dec_2_20_V_U/FIR_Halfband_v2_H_dec_2_20_V_SHIFTREG_AUTO_0R0W_core_U/ShiftRegMem_reg[2][2]/C
                            (rising edge-triggered cell FDRE clocked by ap_clk  {rise@0.000ns fall@5.000ns period=10.000ns})
  Destination:            bd_0_i/hls_inst/inst/p_2_FIR_filter_transposed_fu_448/p_ZL10H_accu_FIR_94_reg/DSP_A_B_DATA_INST/A[13]
                            (rising edge-triggered cell DSP_A_B_DATA clocked by ap_clk  {rise@0.000ns fall@5.000ns period=10.000ns})
  Path Group:             ap_clk
  Path Type:              Setup (Max at Slow Process Corner)
  Requirement:            10.000ns  (ap_clk rise@10.000ns - ap_clk rise@0.000ns)
  Data Path Delay:        5.495ns  (logic 0.976ns (17.760%)  route 4.519ns (82.240%))
  Logic Levels:           4  (CARRY8=1 LUT4=2 LUT6=1)
  Clock Path Skew:        0.013ns (DCD - SCD + CPR)
    Destination Clock Delay (DCD):    0.055ns = ( 10.055 - 10.000 ) 
    Source Clock Delay      (SCD):    0.042ns
    Clock Pessimism Removal (CPR):    0.000ns
  Clock Uncertainty:      0.035ns  ((TSJ^2 + TIJ^2)^1/2 + DJ) / 2 + PE
    Total System Jitter     (TSJ):    0.071ns
    Total Input Jitter      (TIJ):    0.000ns
    Discrete Jitter          (DJ):    0.000ns
    Phase Error              (PE):    0.000ns

    Location             Delay type                Incr(ns)  Path(ns)    Netlist Resource(s)
  -------------------------------------------------------------------    -------------------
                         (clock ap_clk rise edge)     0.000     0.000 r  
                                                      0.000     0.000 r  ap_clk (IN)
                         net (fo=1950, unset)         0.042     0.042    bd_0_i/hls_inst/inst/H_dec_2_20_V_U/FIR_Halfband_v2_H_dec_2_20_V_SHIFTREG_AUTO_0R0W_core_U/ap_clk
    SLICE_X6Y161         FDRE                                         r  bd_0_i/hls_inst/inst/H_dec_2_20_V_U/FIR_Halfband_v2_H_dec_2_20_V_SHIFTREG_AUTO_0R0W_core_U/ShiftRegMem_reg[2][2]/C
  -------------------------------------------------------------------    -------------------
    SLICE_X6Y161         FDRE (Prop_FFF2_SLICEL_C_Q)
                                                      0.117     0.159 f  bd_0_i/hls_inst/inst/H_dec_2_20_V_U/FIR_Halfband_v2_H_dec_2_20_V_SHIFTREG_AUTO_0R0W_core_U/ShiftRegMem_reg[2][2]/Q
                         net (fo=5, routed)           0.362     0.521    bd_0_i/hls_inst/inst/H_dec_2_20_V_U/FIR_Halfband_v2_H_dec_2_20_V_SHIFTREG_AUTO_0R0W_core_U/ShiftRegMem_reg[2][2]
    SLICE_X6Y161         LUT6 (Prop_G6LUT_SLICEL_I1_O)
                                                      0.226     0.747 r  bd_0_i/hls_inst/inst/H_dec_2_20_V_U/FIR_Halfband_v2_H_dec_2_20_V_SHIFTREG_AUTO_0R0W_core_U/tmp_product_i_24/O
                         net (fo=6, routed)           0.355     1.103    bd_0_i/hls_inst/inst/H_dec_2_20_V_U/FIR_Halfband_v2_H_dec_2_20_V_SHIFTREG_AUTO_0R0W_core_U/tmp_product_i_24_n_0
    SLICE_X6Y161         LUT4 (Prop_D5LUT_SLICEL_I1_O)
                                                      0.152     1.255 r  bd_0_i/hls_inst/inst/H_dec_2_20_V_U/FIR_Halfband_v2_H_dec_2_20_V_SHIFTREG_AUTO_0R0W_core_U/tmp_product_i_23/O
                         net (fo=1, routed)           0.290     1.545    bd_0_i/hls_inst/inst/H_dec_2_20_V_U/FIR_Halfband_v2_H_dec_2_20_V_SHIFTREG_AUTO_0R0W_core_U/tmp_product_i_23_n_0
    SLICE_X5Y162         LUT4 (Prop_A6LUT_SLICEM_I2_O)
                                                      0.138     1.683 r  bd_0_i/hls_inst/inst/H_dec_2_20_V_U/FIR_Halfband_v2_H_dec_2_20_V_SHIFTREG_AUTO_0R0W_core_U/tmp_product_i_10/O
                         net (fo=1, routed)           0.017     1.700    bd_0_i/hls_inst/inst/H_dec_2_20_V_U/FIR_Halfband_v2_H_dec_2_20_V_SHIFTREG_AUTO_0R0W_core_U/tmp_product_i_10_n_0
    SLICE_X5Y162         CARRY8 (Prop_CARRY8_SLICEM_S[0]_O[5])
                                                      0.343     2.043 r  bd_0_i/hls_inst/inst/H_dec_2_20_V_U/FIR_Halfband_v2_H_dec_2_20_V_SHIFTREG_AUTO_0R0W_core_U/tmp_product_i_1/O[5]
                         net (fo=100, routed)         3.495     5.537    bd_0_i/hls_inst/inst/p_2_FIR_filter_transposed_fu_448/p_ZL10H_accu_FIR_94_reg/A[13]
    DSP48E2_X0Y28        DSP_A_B_DATA                                 r  bd_0_i/hls_inst/inst/p_2_FIR_filter_transposed_fu_448/p_ZL10H_accu_FIR_94_reg/DSP_A_B_DATA_INST/A[13]
  -------------------------------------------------------------------    -------------------

                         (clock ap_clk rise edge)    10.000    10.000 r  
                                                      0.000    10.000 r  ap_clk (IN)
                         net (fo=1950, unset)         0.055    10.055    bd_0_i/hls_inst/inst/p_2_FIR_filter_transposed_fu_448/p_ZL10H_accu_FIR_94_reg/CLK
    DSP48E2_X0Y28        DSP_A_B_DATA                                 r  bd_0_i/hls_inst/inst/p_2_FIR_filter_transposed_fu_448/p_ZL10H_accu_FIR_94_reg/DSP_A_B_DATA_INST/CLK
                         clock pessimism              0.000    10.055    
                         clock uncertainty           -0.035    10.020    
    DSP48E2_X0Y28        DSP_A_B_DATA (Setup_DSP_A_B_DATA_DSP48E2_CLK_A[13])
                                                     -0.526     9.494    bd_0_i/hls_inst/inst/p_2_FIR_filter_transposed_fu_448/p_ZL10H_accu_FIR_94_reg/DSP_A_B_DATA_INST
  -------------------------------------------------------------------
                         required time                          9.494    
                         arrival time                          -5.537    
  -------------------------------------------------------------------
                         slack                                  3.956    

Slack (MET) :             3.963ns  (required time - arrival time)
  Source:                 bd_0_i/hls_inst/inst/H_dec_2_20_V_U/FIR_Halfband_v2_H_dec_2_20_V_SHIFTREG_AUTO_0R0W_core_U/ShiftRegMem_reg[2][2]/C
                            (rising edge-triggered cell FDRE clocked by ap_clk  {rise@0.000ns fall@5.000ns period=10.000ns})
  Destination:            bd_0_i/hls_inst/inst/p_2_FIR_filter_transposed_fu_448/p_ZL10H_accu_FIR_93_reg/DSP_A_B_DATA_INST/A[13]
                            (rising edge-triggered cell DSP_A_B_DATA clocked by ap_clk  {rise@0.000ns fall@5.000ns period=10.000ns})
  Path Group:             ap_clk
  Path Type:              Setup (Max at Slow Process Corner)
  Requirement:            10.000ns  (ap_clk rise@10.000ns - ap_clk rise@0.000ns)
  Data Path Delay:        5.488ns  (logic 0.976ns (17.783%)  route 4.512ns (82.217%))
  Logic Levels:           4  (CARRY8=1 LUT4=2 LUT6=1)
  Clock Path Skew:        0.013ns (DCD - SCD + CPR)
    Destination Clock Delay (DCD):    0.055ns = ( 10.055 - 10.000 ) 
    Source Clock Delay      (SCD):    0.042ns
    Clock Pessimism Removal (CPR):    0.000ns
  Clock Uncertainty:      0.035ns  ((TSJ^2 + TIJ^2)^1/2 + DJ) / 2 + PE
    Total System Jitter     (TSJ):    0.071ns
    Total Input Jitter      (TIJ):    0.000ns
    Discrete Jitter          (DJ):    0.000ns
    Phase Error              (PE):    0.000ns

    Location             Delay type                Incr(ns)  Path(ns)    Netlist Resource(s)
  -------------------------------------------------------------------    -------------------
                         (clock ap_clk rise edge)     0.000     0.000 r  
                                                      0.000     0.000 r  ap_clk (IN)
                         net (fo=1950, unset)         0.042     0.042    bd_0_i/hls_inst/inst/H_dec_2_20_V_U/FIR_Halfband_v2_H_dec_2_20_V_SHIFTREG_AUTO_0R0W_core_U/ap_clk
    SLICE_X6Y161         FDRE                                         r  bd_0_i/hls_inst/inst/H_dec_2_20_V_U/FIR_Halfband_v2_H_dec_2_20_V_SHIFTREG_AUTO_0R0W_core_U/ShiftRegMem_reg[2][2]/C
  -------------------------------------------------------------------    -------------------
    SLICE_X6Y161         FDRE (Prop_FFF2_SLICEL_C_Q)
                                                      0.117     0.159 f  bd_0_i/hls_inst/inst/H_dec_2_20_V_U/FIR_Halfband_v2_H_dec_2_20_V_SHIFTREG_AUTO_0R0W_core_U/ShiftRegMem_reg[2][2]/Q
                         net (fo=5, routed)           0.362     0.521    bd_0_i/hls_inst/inst/H_dec_2_20_V_U/FIR_Halfband_v2_H_dec_2_20_V_SHIFTREG_AUTO_0R0W_core_U/ShiftRegMem_reg[2][2]
    SLICE_X6Y161         LUT6 (Prop_G6LUT_SLICEL_I1_O)
                                                      0.226     0.747 r  bd_0_i/hls_inst/inst/H_dec_2_20_V_U/FIR_Halfband_v2_H_dec_2_20_V_SHIFTREG_AUTO_0R0W_core_U/tmp_product_i_24/O
                         net (fo=6, routed)           0.355     1.103    bd_0_i/hls_inst/inst/H_dec_2_20_V_U/FIR_Halfband_v2_H_dec_2_20_V_SHIFTREG_AUTO_0R0W_core_U/tmp_product_i_24_n_0
    SLICE_X6Y161         LUT4 (Prop_D5LUT_SLICEL_I1_O)
                                                      0.152     1.255 r  bd_0_i/hls_inst/inst/H_dec_2_20_V_U/FIR_Halfband_v2_H_dec_2_20_V_SHIFTREG_AUTO_0R0W_core_U/tmp_product_i_23/O
                         net (fo=1, routed)           0.290     1.545    bd_0_i/hls_inst/inst/H_dec_2_20_V_U/FIR_Halfband_v2_H_dec_2_20_V_SHIFTREG_AUTO_0R0W_core_U/tmp_product_i_23_n_0
    SLICE_X5Y162         LUT4 (Prop_A6LUT_SLICEM_I2_O)
                                                      0.138     1.683 r  bd_0_i/hls_inst/inst/H_dec_2_20_V_U/FIR_Halfband_v2_H_dec_2_20_V_SHIFTREG_AUTO_0R0W_core_U/tmp_product_i_10/O
                         net (fo=1, routed)           0.017     1.700    bd_0_i/hls_inst/inst/H_dec_2_20_V_U/FIR_Halfband_v2_H_dec_2_20_V_SHIFTREG_AUTO_0R0W_core_U/tmp_product_i_10_n_0
    SLICE_X5Y162         CARRY8 (Prop_CARRY8_SLICEM_S[0]_O[5])
                                                      0.343     2.043 r  bd_0_i/hls_inst/inst/H_dec_2_20_V_U/FIR_Halfband_v2_H_dec_2_20_V_SHIFTREG_AUTO_0R0W_core_U/tmp_product_i_1/O[5]
                         net (fo=100, routed)         3.488     5.530    bd_0_i/hls_inst/inst/p_2_FIR_filter_transposed_fu_448/p_ZL10H_accu_FIR_93_reg/A[13]
    DSP48E2_X0Y29        DSP_A_B_DATA                                 r  bd_0_i/hls_inst/inst/p_2_FIR_filter_transposed_fu_448/p_ZL10H_accu_FIR_93_reg/DSP_A_B_DATA_INST/A[13]
  -------------------------------------------------------------------    -------------------

                         (clock ap_clk rise edge)    10.000    10.000 r  
                                                      0.000    10.000 r  ap_clk (IN)
                         net (fo=1950, unset)         0.055    10.055    bd_0_i/hls_inst/inst/p_2_FIR_filter_transposed_fu_448/p_ZL10H_accu_FIR_93_reg/CLK
    DSP48E2_X0Y29        DSP_A_B_DATA                                 r  bd_0_i/hls_inst/inst/p_2_FIR_filter_transposed_fu_448/p_ZL10H_accu_FIR_93_reg/DSP_A_B_DATA_INST/CLK
                         clock pessimism              0.000    10.055    
                         clock uncertainty           -0.035    10.020    
    DSP48E2_X0Y29        DSP_A_B_DATA (Setup_DSP_A_B_DATA_DSP48E2_CLK_A[13])
                                                     -0.526     9.494    bd_0_i/hls_inst/inst/p_2_FIR_filter_transposed_fu_448/p_ZL10H_accu_FIR_93_reg/DSP_A_B_DATA_INST
  -------------------------------------------------------------------
                         required time                          9.494    
                         arrival time                          -5.530    
  -------------------------------------------------------------------
                         slack                                  3.963    

Slack (MET) :             3.976ns  (required time - arrival time)
  Source:                 bd_0_i/hls_inst/inst/H_dec_2_20_V_U/FIR_Halfband_v2_H_dec_2_20_V_SHIFTREG_AUTO_0R0W_core_U/ShiftRegMem_reg[2][2]/C
                            (rising edge-triggered cell FDRE clocked by ap_clk  {rise@0.000ns fall@5.000ns period=10.000ns})
  Destination:            bd_0_i/hls_inst/inst/p_2_FIR_filter_transposed_fu_448/p_ZL10H_accu_FIR_91_reg/DSP_A_B_DATA_INST/A[8]
                            (rising edge-triggered cell DSP_A_B_DATA clocked by ap_clk  {rise@0.000ns fall@5.000ns period=10.000ns})
  Path Group:             ap_clk
  Path Type:              Setup (Max at Slow Process Corner)
  Requirement:            10.000ns  (ap_clk rise@10.000ns - ap_clk rise@0.000ns)
  Data Path Delay:        5.486ns  (logic 0.720ns (13.124%)  route 4.766ns (86.876%))
  Logic Levels:           4  (CARRY8=1 LUT4=2 LUT6=1)
  Clock Path Skew:        0.013ns (DCD - SCD + CPR)
    Destination Clock Delay (DCD):    0.055ns = ( 10.055 - 10.000 ) 
    Source Clock Delay      (SCD):    0.042ns
    Clock Pessimism Removal (CPR):    0.000ns
  Clock Uncertainty:      0.035ns  ((TSJ^2 + TIJ^2)^1/2 + DJ) / 2 + PE
    Total System Jitter     (TSJ):    0.071ns
    Total Input Jitter      (TIJ):    0.000ns
    Discrete Jitter          (DJ):    0.000ns
    Phase Error              (PE):    0.000ns

    Location             Delay type                Incr(ns)  Path(ns)    Netlist Resource(s)
  -------------------------------------------------------------------    -------------------
                         (clock ap_clk rise edge)     0.000     0.000 r  
                                                      0.000     0.000 r  ap_clk (IN)
                         net (fo=1950, unset)         0.042     0.042    bd_0_i/hls_inst/inst/H_dec_2_20_V_U/FIR_Halfband_v2_H_dec_2_20_V_SHIFTREG_AUTO_0R0W_core_U/ap_clk
    SLICE_X6Y161         FDRE                                         r  bd_0_i/hls_inst/inst/H_dec_2_20_V_U/FIR_Halfband_v2_H_dec_2_20_V_SHIFTREG_AUTO_0R0W_core_U/ShiftRegMem_reg[2][2]/C
  -------------------------------------------------------------------    -------------------
    SLICE_X6Y161         FDRE (Prop_FFF2_SLICEL_C_Q)
                                                      0.117     0.159 f  bd_0_i/hls_inst/inst/H_dec_2_20_V_U/FIR_Halfband_v2_H_dec_2_20_V_SHIFTREG_AUTO_0R0W_core_U/ShiftRegMem_reg[2][2]/Q
                         net (fo=5, routed)           0.362     0.521    bd_0_i/hls_inst/inst/H_dec_2_20_V_U/FIR_Halfband_v2_H_dec_2_20_V_SHIFTREG_AUTO_0R0W_core_U/ShiftRegMem_reg[2][2]
    SLICE_X6Y161         LUT6 (Prop_G6LUT_SLICEL_I1_O)
                                                      0.226     0.747 r  bd_0_i/hls_inst/inst/H_dec_2_20_V_U/FIR_Halfband_v2_H_dec_2_20_V_SHIFTREG_AUTO_0R0W_core_U/tmp_product_i_24/O
                         net (fo=6, routed)           0.355     1.103    bd_0_i/hls_inst/inst/H_dec_2_20_V_U/FIR_Halfband_v2_H_dec_2_20_V_SHIFTREG_AUTO_0R0W_core_U/tmp_product_i_24_n_0
    SLICE_X6Y161         LUT4 (Prop_D5LUT_SLICEL_I1_O)
                                                      0.152     1.255 r  bd_0_i/hls_inst/inst/H_dec_2_20_V_U/FIR_Halfband_v2_H_dec_2_20_V_SHIFTREG_AUTO_0R0W_core_U/tmp_product_i_23/O
                         net (fo=1, routed)           0.290     1.545    bd_0_i/hls_inst/inst/H_dec_2_20_V_U/FIR_Halfband_v2_H_dec_2_20_V_SHIFTREG_AUTO_0R0W_core_U/tmp_product_i_23_n_0
    SLICE_X5Y162         LUT4 (Prop_A6LUT_SLICEM_I2_O)
                                                      0.138     1.683 r  bd_0_i/hls_inst/inst/H_dec_2_20_V_U/FIR_Halfband_v2_H_dec_2_20_V_SHIFTREG_AUTO_0R0W_core_U/tmp_product_i_10/O
                         net (fo=1, routed)           0.017     1.700    bd_0_i/hls_inst/inst/H_dec_2_20_V_U/FIR_Halfband_v2_H_dec_2_20_V_SHIFTREG_AUTO_0R0W_core_U/tmp_product_i_10_n_0
    SLICE_X5Y162         CARRY8 (Prop_CARRY8_SLICEM_S[0]_O[0])
                                                      0.087     1.787 r  bd_0_i/hls_inst/inst/H_dec_2_20_V_U/FIR_Halfband_v2_H_dec_2_20_V_SHIFTREG_AUTO_0R0W_core_U/tmp_product_i_1/O[0]
                         net (fo=100, routed)         3.741     5.528    bd_0_i/hls_inst/inst/p_2_FIR_filter_transposed_fu_448/p_ZL10H_accu_FIR_91_reg/A[8]
    DSP48E2_X0Y31        DSP_A_B_DATA                                 r  bd_0_i/hls_inst/inst/p_2_FIR_filter_transposed_fu_448/p_ZL10H_accu_FIR_91_reg/DSP_A_B_DATA_INST/A[8]
  -------------------------------------------------------------------    -------------------

                         (clock ap_clk rise edge)    10.000    10.000 r  
                                                      0.000    10.000 r  ap_clk (IN)
                         net (fo=1950, unset)         0.055    10.055    bd_0_i/hls_inst/inst/p_2_FIR_filter_transposed_fu_448/p_ZL10H_accu_FIR_91_reg/CLK
    DSP48E2_X0Y31        DSP_A_B_DATA                                 r  bd_0_i/hls_inst/inst/p_2_FIR_filter_transposed_fu_448/p_ZL10H_accu_FIR_91_reg/DSP_A_B_DATA_INST/CLK
                         clock pessimism              0.000    10.055    
                         clock uncertainty           -0.035    10.020    
    DSP48E2_X0Y31        DSP_A_B_DATA (Setup_DSP_A_B_DATA_DSP48E2_CLK_A[8])
                                                     -0.515     9.505    bd_0_i/hls_inst/inst/p_2_FIR_filter_transposed_fu_448/p_ZL10H_accu_FIR_91_reg/DSP_A_B_DATA_INST
  -------------------------------------------------------------------
                         required time                          9.505    
                         arrival time                          -5.528    
  -------------------------------------------------------------------
                         slack                                  3.976    

Slack (MET) :             3.981ns  (required time - arrival time)
  Source:                 bd_0_i/hls_inst/inst/H_dec_2_20_V_U/FIR_Halfband_v2_H_dec_2_20_V_SHIFTREG_AUTO_0R0W_core_U/ShiftRegMem_reg[2][2]/C
                            (rising edge-triggered cell FDRE clocked by ap_clk  {rise@0.000ns fall@5.000ns period=10.000ns})
  Destination:            bd_0_i/hls_inst/inst/p_2_FIR_filter_transposed_fu_448/p_ZL10H_accu_FIR_15_reg/DSP_A_B_DATA_INST/A[26]
                            (rising edge-triggered cell DSP_A_B_DATA clocked by ap_clk  {rise@0.000ns fall@5.000ns period=10.000ns})
  Path Group:             ap_clk
  Path Type:              Setup (Max at Slow Process Corner)
  Requirement:            10.000ns  (ap_clk rise@10.000ns - ap_clk rise@0.000ns)
  Data Path Delay:        5.459ns  (logic 0.977ns (17.898%)  route 4.482ns (82.102%))
  Logic Levels:           4  (CARRY8=1 LUT4=2 LUT6=1)
  Clock Path Skew:        0.013ns (DCD - SCD + CPR)
    Destination Clock Delay (DCD):    0.055ns = ( 10.055 - 10.000 ) 
    Source Clock Delay      (SCD):    0.042ns
    Clock Pessimism Removal (CPR):    0.000ns
  Clock Uncertainty:      0.035ns  ((TSJ^2 + TIJ^2)^1/2 + DJ) / 2 + PE
    Total System Jitter     (TSJ):    0.071ns
    Total Input Jitter      (TIJ):    0.000ns
    Discrete Jitter          (DJ):    0.000ns
    Phase Error              (PE):    0.000ns

    Location             Delay type                Incr(ns)  Path(ns)    Netlist Resource(s)
  -------------------------------------------------------------------    -------------------
                         (clock ap_clk rise edge)     0.000     0.000 r  
                                                      0.000     0.000 r  ap_clk (IN)
                         net (fo=1950, unset)         0.042     0.042    bd_0_i/hls_inst/inst/H_dec_2_20_V_U/FIR_Halfband_v2_H_dec_2_20_V_SHIFTREG_AUTO_0R0W_core_U/ap_clk
    SLICE_X6Y161         FDRE                                         r  bd_0_i/hls_inst/inst/H_dec_2_20_V_U/FIR_Halfband_v2_H_dec_2_20_V_SHIFTREG_AUTO_0R0W_core_U/ShiftRegMem_reg[2][2]/C
  -------------------------------------------------------------------    -------------------
    SLICE_X6Y161         FDRE (Prop_FFF2_SLICEL_C_Q)
                                                      0.117     0.159 f  bd_0_i/hls_inst/inst/H_dec_2_20_V_U/FIR_Halfband_v2_H_dec_2_20_V_SHIFTREG_AUTO_0R0W_core_U/ShiftRegMem_reg[2][2]/Q
                         net (fo=5, routed)           0.362     0.521    bd_0_i/hls_inst/inst/H_dec_2_20_V_U/FIR_Halfband_v2_H_dec_2_20_V_SHIFTREG_AUTO_0R0W_core_U/ShiftRegMem_reg[2][2]
    SLICE_X6Y161         LUT6 (Prop_G6LUT_SLICEL_I1_O)
                                                      0.226     0.747 r  bd_0_i/hls_inst/inst/H_dec_2_20_V_U/FIR_Halfband_v2_H_dec_2_20_V_SHIFTREG_AUTO_0R0W_core_U/tmp_product_i_24/O
                         net (fo=6, routed)           0.355     1.103    bd_0_i/hls_inst/inst/H_dec_2_20_V_U/FIR_Halfband_v2_H_dec_2_20_V_SHIFTREG_AUTO_0R0W_core_U/tmp_product_i_24_n_0
    SLICE_X6Y161         LUT4 (Prop_D5LUT_SLICEL_I1_O)
                                                      0.152     1.255 r  bd_0_i/hls_inst/inst/H_dec_2_20_V_U/FIR_Halfband_v2_H_dec_2_20_V_SHIFTREG_AUTO_0R0W_core_U/tmp_product_i_23/O
                         net (fo=1, routed)           0.290     1.545    bd_0_i/hls_inst/inst/H_dec_2_20_V_U/FIR_Halfband_v2_H_dec_2_20_V_SHIFTREG_AUTO_0R0W_core_U/tmp_product_i_23_n_0
    SLICE_X5Y162         LUT4 (Prop_A6LUT_SLICEM_I2_O)
                                                      0.138     1.683 r  bd_0_i/hls_inst/inst/H_dec_2_20_V_U/FIR_Halfband_v2_H_dec_2_20_V_SHIFTREG_AUTO_0R0W_core_U/tmp_product_i_10/O
                         net (fo=1, routed)           0.017     1.700    bd_0_i/hls_inst/inst/H_dec_2_20_V_U/FIR_Halfband_v2_H_dec_2_20_V_SHIFTREG_AUTO_0R0W_core_U/tmp_product_i_10_n_0
    SLICE_X5Y162         CARRY8 (Prop_CARRY8_SLICEM_S[0]_O[7])
                                                      0.344     2.044 r  bd_0_i/hls_inst/inst/H_dec_2_20_V_U/FIR_Halfband_v2_H_dec_2_20_V_SHIFTREG_AUTO_0R0W_core_U/tmp_product_i_1/O[7]
                         net (fo=1486, routed)        3.457     5.501    bd_0_i/hls_inst/inst/p_2_FIR_filter_transposed_fu_448/p_ZL10H_accu_FIR_15_reg/A[26]
    DSP48E2_X0Y81        DSP_A_B_DATA                                 r  bd_0_i/hls_inst/inst/p_2_FIR_filter_transposed_fu_448/p_ZL10H_accu_FIR_15_reg/DSP_A_B_DATA_INST/A[26]
  -------------------------------------------------------------------    -------------------

                         (clock ap_clk rise edge)    10.000    10.000 r  
                                                      0.000    10.000 r  ap_clk (IN)
                         net (fo=1950, unset)         0.055    10.055    bd_0_i/hls_inst/inst/p_2_FIR_filter_transposed_fu_448/p_ZL10H_accu_FIR_15_reg/CLK
    DSP48E2_X0Y81        DSP_A_B_DATA                                 r  bd_0_i/hls_inst/inst/p_2_FIR_filter_transposed_fu_448/p_ZL10H_accu_FIR_15_reg/DSP_A_B_DATA_INST/CLK
                         clock pessimism              0.000    10.055    
                         clock uncertainty           -0.035    10.020    
    DSP48E2_X0Y81        DSP_A_B_DATA (Setup_DSP_A_B_DATA_DSP48E2_CLK_A[26])
                                                     -0.538     9.482    bd_0_i/hls_inst/inst/p_2_FIR_filter_transposed_fu_448/p_ZL10H_accu_FIR_15_reg/DSP_A_B_DATA_INST
  -------------------------------------------------------------------
                         required time                          9.482    
                         arrival time                          -5.501    
  -------------------------------------------------------------------
                         slack                                  3.981    





Min Delay Paths
--------------------------------------------------------------------------------------
Slack (MET) :             0.046ns  (arrival time - required time)
  Source:                 bd_0_i/hls_inst/inst/grp_FIR_filter_1_fu_431/am_addmul_16s_16s_15ns_32_4_1_U80/FIR_Halfband_v2_am_addmul_16s_16s_15ns_32_4_1_DSP48_0_U/p_reg_reg/DSP_PREADD_DATA_INST/CLK
                            (rising edge-triggered cell DSP_PREADD_DATA clocked by ap_clk  {rise@0.000ns fall@5.000ns period=10.000ns})
  Destination:            bd_0_i/hls_inst/inst/grp_FIR_filter_1_fu_431/am_addmul_16s_16s_15ns_32_4_1_U80/FIR_Halfband_v2_am_addmul_16s_16s_15ns_32_4_1_DSP48_0_U/p_reg_reg/DSP_PREADD_DATA_INST/AD[0]
                            (rising edge-triggered cell DSP_PREADD_DATA clocked by ap_clk  {rise@0.000ns fall@5.000ns period=10.000ns})
  Path Group:             ap_clk
  Path Type:              Hold (Min at Fast Process Corner)
  Requirement:            0.000ns  (ap_clk rise@0.000ns - ap_clk rise@0.000ns)
  Data Path Delay:        0.114ns  (logic 0.114ns (100.000%)  route 0.000ns (0.000%))
  Logic Levels:           1  (DSP_PREADD=1)
  Clock Path Skew:        0.008ns (DCD - SCD - CPR)
    Destination Clock Delay (DCD):    0.042ns
    Source Clock Delay      (SCD):    0.034ns
    Clock Pessimism Removal (CPR):    -0.000ns

    Location             Delay type                Incr(ns)  Path(ns)    Netlist Resource(s)
  -------------------------------------------------------------------    -------------------
                         (clock ap_clk rise edge)     0.000     0.000 r  
                                                      0.000     0.000 r  ap_clk (IN)
                         net (fo=1950, unset)         0.034     0.034    bd_0_i/hls_inst/inst/grp_FIR_filter_1_fu_431/am_addmul_16s_16s_15ns_32_4_1_U80/FIR_Halfband_v2_am_addmul_16s_16s_15ns_32_4_1_DSP48_0_U/p_reg_reg/CLK
    DSP48E2_X2Y60        DSP_PREADD_DATA                              r  bd_0_i/hls_inst/inst/grp_FIR_filter_1_fu_431/am_addmul_16s_16s_15ns_32_4_1_U80/FIR_Halfband_v2_am_addmul_16s_16s_15ns_32_4_1_DSP48_0_U/p_reg_reg/DSP_PREADD_DATA_INST/CLK
  -------------------------------------------------------------------    -------------------
    DSP48E2_X2Y60        DSP_PREADD_DATA (Prop_DSP_PREADD_DATA_DSP48E2_CLK_D_DATA[0])
                                                      0.081     0.115 r  bd_0_i/hls_inst/inst/grp_FIR_filter_1_fu_431/am_addmul_16s_16s_15ns_32_4_1_U80/FIR_Halfband_v2_am_addmul_16s_16s_15ns_32_4_1_DSP48_0_U/p_reg_reg/DSP_PREADD_DATA_INST/D_DATA[0]
                         net (fo=1, routed)           0.000     0.115    bd_0_i/hls_inst/inst/grp_FIR_filter_1_fu_431/am_addmul_16s_16s_15ns_32_4_1_U80/FIR_Halfband_v2_am_addmul_16s_16s_15ns_32_4_1_DSP48_0_U/p_reg_reg/DSP_PREADD_DATA.D_DATA<0>
    DSP48E2_X2Y60        DSP_PREADD (Prop_DSP_PREADD_DSP48E2_D_DATA[0]_AD[0])
                                                      0.033     0.148 r  bd_0_i/hls_inst/inst/grp_FIR_filter_1_fu_431/am_addmul_16s_16s_15ns_32_4_1_U80/FIR_Halfband_v2_am_addmul_16s_16s_15ns_32_4_1_DSP48_0_U/p_reg_reg/DSP_PREADD_INST/AD[0]
                         net (fo=1, routed)           0.000     0.148    bd_0_i/hls_inst/inst/grp_FIR_filter_1_fu_431/am_addmul_16s_16s_15ns_32_4_1_U80/FIR_Halfband_v2_am_addmul_16s_16s_15ns_32_4_1_DSP48_0_U/p_reg_reg/DSP_PREADD.AD<0>
    DSP48E2_X2Y60        DSP_PREADD_DATA                              r  bd_0_i/hls_inst/inst/grp_FIR_filter_1_fu_431/am_addmul_16s_16s_15ns_32_4_1_U80/FIR_Halfband_v2_am_addmul_16s_16s_15ns_32_4_1_DSP48_0_U/p_reg_reg/DSP_PREADD_DATA_INST/AD[0]
  -------------------------------------------------------------------    -------------------

                         (clock ap_clk rise edge)     0.000     0.000 r  
                                                      0.000     0.000 r  ap_clk (IN)
                         net (fo=1950, unset)         0.042     0.042    bd_0_i/hls_inst/inst/grp_FIR_filter_1_fu_431/am_addmul_16s_16s_15ns_32_4_1_U80/FIR_Halfband_v2_am_addmul_16s_16s_15ns_32_4_1_DSP48_0_U/p_reg_reg/CLK
    DSP48E2_X2Y60        DSP_PREADD_DATA                              r  bd_0_i/hls_inst/inst/grp_FIR_filter_1_fu_431/am_addmul_16s_16s_15ns_32_4_1_U80/FIR_Halfband_v2_am_addmul_16s_16s_15ns_32_4_1_DSP48_0_U/p_reg_reg/DSP_PREADD_DATA_INST/CLK
                         clock pessimism              0.000     0.042    
    DSP48E2_X2Y60        DSP_PREADD_DATA (Hold_DSP_PREADD_DATA_DSP48E2_CLK_AD[0])
                                                      0.060     0.102    bd_0_i/hls_inst/inst/grp_FIR_filter_1_fu_431/am_addmul_16s_16s_15ns_32_4_1_U80/FIR_Halfband_v2_am_addmul_16s_16s_15ns_32_4_1_DSP48_0_U/p_reg_reg/DSP_PREADD_DATA_INST
  -------------------------------------------------------------------
                         required time                         -0.102    
                         arrival time                           0.148    
  -------------------------------------------------------------------
                         slack                                  0.046    

Slack (MET) :             0.046ns  (arrival time - required time)
  Source:                 bd_0_i/hls_inst/inst/grp_FIR_filter_1_fu_431/am_addmul_16s_16s_15ns_32_4_1_U80/FIR_Halfband_v2_am_addmul_16s_16s_15ns_32_4_1_DSP48_0_U/p_reg_reg/DSP_PREADD_DATA_INST/CLK
                            (rising edge-triggered cell DSP_PREADD_DATA clocked by ap_clk  {rise@0.000ns fall@5.000ns period=10.000ns})
  Destination:            bd_0_i/hls_inst/inst/grp_FIR_filter_1_fu_431/am_addmul_16s_16s_15ns_32_4_1_U80/FIR_Halfband_v2_am_addmul_16s_16s_15ns_32_4_1_DSP48_0_U/p_reg_reg/DSP_PREADD_DATA_INST/AD[10]
                            (rising edge-triggered cell DSP_PREADD_DATA clocked by ap_clk  {rise@0.000ns fall@5.000ns period=10.000ns})
  Path Group:             ap_clk
  Path Type:              Hold (Min at Fast Process Corner)
  Requirement:            0.000ns  (ap_clk rise@0.000ns - ap_clk rise@0.000ns)
  Data Path Delay:        0.114ns  (logic 0.114ns (100.000%)  route 0.000ns (0.000%))
  Logic Levels:           1  (DSP_PREADD=1)
  Clock Path Skew:        0.008ns (DCD - SCD - CPR)
    Destination Clock Delay (DCD):    0.042ns
    Source Clock Delay      (SCD):    0.034ns
    Clock Pessimism Removal (CPR):    -0.000ns

    Location             Delay type                Incr(ns)  Path(ns)    Netlist Resource(s)
  -------------------------------------------------------------------    -------------------
                         (clock ap_clk rise edge)     0.000     0.000 r  
                                                      0.000     0.000 r  ap_clk (IN)
                         net (fo=1950, unset)         0.034     0.034    bd_0_i/hls_inst/inst/grp_FIR_filter_1_fu_431/am_addmul_16s_16s_15ns_32_4_1_U80/FIR_Halfband_v2_am_addmul_16s_16s_15ns_32_4_1_DSP48_0_U/p_reg_reg/CLK
    DSP48E2_X2Y60        DSP_PREADD_DATA                              r  bd_0_i/hls_inst/inst/grp_FIR_filter_1_fu_431/am_addmul_16s_16s_15ns_32_4_1_U80/FIR_Halfband_v2_am_addmul_16s_16s_15ns_32_4_1_DSP48_0_U/p_reg_reg/DSP_PREADD_DATA_INST/CLK
  -------------------------------------------------------------------    -------------------
    DSP48E2_X2Y60        DSP_PREADD_DATA (Prop_DSP_PREADD_DATA_DSP48E2_CLK_D_DATA[10])
                                                      0.081     0.115 r  bd_0_i/hls_inst/inst/grp_FIR_filter_1_fu_431/am_addmul_16s_16s_15ns_32_4_1_U80/FIR_Halfband_v2_am_addmul_16s_16s_15ns_32_4_1_DSP48_0_U/p_reg_reg/DSP_PREADD_DATA_INST/D_DATA[10]
                         net (fo=1, routed)           0.000     0.115    bd_0_i/hls_inst/inst/grp_FIR_filter_1_fu_431/am_addmul_16s_16s_15ns_32_4_1_U80/FIR_Halfband_v2_am_addmul_16s_16s_15ns_32_4_1_DSP48_0_U/p_reg_reg/DSP_PREADD_DATA.D_DATA<10>
    DSP48E2_X2Y60        DSP_PREADD (Prop_DSP_PREADD_DSP48E2_D_DATA[10]_AD[10])
                                                      0.033     0.148 r  bd_0_i/hls_inst/inst/grp_FIR_filter_1_fu_431/am_addmul_16s_16s_15ns_32_4_1_U80/FIR_Halfband_v2_am_addmul_16s_16s_15ns_32_4_1_DSP48_0_U/p_reg_reg/DSP_PREADD_INST/AD[10]
                         net (fo=1, routed)           0.000     0.148    bd_0_i/hls_inst/inst/grp_FIR_filter_1_fu_431/am_addmul_16s_16s_15ns_32_4_1_U80/FIR_Halfband_v2_am_addmul_16s_16s_15ns_32_4_1_DSP48_0_U/p_reg_reg/DSP_PREADD.AD<10>
    DSP48E2_X2Y60        DSP_PREADD_DATA                              r  bd_0_i/hls_inst/inst/grp_FIR_filter_1_fu_431/am_addmul_16s_16s_15ns_32_4_1_U80/FIR_Halfband_v2_am_addmul_16s_16s_15ns_32_4_1_DSP48_0_U/p_reg_reg/DSP_PREADD_DATA_INST/AD[10]
  -------------------------------------------------------------------    -------------------

                         (clock ap_clk rise edge)     0.000     0.000 r  
                                                      0.000     0.000 r  ap_clk (IN)
                         net (fo=1950, unset)         0.042     0.042    bd_0_i/hls_inst/inst/grp_FIR_filter_1_fu_431/am_addmul_16s_16s_15ns_32_4_1_U80/FIR_Halfband_v2_am_addmul_16s_16s_15ns_32_4_1_DSP48_0_U/p_reg_reg/CLK
    DSP48E2_X2Y60        DSP_PREADD_DATA                              r  bd_0_i/hls_inst/inst/grp_FIR_filter_1_fu_431/am_addmul_16s_16s_15ns_32_4_1_U80/FIR_Halfband_v2_am_addmul_16s_16s_15ns_32_4_1_DSP48_0_U/p_reg_reg/DSP_PREADD_DATA_INST/CLK
                         clock pessimism              0.000     0.042    
    DSP48E2_X2Y60        DSP_PREADD_DATA (Hold_DSP_PREADD_DATA_DSP48E2_CLK_AD[10])
                                                      0.060     0.102    bd_0_i/hls_inst/inst/grp_FIR_filter_1_fu_431/am_addmul_16s_16s_15ns_32_4_1_U80/FIR_Halfband_v2_am_addmul_16s_16s_15ns_32_4_1_DSP48_0_U/p_reg_reg/DSP_PREADD_DATA_INST
  -------------------------------------------------------------------
                         required time                         -0.102    
                         arrival time                           0.148    
  -------------------------------------------------------------------
                         slack                                  0.046    

Slack (MET) :             0.046ns  (arrival time - required time)
  Source:                 bd_0_i/hls_inst/inst/grp_FIR_filter_1_fu_431/am_addmul_16s_16s_15ns_32_4_1_U80/FIR_Halfband_v2_am_addmul_16s_16s_15ns_32_4_1_DSP48_0_U/p_reg_reg/DSP_PREADD_DATA_INST/CLK
                            (rising edge-triggered cell DSP_PREADD_DATA clocked by ap_clk  {rise@0.000ns fall@5.000ns period=10.000ns})
  Destination:            bd_0_i/hls_inst/inst/grp_FIR_filter_1_fu_431/am_addmul_16s_16s_15ns_32_4_1_U80/FIR_Halfband_v2_am_addmul_16s_16s_15ns_32_4_1_DSP48_0_U/p_reg_reg/DSP_PREADD_DATA_INST/AD[11]
                            (rising edge-triggered cell DSP_PREADD_DATA clocked by ap_clk  {rise@0.000ns fall@5.000ns period=10.000ns})
  Path Group:             ap_clk
  Path Type:              Hold (Min at Fast Process Corner)
  Requirement:            0.000ns  (ap_clk rise@0.000ns - ap_clk rise@0.000ns)
  Data Path Delay:        0.114ns  (logic 0.114ns (100.000%)  route 0.000ns (0.000%))
  Logic Levels:           1  (DSP_PREADD=1)
  Clock Path Skew:        0.008ns (DCD - SCD - CPR)
    Destination Clock Delay (DCD):    0.042ns
    Source Clock Delay      (SCD):    0.034ns
    Clock Pessimism Removal (CPR):    -0.000ns

    Location             Delay type                Incr(ns)  Path(ns)    Netlist Resource(s)
  -------------------------------------------------------------------    -------------------
                         (clock ap_clk rise edge)     0.000     0.000 r  
                                                      0.000     0.000 r  ap_clk (IN)
                         net (fo=1950, unset)         0.034     0.034    bd_0_i/hls_inst/inst/grp_FIR_filter_1_fu_431/am_addmul_16s_16s_15ns_32_4_1_U80/FIR_Halfband_v2_am_addmul_16s_16s_15ns_32_4_1_DSP48_0_U/p_reg_reg/CLK
    DSP48E2_X2Y60        DSP_PREADD_DATA                              r  bd_0_i/hls_inst/inst/grp_FIR_filter_1_fu_431/am_addmul_16s_16s_15ns_32_4_1_U80/FIR_Halfband_v2_am_addmul_16s_16s_15ns_32_4_1_DSP48_0_U/p_reg_reg/DSP_PREADD_DATA_INST/CLK
  -------------------------------------------------------------------    -------------------
    DSP48E2_X2Y60        DSP_PREADD_DATA (Prop_DSP_PREADD_DATA_DSP48E2_CLK_D_DATA[11])
                                                      0.081     0.115 r  bd_0_i/hls_inst/inst/grp_FIR_filter_1_fu_431/am_addmul_16s_16s_15ns_32_4_1_U80/FIR_Halfband_v2_am_addmul_16s_16s_15ns_32_4_1_DSP48_0_U/p_reg_reg/DSP_PREADD_DATA_INST/D_DATA[11]
                         net (fo=1, routed)           0.000     0.115    bd_0_i/hls_inst/inst/grp_FIR_filter_1_fu_431/am_addmul_16s_16s_15ns_32_4_1_U80/FIR_Halfband_v2_am_addmul_16s_16s_15ns_32_4_1_DSP48_0_U/p_reg_reg/DSP_PREADD_DATA.D_DATA<11>
    DSP48E2_X2Y60        DSP_PREADD (Prop_DSP_PREADD_DSP48E2_D_DATA[11]_AD[11])
                                                      0.033     0.148 r  bd_0_i/hls_inst/inst/grp_FIR_filter_1_fu_431/am_addmul_16s_16s_15ns_32_4_1_U80/FIR_Halfband_v2_am_addmul_16s_16s_15ns_32_4_1_DSP48_0_U/p_reg_reg/DSP_PREADD_INST/AD[11]
                         net (fo=1, routed)           0.000     0.148    bd_0_i/hls_inst/inst/grp_FIR_filter_1_fu_431/am_addmul_16s_16s_15ns_32_4_1_U80/FIR_Halfband_v2_am_addmul_16s_16s_15ns_32_4_1_DSP48_0_U/p_reg_reg/DSP_PREADD.AD<11>
    DSP48E2_X2Y60        DSP_PREADD_DATA                              r  bd_0_i/hls_inst/inst/grp_FIR_filter_1_fu_431/am_addmul_16s_16s_15ns_32_4_1_U80/FIR_Halfband_v2_am_addmul_16s_16s_15ns_32_4_1_DSP48_0_U/p_reg_reg/DSP_PREADD_DATA_INST/AD[11]
  -------------------------------------------------------------------    -------------------

                         (clock ap_clk rise edge)     0.000     0.000 r  
                                                      0.000     0.000 r  ap_clk (IN)
                         net (fo=1950, unset)         0.042     0.042    bd_0_i/hls_inst/inst/grp_FIR_filter_1_fu_431/am_addmul_16s_16s_15ns_32_4_1_U80/FIR_Halfband_v2_am_addmul_16s_16s_15ns_32_4_1_DSP48_0_U/p_reg_reg/CLK
    DSP48E2_X2Y60        DSP_PREADD_DATA                              r  bd_0_i/hls_inst/inst/grp_FIR_filter_1_fu_431/am_addmul_16s_16s_15ns_32_4_1_U80/FIR_Halfband_v2_am_addmul_16s_16s_15ns_32_4_1_DSP48_0_U/p_reg_reg/DSP_PREADD_DATA_INST/CLK
                         clock pessimism              0.000     0.042    
    DSP48E2_X2Y60        DSP_PREADD_DATA (Hold_DSP_PREADD_DATA_DSP48E2_CLK_AD[11])
                                                      0.060     0.102    bd_0_i/hls_inst/inst/grp_FIR_filter_1_fu_431/am_addmul_16s_16s_15ns_32_4_1_U80/FIR_Halfband_v2_am_addmul_16s_16s_15ns_32_4_1_DSP48_0_U/p_reg_reg/DSP_PREADD_DATA_INST
  -------------------------------------------------------------------
                         required time                         -0.102    
                         arrival time                           0.148    
  -------------------------------------------------------------------
                         slack                                  0.046    

Slack (MET) :             0.046ns  (arrival time - required time)
  Source:                 bd_0_i/hls_inst/inst/grp_FIR_filter_1_fu_431/am_addmul_16s_16s_15ns_32_4_1_U80/FIR_Halfband_v2_am_addmul_16s_16s_15ns_32_4_1_DSP48_0_U/p_reg_reg/DSP_PREADD_DATA_INST/CLK
                            (rising edge-triggered cell DSP_PREADD_DATA clocked by ap_clk  {rise@0.000ns fall@5.000ns period=10.000ns})
  Destination:            bd_0_i/hls_inst/inst/grp_FIR_filter_1_fu_431/am_addmul_16s_16s_15ns_32_4_1_U80/FIR_Halfband_v2_am_addmul_16s_16s_15ns_32_4_1_DSP48_0_U/p_reg_reg/DSP_PREADD_DATA_INST/AD[12]
                            (rising edge-triggered cell DSP_PREADD_DATA clocked by ap_clk  {rise@0.000ns fall@5.000ns period=10.000ns})
  Path Group:             ap_clk
  Path Type:              Hold (Min at Fast Process Corner)
  Requirement:            0.000ns  (ap_clk rise@0.000ns - ap_clk rise@0.000ns)
  Data Path Delay:        0.114ns  (logic 0.114ns (100.000%)  route 0.000ns (0.000%))
  Logic Levels:           1  (DSP_PREADD=1)
  Clock Path Skew:        0.008ns (DCD - SCD - CPR)
    Destination Clock Delay (DCD):    0.042ns
    Source Clock Delay      (SCD):    0.034ns
    Clock Pessimism Removal (CPR):    -0.000ns

    Location             Delay type                Incr(ns)  Path(ns)    Netlist Resource(s)
  -------------------------------------------------------------------    -------------------
                         (clock ap_clk rise edge)     0.000     0.000 r  
                                                      0.000     0.000 r  ap_clk (IN)
                         net (fo=1950, unset)         0.034     0.034    bd_0_i/hls_inst/inst/grp_FIR_filter_1_fu_431/am_addmul_16s_16s_15ns_32_4_1_U80/FIR_Halfband_v2_am_addmul_16s_16s_15ns_32_4_1_DSP48_0_U/p_reg_reg/CLK
    DSP48E2_X2Y60        DSP_PREADD_DATA                              r  bd_0_i/hls_inst/inst/grp_FIR_filter_1_fu_431/am_addmul_16s_16s_15ns_32_4_1_U80/FIR_Halfband_v2_am_addmul_16s_16s_15ns_32_4_1_DSP48_0_U/p_reg_reg/DSP_PREADD_DATA_INST/CLK
  -------------------------------------------------------------------    -------------------
    DSP48E2_X2Y60        DSP_PREADD_DATA (Prop_DSP_PREADD_DATA_DSP48E2_CLK_D_DATA[12])
                                                      0.081     0.115 r  bd_0_i/hls_inst/inst/grp_FIR_filter_1_fu_431/am_addmul_16s_16s_15ns_32_4_1_U80/FIR_Halfband_v2_am_addmul_16s_16s_15ns_32_4_1_DSP48_0_U/p_reg_reg/DSP_PREADD_DATA_INST/D_DATA[12]
                         net (fo=1, routed)           0.000     0.115    bd_0_i/hls_inst/inst/grp_FIR_filter_1_fu_431/am_addmul_16s_16s_15ns_32_4_1_U80/FIR_Halfband_v2_am_addmul_16s_16s_15ns_32_4_1_DSP48_0_U/p_reg_reg/DSP_PREADD_DATA.D_DATA<12>
    DSP48E2_X2Y60        DSP_PREADD (Prop_DSP_PREADD_DSP48E2_D_DATA[12]_AD[12])
                                                      0.033     0.148 r  bd_0_i/hls_inst/inst/grp_FIR_filter_1_fu_431/am_addmul_16s_16s_15ns_32_4_1_U80/FIR_Halfband_v2_am_addmul_16s_16s_15ns_32_4_1_DSP48_0_U/p_reg_reg/DSP_PREADD_INST/AD[12]
                         net (fo=1, routed)           0.000     0.148    bd_0_i/hls_inst/inst/grp_FIR_filter_1_fu_431/am_addmul_16s_16s_15ns_32_4_1_U80/FIR_Halfband_v2_am_addmul_16s_16s_15ns_32_4_1_DSP48_0_U/p_reg_reg/DSP_PREADD.AD<12>
    DSP48E2_X2Y60        DSP_PREADD_DATA                              r  bd_0_i/hls_inst/inst/grp_FIR_filter_1_fu_431/am_addmul_16s_16s_15ns_32_4_1_U80/FIR_Halfband_v2_am_addmul_16s_16s_15ns_32_4_1_DSP48_0_U/p_reg_reg/DSP_PREADD_DATA_INST/AD[12]
  -------------------------------------------------------------------    -------------------

                         (clock ap_clk rise edge)     0.000     0.000 r  
                                                      0.000     0.000 r  ap_clk (IN)
                         net (fo=1950, unset)         0.042     0.042    bd_0_i/hls_inst/inst/grp_FIR_filter_1_fu_431/am_addmul_16s_16s_15ns_32_4_1_U80/FIR_Halfband_v2_am_addmul_16s_16s_15ns_32_4_1_DSP48_0_U/p_reg_reg/CLK
    DSP48E2_X2Y60        DSP_PREADD_DATA                              r  bd_0_i/hls_inst/inst/grp_FIR_filter_1_fu_431/am_addmul_16s_16s_15ns_32_4_1_U80/FIR_Halfband_v2_am_addmul_16s_16s_15ns_32_4_1_DSP48_0_U/p_reg_reg/DSP_PREADD_DATA_INST/CLK
                         clock pessimism              0.000     0.042    
    DSP48E2_X2Y60        DSP_PREADD_DATA (Hold_DSP_PREADD_DATA_DSP48E2_CLK_AD[12])
                                                      0.060     0.102    bd_0_i/hls_inst/inst/grp_FIR_filter_1_fu_431/am_addmul_16s_16s_15ns_32_4_1_U80/FIR_Halfband_v2_am_addmul_16s_16s_15ns_32_4_1_DSP48_0_U/p_reg_reg/DSP_PREADD_DATA_INST
  -------------------------------------------------------------------
                         required time                         -0.102    
                         arrival time                           0.148    
  -------------------------------------------------------------------
                         slack                                  0.046    

Slack (MET) :             0.046ns  (arrival time - required time)
  Source:                 bd_0_i/hls_inst/inst/grp_FIR_filter_1_fu_431/am_addmul_16s_16s_15ns_32_4_1_U80/FIR_Halfband_v2_am_addmul_16s_16s_15ns_32_4_1_DSP48_0_U/p_reg_reg/DSP_PREADD_DATA_INST/CLK
                            (rising edge-triggered cell DSP_PREADD_DATA clocked by ap_clk  {rise@0.000ns fall@5.000ns period=10.000ns})
  Destination:            bd_0_i/hls_inst/inst/grp_FIR_filter_1_fu_431/am_addmul_16s_16s_15ns_32_4_1_U80/FIR_Halfband_v2_am_addmul_16s_16s_15ns_32_4_1_DSP48_0_U/p_reg_reg/DSP_PREADD_DATA_INST/AD[13]
                            (rising edge-triggered cell DSP_PREADD_DATA clocked by ap_clk  {rise@0.000ns fall@5.000ns period=10.000ns})
  Path Group:             ap_clk
  Path Type:              Hold (Min at Fast Process Corner)
  Requirement:            0.000ns  (ap_clk rise@0.000ns - ap_clk rise@0.000ns)
  Data Path Delay:        0.114ns  (logic 0.114ns (100.000%)  route 0.000ns (0.000%))
  Logic Levels:           1  (DSP_PREADD=1)
  Clock Path Skew:        0.008ns (DCD - SCD - CPR)
    Destination Clock Delay (DCD):    0.042ns
    Source Clock Delay      (SCD):    0.034ns
    Clock Pessimism Removal (CPR):    -0.000ns

    Location             Delay type                Incr(ns)  Path(ns)    Netlist Resource(s)
  -------------------------------------------------------------------    -------------------
                         (clock ap_clk rise edge)     0.000     0.000 r  
                                                      0.000     0.000 r  ap_clk (IN)
                         net (fo=1950, unset)         0.034     0.034    bd_0_i/hls_inst/inst/grp_FIR_filter_1_fu_431/am_addmul_16s_16s_15ns_32_4_1_U80/FIR_Halfband_v2_am_addmul_16s_16s_15ns_32_4_1_DSP48_0_U/p_reg_reg/CLK
    DSP48E2_X2Y60        DSP_PREADD_DATA                              r  bd_0_i/hls_inst/inst/grp_FIR_filter_1_fu_431/am_addmul_16s_16s_15ns_32_4_1_U80/FIR_Halfband_v2_am_addmul_16s_16s_15ns_32_4_1_DSP48_0_U/p_reg_reg/DSP_PREADD_DATA_INST/CLK
  -------------------------------------------------------------------    -------------------
    DSP48E2_X2Y60        DSP_PREADD_DATA (Prop_DSP_PREADD_DATA_DSP48E2_CLK_D_DATA[13])
                                                      0.081     0.115 r  bd_0_i/hls_inst/inst/grp_FIR_filter_1_fu_431/am_addmul_16s_16s_15ns_32_4_1_U80/FIR_Halfband_v2_am_addmul_16s_16s_15ns_32_4_1_DSP48_0_U/p_reg_reg/DSP_PREADD_DATA_INST/D_DATA[13]
                         net (fo=1, routed)           0.000     0.115    bd_0_i/hls_inst/inst/grp_FIR_filter_1_fu_431/am_addmul_16s_16s_15ns_32_4_1_U80/FIR_Halfband_v2_am_addmul_16s_16s_15ns_32_4_1_DSP48_0_U/p_reg_reg/DSP_PREADD_DATA.D_DATA<13>
    DSP48E2_X2Y60        DSP_PREADD (Prop_DSP_PREADD_DSP48E2_D_DATA[13]_AD[13])
                                                      0.033     0.148 r  bd_0_i/hls_inst/inst/grp_FIR_filter_1_fu_431/am_addmul_16s_16s_15ns_32_4_1_U80/FIR_Halfband_v2_am_addmul_16s_16s_15ns_32_4_1_DSP48_0_U/p_reg_reg/DSP_PREADD_INST/AD[13]
                         net (fo=1, routed)           0.000     0.148    bd_0_i/hls_inst/inst/grp_FIR_filter_1_fu_431/am_addmul_16s_16s_15ns_32_4_1_U80/FIR_Halfband_v2_am_addmul_16s_16s_15ns_32_4_1_DSP48_0_U/p_reg_reg/DSP_PREADD.AD<13>
    DSP48E2_X2Y60        DSP_PREADD_DATA                              r  bd_0_i/hls_inst/inst/grp_FIR_filter_1_fu_431/am_addmul_16s_16s_15ns_32_4_1_U80/FIR_Halfband_v2_am_addmul_16s_16s_15ns_32_4_1_DSP48_0_U/p_reg_reg/DSP_PREADD_DATA_INST/AD[13]
  -------------------------------------------------------------------    -------------------

                         (clock ap_clk rise edge)     0.000     0.000 r  
                                                      0.000     0.000 r  ap_clk (IN)
                         net (fo=1950, unset)         0.042     0.042    bd_0_i/hls_inst/inst/grp_FIR_filter_1_fu_431/am_addmul_16s_16s_15ns_32_4_1_U80/FIR_Halfband_v2_am_addmul_16s_16s_15ns_32_4_1_DSP48_0_U/p_reg_reg/CLK
    DSP48E2_X2Y60        DSP_PREADD_DATA                              r  bd_0_i/hls_inst/inst/grp_FIR_filter_1_fu_431/am_addmul_16s_16s_15ns_32_4_1_U80/FIR_Halfband_v2_am_addmul_16s_16s_15ns_32_4_1_DSP48_0_U/p_reg_reg/DSP_PREADD_DATA_INST/CLK
                         clock pessimism              0.000     0.042    
    DSP48E2_X2Y60        DSP_PREADD_DATA (Hold_DSP_PREADD_DATA_DSP48E2_CLK_AD[13])
                                                      0.060     0.102    bd_0_i/hls_inst/inst/grp_FIR_filter_1_fu_431/am_addmul_16s_16s_15ns_32_4_1_U80/FIR_Halfband_v2_am_addmul_16s_16s_15ns_32_4_1_DSP48_0_U/p_reg_reg/DSP_PREADD_DATA_INST
  -------------------------------------------------------------------
                         required time                         -0.102    
                         arrival time                           0.148    
  -------------------------------------------------------------------
                         slack                                  0.046    

Slack (MET) :             0.046ns  (arrival time - required time)
  Source:                 bd_0_i/hls_inst/inst/grp_FIR_filter_1_fu_431/am_addmul_16s_16s_15ns_32_4_1_U80/FIR_Halfband_v2_am_addmul_16s_16s_15ns_32_4_1_DSP48_0_U/p_reg_reg/DSP_PREADD_DATA_INST/CLK
                            (rising edge-triggered cell DSP_PREADD_DATA clocked by ap_clk  {rise@0.000ns fall@5.000ns period=10.000ns})
  Destination:            bd_0_i/hls_inst/inst/grp_FIR_filter_1_fu_431/am_addmul_16s_16s_15ns_32_4_1_U80/FIR_Halfband_v2_am_addmul_16s_16s_15ns_32_4_1_DSP48_0_U/p_reg_reg/DSP_PREADD_DATA_INST/AD[14]
                            (rising edge-triggered cell DSP_PREADD_DATA clocked by ap_clk  {rise@0.000ns fall@5.000ns period=10.000ns})
  Path Group:             ap_clk
  Path Type:              Hold (Min at Fast Process Corner)
  Requirement:            0.000ns  (ap_clk rise@0.000ns - ap_clk rise@0.000ns)
  Data Path Delay:        0.114ns  (logic 0.114ns (100.000%)  route 0.000ns (0.000%))
  Logic Levels:           1  (DSP_PREADD=1)
  Clock Path Skew:        0.008ns (DCD - SCD - CPR)
    Destination Clock Delay (DCD):    0.042ns
    Source Clock Delay      (SCD):    0.034ns
    Clock Pessimism Removal (CPR):    -0.000ns

    Location             Delay type                Incr(ns)  Path(ns)    Netlist Resource(s)
  -------------------------------------------------------------------    -------------------
                         (clock ap_clk rise edge)     0.000     0.000 r  
                                                      0.000     0.000 r  ap_clk (IN)
                         net (fo=1950, unset)         0.034     0.034    bd_0_i/hls_inst/inst/grp_FIR_filter_1_fu_431/am_addmul_16s_16s_15ns_32_4_1_U80/FIR_Halfband_v2_am_addmul_16s_16s_15ns_32_4_1_DSP48_0_U/p_reg_reg/CLK
    DSP48E2_X2Y60        DSP_PREADD_DATA                              r  bd_0_i/hls_inst/inst/grp_FIR_filter_1_fu_431/am_addmul_16s_16s_15ns_32_4_1_U80/FIR_Halfband_v2_am_addmul_16s_16s_15ns_32_4_1_DSP48_0_U/p_reg_reg/DSP_PREADD_DATA_INST/CLK
  -------------------------------------------------------------------    -------------------
    DSP48E2_X2Y60        DSP_PREADD_DATA (Prop_DSP_PREADD_DATA_DSP48E2_CLK_D_DATA[14])
                                                      0.081     0.115 r  bd_0_i/hls_inst/inst/grp_FIR_filter_1_fu_431/am_addmul_16s_16s_15ns_32_4_1_U80/FIR_Halfband_v2_am_addmul_16s_16s_15ns_32_4_1_DSP48_0_U/p_reg_reg/DSP_PREADD_DATA_INST/D_DATA[14]
                         net (fo=1, routed)           0.000     0.115    bd_0_i/hls_inst/inst/grp_FIR_filter_1_fu_431/am_addmul_16s_16s_15ns_32_4_1_U80/FIR_Halfband_v2_am_addmul_16s_16s_15ns_32_4_1_DSP48_0_U/p_reg_reg/DSP_PREADD_DATA.D_DATA<14>
    DSP48E2_X2Y60        DSP_PREADD (Prop_DSP_PREADD_DSP48E2_D_DATA[14]_AD[14])
                                                      0.033     0.148 r  bd_0_i/hls_inst/inst/grp_FIR_filter_1_fu_431/am_addmul_16s_16s_15ns_32_4_1_U80/FIR_Halfband_v2_am_addmul_16s_16s_15ns_32_4_1_DSP48_0_U/p_reg_reg/DSP_PREADD_INST/AD[14]
                         net (fo=1, routed)           0.000     0.148    bd_0_i/hls_inst/inst/grp_FIR_filter_1_fu_431/am_addmul_16s_16s_15ns_32_4_1_U80/FIR_Halfband_v2_am_addmul_16s_16s_15ns_32_4_1_DSP48_0_U/p_reg_reg/DSP_PREADD.AD<14>
    DSP48E2_X2Y60        DSP_PREADD_DATA                              r  bd_0_i/hls_inst/inst/grp_FIR_filter_1_fu_431/am_addmul_16s_16s_15ns_32_4_1_U80/FIR_Halfband_v2_am_addmul_16s_16s_15ns_32_4_1_DSP48_0_U/p_reg_reg/DSP_PREADD_DATA_INST/AD[14]
  -------------------------------------------------------------------    -------------------

                         (clock ap_clk rise edge)     0.000     0.000 r  
                                                      0.000     0.000 r  ap_clk (IN)
                         net (fo=1950, unset)         0.042     0.042    bd_0_i/hls_inst/inst/grp_FIR_filter_1_fu_431/am_addmul_16s_16s_15ns_32_4_1_U80/FIR_Halfband_v2_am_addmul_16s_16s_15ns_32_4_1_DSP48_0_U/p_reg_reg/CLK
    DSP48E2_X2Y60        DSP_PREADD_DATA                              r  bd_0_i/hls_inst/inst/grp_FIR_filter_1_fu_431/am_addmul_16s_16s_15ns_32_4_1_U80/FIR_Halfband_v2_am_addmul_16s_16s_15ns_32_4_1_DSP48_0_U/p_reg_reg/DSP_PREADD_DATA_INST/CLK
                         clock pessimism              0.000     0.042    
    DSP48E2_X2Y60        DSP_PREADD_DATA (Hold_DSP_PREADD_DATA_DSP48E2_CLK_AD[14])
                                                      0.060     0.102    bd_0_i/hls_inst/inst/grp_FIR_filter_1_fu_431/am_addmul_16s_16s_15ns_32_4_1_U80/FIR_Halfband_v2_am_addmul_16s_16s_15ns_32_4_1_DSP48_0_U/p_reg_reg/DSP_PREADD_DATA_INST
  -------------------------------------------------------------------
                         required time                         -0.102    
                         arrival time                           0.148    
  -------------------------------------------------------------------
                         slack                                  0.046    

Slack (MET) :             0.046ns  (arrival time - required time)
  Source:                 bd_0_i/hls_inst/inst/grp_FIR_filter_1_fu_431/am_addmul_16s_16s_15ns_32_4_1_U80/FIR_Halfband_v2_am_addmul_16s_16s_15ns_32_4_1_DSP48_0_U/p_reg_reg/DSP_PREADD_DATA_INST/CLK
                            (rising edge-triggered cell DSP_PREADD_DATA clocked by ap_clk  {rise@0.000ns fall@5.000ns period=10.000ns})
  Destination:            bd_0_i/hls_inst/inst/grp_FIR_filter_1_fu_431/am_addmul_16s_16s_15ns_32_4_1_U80/FIR_Halfband_v2_am_addmul_16s_16s_15ns_32_4_1_DSP48_0_U/p_reg_reg/DSP_PREADD_DATA_INST/AD[15]
                            (rising edge-triggered cell DSP_PREADD_DATA clocked by ap_clk  {rise@0.000ns fall@5.000ns period=10.000ns})
  Path Group:             ap_clk
  Path Type:              Hold (Min at Fast Process Corner)
  Requirement:            0.000ns  (ap_clk rise@0.000ns - ap_clk rise@0.000ns)
  Data Path Delay:        0.114ns  (logic 0.114ns (100.000%)  route 0.000ns (0.000%))
  Logic Levels:           1  (DSP_PREADD=1)
  Clock Path Skew:        0.008ns (DCD - SCD - CPR)
    Destination Clock Delay (DCD):    0.042ns
    Source Clock Delay      (SCD):    0.034ns
    Clock Pessimism Removal (CPR):    -0.000ns

    Location             Delay type                Incr(ns)  Path(ns)    Netlist Resource(s)
  -------------------------------------------------------------------    -------------------
                         (clock ap_clk rise edge)     0.000     0.000 r  
                                                      0.000     0.000 r  ap_clk (IN)
                         net (fo=1950, unset)         0.034     0.034    bd_0_i/hls_inst/inst/grp_FIR_filter_1_fu_431/am_addmul_16s_16s_15ns_32_4_1_U80/FIR_Halfband_v2_am_addmul_16s_16s_15ns_32_4_1_DSP48_0_U/p_reg_reg/CLK
    DSP48E2_X2Y60        DSP_PREADD_DATA                              r  bd_0_i/hls_inst/inst/grp_FIR_filter_1_fu_431/am_addmul_16s_16s_15ns_32_4_1_U80/FIR_Halfband_v2_am_addmul_16s_16s_15ns_32_4_1_DSP48_0_U/p_reg_reg/DSP_PREADD_DATA_INST/CLK
  -------------------------------------------------------------------    -------------------
    DSP48E2_X2Y60        DSP_PREADD_DATA (Prop_DSP_PREADD_DATA_DSP48E2_CLK_D_DATA[15])
                                                      0.081     0.115 r  bd_0_i/hls_inst/inst/grp_FIR_filter_1_fu_431/am_addmul_16s_16s_15ns_32_4_1_U80/FIR_Halfband_v2_am_addmul_16s_16s_15ns_32_4_1_DSP48_0_U/p_reg_reg/DSP_PREADD_DATA_INST/D_DATA[15]
                         net (fo=1, routed)           0.000     0.115    bd_0_i/hls_inst/inst/grp_FIR_filter_1_fu_431/am_addmul_16s_16s_15ns_32_4_1_U80/FIR_Halfband_v2_am_addmul_16s_16s_15ns_32_4_1_DSP48_0_U/p_reg_reg/DSP_PREADD_DATA.D_DATA<15>
    DSP48E2_X2Y60        DSP_PREADD (Prop_DSP_PREADD_DSP48E2_D_DATA[15]_AD[15])
                                                      0.033     0.148 r  bd_0_i/hls_inst/inst/grp_FIR_filter_1_fu_431/am_addmul_16s_16s_15ns_32_4_1_U80/FIR_Halfband_v2_am_addmul_16s_16s_15ns_32_4_1_DSP48_0_U/p_reg_reg/DSP_PREADD_INST/AD[15]
                         net (fo=1, routed)           0.000     0.148    bd_0_i/hls_inst/inst/grp_FIR_filter_1_fu_431/am_addmul_16s_16s_15ns_32_4_1_U80/FIR_Halfband_v2_am_addmul_16s_16s_15ns_32_4_1_DSP48_0_U/p_reg_reg/DSP_PREADD.AD<15>
    DSP48E2_X2Y60        DSP_PREADD_DATA                              r  bd_0_i/hls_inst/inst/grp_FIR_filter_1_fu_431/am_addmul_16s_16s_15ns_32_4_1_U80/FIR_Halfband_v2_am_addmul_16s_16s_15ns_32_4_1_DSP48_0_U/p_reg_reg/DSP_PREADD_DATA_INST/AD[15]
  -------------------------------------------------------------------    -------------------

                         (clock ap_clk rise edge)     0.000     0.000 r  
                                                      0.000     0.000 r  ap_clk (IN)
                         net (fo=1950, unset)         0.042     0.042    bd_0_i/hls_inst/inst/grp_FIR_filter_1_fu_431/am_addmul_16s_16s_15ns_32_4_1_U80/FIR_Halfband_v2_am_addmul_16s_16s_15ns_32_4_1_DSP48_0_U/p_reg_reg/CLK
    DSP48E2_X2Y60        DSP_PREADD_DATA                              r  bd_0_i/hls_inst/inst/grp_FIR_filter_1_fu_431/am_addmul_16s_16s_15ns_32_4_1_U80/FIR_Halfband_v2_am_addmul_16s_16s_15ns_32_4_1_DSP48_0_U/p_reg_reg/DSP_PREADD_DATA_INST/CLK
                         clock pessimism              0.000     0.042    
    DSP48E2_X2Y60        DSP_PREADD_DATA (Hold_DSP_PREADD_DATA_DSP48E2_CLK_AD[15])
                                                      0.060     0.102    bd_0_i/hls_inst/inst/grp_FIR_filter_1_fu_431/am_addmul_16s_16s_15ns_32_4_1_U80/FIR_Halfband_v2_am_addmul_16s_16s_15ns_32_4_1_DSP48_0_U/p_reg_reg/DSP_PREADD_DATA_INST
  -------------------------------------------------------------------
                         required time                         -0.102    
                         arrival time                           0.148    
  -------------------------------------------------------------------
                         slack                                  0.046    

Slack (MET) :             0.046ns  (arrival time - required time)
  Source:                 bd_0_i/hls_inst/inst/grp_FIR_filter_1_fu_431/am_addmul_16s_16s_15ns_32_4_1_U80/FIR_Halfband_v2_am_addmul_16s_16s_15ns_32_4_1_DSP48_0_U/p_reg_reg/DSP_PREADD_DATA_INST/CLK
                            (rising edge-triggered cell DSP_PREADD_DATA clocked by ap_clk  {rise@0.000ns fall@5.000ns period=10.000ns})
  Destination:            bd_0_i/hls_inst/inst/grp_FIR_filter_1_fu_431/am_addmul_16s_16s_15ns_32_4_1_U80/FIR_Halfband_v2_am_addmul_16s_16s_15ns_32_4_1_DSP48_0_U/p_reg_reg/DSP_PREADD_DATA_INST/AD[16]
                            (rising edge-triggered cell DSP_PREADD_DATA clocked by ap_clk  {rise@0.000ns fall@5.000ns period=10.000ns})
  Path Group:             ap_clk
  Path Type:              Hold (Min at Fast Process Corner)
  Requirement:            0.000ns  (ap_clk rise@0.000ns - ap_clk rise@0.000ns)
  Data Path Delay:        0.114ns  (logic 0.114ns (100.000%)  route 0.000ns (0.000%))
  Logic Levels:           1  (DSP_PREADD=1)
  Clock Path Skew:        0.008ns (DCD - SCD - CPR)
    Destination Clock Delay (DCD):    0.042ns
    Source Clock Delay      (SCD):    0.034ns
    Clock Pessimism Removal (CPR):    -0.000ns

    Location             Delay type                Incr(ns)  Path(ns)    Netlist Resource(s)
  -------------------------------------------------------------------    -------------------
                         (clock ap_clk rise edge)     0.000     0.000 r  
                                                      0.000     0.000 r  ap_clk (IN)
                         net (fo=1950, unset)         0.034     0.034    bd_0_i/hls_inst/inst/grp_FIR_filter_1_fu_431/am_addmul_16s_16s_15ns_32_4_1_U80/FIR_Halfband_v2_am_addmul_16s_16s_15ns_32_4_1_DSP48_0_U/p_reg_reg/CLK
    DSP48E2_X2Y60        DSP_PREADD_DATA                              r  bd_0_i/hls_inst/inst/grp_FIR_filter_1_fu_431/am_addmul_16s_16s_15ns_32_4_1_U80/FIR_Halfband_v2_am_addmul_16s_16s_15ns_32_4_1_DSP48_0_U/p_reg_reg/DSP_PREADD_DATA_INST/CLK
  -------------------------------------------------------------------    -------------------
    DSP48E2_X2Y60        DSP_PREADD_DATA (Prop_DSP_PREADD_DATA_DSP48E2_CLK_D_DATA[16])
                                                      0.081     0.115 r  bd_0_i/hls_inst/inst/grp_FIR_filter_1_fu_431/am_addmul_16s_16s_15ns_32_4_1_U80/FIR_Halfband_v2_am_addmul_16s_16s_15ns_32_4_1_DSP48_0_U/p_reg_reg/DSP_PREADD_DATA_INST/D_DATA[16]
                         net (fo=1, routed)           0.000     0.115    bd_0_i/hls_inst/inst/grp_FIR_filter_1_fu_431/am_addmul_16s_16s_15ns_32_4_1_U80/FIR_Halfband_v2_am_addmul_16s_16s_15ns_32_4_1_DSP48_0_U/p_reg_reg/DSP_PREADD_DATA.D_DATA<16>
    DSP48E2_X2Y60        DSP_PREADD (Prop_DSP_PREADD_DSP48E2_D_DATA[16]_AD[16])
                                                      0.033     0.148 r  bd_0_i/hls_inst/inst/grp_FIR_filter_1_fu_431/am_addmul_16s_16s_15ns_32_4_1_U80/FIR_Halfband_v2_am_addmul_16s_16s_15ns_32_4_1_DSP48_0_U/p_reg_reg/DSP_PREADD_INST/AD[16]
                         net (fo=1, routed)           0.000     0.148    bd_0_i/hls_inst/inst/grp_FIR_filter_1_fu_431/am_addmul_16s_16s_15ns_32_4_1_U80/FIR_Halfband_v2_am_addmul_16s_16s_15ns_32_4_1_DSP48_0_U/p_reg_reg/DSP_PREADD.AD<16>
    DSP48E2_X2Y60        DSP_PREADD_DATA                              r  bd_0_i/hls_inst/inst/grp_FIR_filter_1_fu_431/am_addmul_16s_16s_15ns_32_4_1_U80/FIR_Halfband_v2_am_addmul_16s_16s_15ns_32_4_1_DSP48_0_U/p_reg_reg/DSP_PREADD_DATA_INST/AD[16]
  -------------------------------------------------------------------    -------------------

                         (clock ap_clk rise edge)     0.000     0.000 r  
                                                      0.000     0.000 r  ap_clk (IN)
                         net (fo=1950, unset)         0.042     0.042    bd_0_i/hls_inst/inst/grp_FIR_filter_1_fu_431/am_addmul_16s_16s_15ns_32_4_1_U80/FIR_Halfband_v2_am_addmul_16s_16s_15ns_32_4_1_DSP48_0_U/p_reg_reg/CLK
    DSP48E2_X2Y60        DSP_PREADD_DATA                              r  bd_0_i/hls_inst/inst/grp_FIR_filter_1_fu_431/am_addmul_16s_16s_15ns_32_4_1_U80/FIR_Halfband_v2_am_addmul_16s_16s_15ns_32_4_1_DSP48_0_U/p_reg_reg/DSP_PREADD_DATA_INST/CLK
                         clock pessimism              0.000     0.042    
    DSP48E2_X2Y60        DSP_PREADD_DATA (Hold_DSP_PREADD_DATA_DSP48E2_CLK_AD[16])
                                                      0.060     0.102    bd_0_i/hls_inst/inst/grp_FIR_filter_1_fu_431/am_addmul_16s_16s_15ns_32_4_1_U80/FIR_Halfband_v2_am_addmul_16s_16s_15ns_32_4_1_DSP48_0_U/p_reg_reg/DSP_PREADD_DATA_INST
  -------------------------------------------------------------------
                         required time                         -0.102    
                         arrival time                           0.148    
  -------------------------------------------------------------------
                         slack                                  0.046    

Slack (MET) :             0.046ns  (arrival time - required time)
  Source:                 bd_0_i/hls_inst/inst/grp_FIR_filter_1_fu_431/am_addmul_16s_16s_15ns_32_4_1_U80/FIR_Halfband_v2_am_addmul_16s_16s_15ns_32_4_1_DSP48_0_U/p_reg_reg/DSP_PREADD_DATA_INST/CLK
                            (rising edge-triggered cell DSP_PREADD_DATA clocked by ap_clk  {rise@0.000ns fall@5.000ns period=10.000ns})
  Destination:            bd_0_i/hls_inst/inst/grp_FIR_filter_1_fu_431/am_addmul_16s_16s_15ns_32_4_1_U80/FIR_Halfband_v2_am_addmul_16s_16s_15ns_32_4_1_DSP48_0_U/p_reg_reg/DSP_PREADD_DATA_INST/AD[17]
                            (rising edge-triggered cell DSP_PREADD_DATA clocked by ap_clk  {rise@0.000ns fall@5.000ns period=10.000ns})
  Path Group:             ap_clk
  Path Type:              Hold (Min at Fast Process Corner)
  Requirement:            0.000ns  (ap_clk rise@0.000ns - ap_clk rise@0.000ns)
  Data Path Delay:        0.114ns  (logic 0.114ns (100.000%)  route 0.000ns (0.000%))
  Logic Levels:           1  (DSP_PREADD=1)
  Clock Path Skew:        0.008ns (DCD - SCD - CPR)
    Destination Clock Delay (DCD):    0.042ns
    Source Clock Delay      (SCD):    0.034ns
    Clock Pessimism Removal (CPR):    -0.000ns

    Location             Delay type                Incr(ns)  Path(ns)    Netlist Resource(s)
  -------------------------------------------------------------------    -------------------
                         (clock ap_clk rise edge)     0.000     0.000 r  
                                                      0.000     0.000 r  ap_clk (IN)
                         net (fo=1950, unset)         0.034     0.034    bd_0_i/hls_inst/inst/grp_FIR_filter_1_fu_431/am_addmul_16s_16s_15ns_32_4_1_U80/FIR_Halfband_v2_am_addmul_16s_16s_15ns_32_4_1_DSP48_0_U/p_reg_reg/CLK
    DSP48E2_X2Y60        DSP_PREADD_DATA                              r  bd_0_i/hls_inst/inst/grp_FIR_filter_1_fu_431/am_addmul_16s_16s_15ns_32_4_1_U80/FIR_Halfband_v2_am_addmul_16s_16s_15ns_32_4_1_DSP48_0_U/p_reg_reg/DSP_PREADD_DATA_INST/CLK
  -------------------------------------------------------------------    -------------------
    DSP48E2_X2Y60        DSP_PREADD_DATA (Prop_DSP_PREADD_DATA_DSP48E2_CLK_D_DATA[17])
                                                      0.081     0.115 r  bd_0_i/hls_inst/inst/grp_FIR_filter_1_fu_431/am_addmul_16s_16s_15ns_32_4_1_U80/FIR_Halfband_v2_am_addmul_16s_16s_15ns_32_4_1_DSP48_0_U/p_reg_reg/DSP_PREADD_DATA_INST/D_DATA[17]
                         net (fo=1, routed)           0.000     0.115    bd_0_i/hls_inst/inst/grp_FIR_filter_1_fu_431/am_addmul_16s_16s_15ns_32_4_1_U80/FIR_Halfband_v2_am_addmul_16s_16s_15ns_32_4_1_DSP48_0_U/p_reg_reg/DSP_PREADD_DATA.D_DATA<17>
    DSP48E2_X2Y60        DSP_PREADD (Prop_DSP_PREADD_DSP48E2_D_DATA[17]_AD[17])
                                                      0.033     0.148 r  bd_0_i/hls_inst/inst/grp_FIR_filter_1_fu_431/am_addmul_16s_16s_15ns_32_4_1_U80/FIR_Halfband_v2_am_addmul_16s_16s_15ns_32_4_1_DSP48_0_U/p_reg_reg/DSP_PREADD_INST/AD[17]
                         net (fo=1, routed)           0.000     0.148    bd_0_i/hls_inst/inst/grp_FIR_filter_1_fu_431/am_addmul_16s_16s_15ns_32_4_1_U80/FIR_Halfband_v2_am_addmul_16s_16s_15ns_32_4_1_DSP48_0_U/p_reg_reg/DSP_PREADD.AD<17>
    DSP48E2_X2Y60        DSP_PREADD_DATA                              r  bd_0_i/hls_inst/inst/grp_FIR_filter_1_fu_431/am_addmul_16s_16s_15ns_32_4_1_U80/FIR_Halfband_v2_am_addmul_16s_16s_15ns_32_4_1_DSP48_0_U/p_reg_reg/DSP_PREADD_DATA_INST/AD[17]
  -------------------------------------------------------------------    -------------------

                         (clock ap_clk rise edge)     0.000     0.000 r  
                                                      0.000     0.000 r  ap_clk (IN)
                         net (fo=1950, unset)         0.042     0.042    bd_0_i/hls_inst/inst/grp_FIR_filter_1_fu_431/am_addmul_16s_16s_15ns_32_4_1_U80/FIR_Halfband_v2_am_addmul_16s_16s_15ns_32_4_1_DSP48_0_U/p_reg_reg/CLK
    DSP48E2_X2Y60        DSP_PREADD_DATA                              r  bd_0_i/hls_inst/inst/grp_FIR_filter_1_fu_431/am_addmul_16s_16s_15ns_32_4_1_U80/FIR_Halfband_v2_am_addmul_16s_16s_15ns_32_4_1_DSP48_0_U/p_reg_reg/DSP_PREADD_DATA_INST/CLK
                         clock pessimism              0.000     0.042    
    DSP48E2_X2Y60        DSP_PREADD_DATA (Hold_DSP_PREADD_DATA_DSP48E2_CLK_AD[17])
                                                      0.060     0.102    bd_0_i/hls_inst/inst/grp_FIR_filter_1_fu_431/am_addmul_16s_16s_15ns_32_4_1_U80/FIR_Halfband_v2_am_addmul_16s_16s_15ns_32_4_1_DSP48_0_U/p_reg_reg/DSP_PREADD_DATA_INST
  -------------------------------------------------------------------
                         required time                         -0.102    
                         arrival time                           0.148    
  -------------------------------------------------------------------
                         slack                                  0.046    

Slack (MET) :             0.046ns  (arrival time - required time)
  Source:                 bd_0_i/hls_inst/inst/grp_FIR_filter_1_fu_431/am_addmul_16s_16s_15ns_32_4_1_U80/FIR_Halfband_v2_am_addmul_16s_16s_15ns_32_4_1_DSP48_0_U/p_reg_reg/DSP_PREADD_DATA_INST/CLK
                            (rising edge-triggered cell DSP_PREADD_DATA clocked by ap_clk  {rise@0.000ns fall@5.000ns period=10.000ns})
  Destination:            bd_0_i/hls_inst/inst/grp_FIR_filter_1_fu_431/am_addmul_16s_16s_15ns_32_4_1_U80/FIR_Halfband_v2_am_addmul_16s_16s_15ns_32_4_1_DSP48_0_U/p_reg_reg/DSP_PREADD_DATA_INST/AD[18]
                            (rising edge-triggered cell DSP_PREADD_DATA clocked by ap_clk  {rise@0.000ns fall@5.000ns period=10.000ns})
  Path Group:             ap_clk
  Path Type:              Hold (Min at Fast Process Corner)
  Requirement:            0.000ns  (ap_clk rise@0.000ns - ap_clk rise@0.000ns)
  Data Path Delay:        0.114ns  (logic 0.114ns (100.000%)  route 0.000ns (0.000%))
  Logic Levels:           1  (DSP_PREADD=1)
  Clock Path Skew:        0.008ns (DCD - SCD - CPR)
    Destination Clock Delay (DCD):    0.042ns
    Source Clock Delay      (SCD):    0.034ns
    Clock Pessimism Removal (CPR):    -0.000ns

    Location             Delay type                Incr(ns)  Path(ns)    Netlist Resource(s)
  -------------------------------------------------------------------    -------------------
                         (clock ap_clk rise edge)     0.000     0.000 r  
                                                      0.000     0.000 r  ap_clk (IN)
                         net (fo=1950, unset)         0.034     0.034    bd_0_i/hls_inst/inst/grp_FIR_filter_1_fu_431/am_addmul_16s_16s_15ns_32_4_1_U80/FIR_Halfband_v2_am_addmul_16s_16s_15ns_32_4_1_DSP48_0_U/p_reg_reg/CLK
    DSP48E2_X2Y60        DSP_PREADD_DATA                              r  bd_0_i/hls_inst/inst/grp_FIR_filter_1_fu_431/am_addmul_16s_16s_15ns_32_4_1_U80/FIR_Halfband_v2_am_addmul_16s_16s_15ns_32_4_1_DSP48_0_U/p_reg_reg/DSP_PREADD_DATA_INST/CLK
  -------------------------------------------------------------------    -------------------
    DSP48E2_X2Y60        DSP_PREADD_DATA (Prop_DSP_PREADD_DATA_DSP48E2_CLK_D_DATA[18])
                                                      0.081     0.115 r  bd_0_i/hls_inst/inst/grp_FIR_filter_1_fu_431/am_addmul_16s_16s_15ns_32_4_1_U80/FIR_Halfband_v2_am_addmul_16s_16s_15ns_32_4_1_DSP48_0_U/p_reg_reg/DSP_PREADD_DATA_INST/D_DATA[18]
                         net (fo=1, routed)           0.000     0.115    bd_0_i/hls_inst/inst/grp_FIR_filter_1_fu_431/am_addmul_16s_16s_15ns_32_4_1_U80/FIR_Halfband_v2_am_addmul_16s_16s_15ns_32_4_1_DSP48_0_U/p_reg_reg/DSP_PREADD_DATA.D_DATA<18>
    DSP48E2_X2Y60        DSP_PREADD (Prop_DSP_PREADD_DSP48E2_D_DATA[18]_AD[18])
                                                      0.033     0.148 r  bd_0_i/hls_inst/inst/grp_FIR_filter_1_fu_431/am_addmul_16s_16s_15ns_32_4_1_U80/FIR_Halfband_v2_am_addmul_16s_16s_15ns_32_4_1_DSP48_0_U/p_reg_reg/DSP_PREADD_INST/AD[18]
                         net (fo=1, routed)           0.000     0.148    bd_0_i/hls_inst/inst/grp_FIR_filter_1_fu_431/am_addmul_16s_16s_15ns_32_4_1_U80/FIR_Halfband_v2_am_addmul_16s_16s_15ns_32_4_1_DSP48_0_U/p_reg_reg/DSP_PREADD.AD<18>
    DSP48E2_X2Y60        DSP_PREADD_DATA                              r  bd_0_i/hls_inst/inst/grp_FIR_filter_1_fu_431/am_addmul_16s_16s_15ns_32_4_1_U80/FIR_Halfband_v2_am_addmul_16s_16s_15ns_32_4_1_DSP48_0_U/p_reg_reg/DSP_PREADD_DATA_INST/AD[18]
  -------------------------------------------------------------------    -------------------

                         (clock ap_clk rise edge)     0.000     0.000 r  
                                                      0.000     0.000 r  ap_clk (IN)
                         net (fo=1950, unset)         0.042     0.042    bd_0_i/hls_inst/inst/grp_FIR_filter_1_fu_431/am_addmul_16s_16s_15ns_32_4_1_U80/FIR_Halfband_v2_am_addmul_16s_16s_15ns_32_4_1_DSP48_0_U/p_reg_reg/CLK
    DSP48E2_X2Y60        DSP_PREADD_DATA                              r  bd_0_i/hls_inst/inst/grp_FIR_filter_1_fu_431/am_addmul_16s_16s_15ns_32_4_1_U80/FIR_Halfband_v2_am_addmul_16s_16s_15ns_32_4_1_DSP48_0_U/p_reg_reg/DSP_PREADD_DATA_INST/CLK
                         clock pessimism              0.000     0.042    
    DSP48E2_X2Y60        DSP_PREADD_DATA (Hold_DSP_PREADD_DATA_DSP48E2_CLK_AD[18])
                                                      0.060     0.102    bd_0_i/hls_inst/inst/grp_FIR_filter_1_fu_431/am_addmul_16s_16s_15ns_32_4_1_U80/FIR_Halfband_v2_am_addmul_16s_16s_15ns_32_4_1_DSP48_0_U/p_reg_reg/DSP_PREADD_DATA_INST
  -------------------------------------------------------------------
                         required time                         -0.102    
                         arrival time                           0.148    
  -------------------------------------------------------------------
                         slack                                  0.046    





Pulse Width Checks
--------------------------------------------------------------------------------------
Clock Name:         ap_clk
Waveform(ns):       { 0.000 5.000 }
Period(ns):         10.000
Sources:            { ap_clk }

Check Type        Corner  Lib Pin     Reference Pin  Required(ns)  Actual(ns)  Slack(ns)  Location      Pin
Min Period        n/a     SRL16E/CLK  n/a            1.524         10.000      8.476      SLICE_X7Y175  bd_0_i/hls_inst/inst/p_ZL21H_filter_FIR_int_1_21_1_reg[15]_fwrd__3_srl4/CLK
Min Period        n/a     SRL16E/CLK  n/a            1.524         10.000      8.476      SLICE_X7Y175  bd_0_i/hls_inst/inst/p_ZL21H_filter_FIR_int_2_21_2_reg[15]_fwrd__4_srl5/CLK
Min Period        n/a     SRL16E/CLK  n/a            1.524         10.000      8.476      SLICE_X5Y158  bd_0_i/hls_inst/inst/H_dec_2_20_V_U/FIR_Halfband_v2_H_dec_2_20_V_SHIFTREG_AUTO_0R0W_core_U/ShiftRegMem_reg[1][0]_srl2/CLK
Min Period        n/a     SRL16E/CLK  n/a            1.524         10.000      8.476      SLICE_X5Y158  bd_0_i/hls_inst/inst/H_dec_2_20_V_U/FIR_Halfband_v2_H_dec_2_20_V_SHIFTREG_AUTO_0R0W_core_U/ShiftRegMem_reg[1][10]_srl2/CLK
Min Period        n/a     SRL16E/CLK  n/a            1.524         10.000      8.476      SLICE_X5Y158  bd_0_i/hls_inst/inst/H_dec_2_20_V_U/FIR_Halfband_v2_H_dec_2_20_V_SHIFTREG_AUTO_0R0W_core_U/ShiftRegMem_reg[1][11]_srl2/CLK
Min Period        n/a     SRL16E/CLK  n/a            1.524         10.000      8.476      SLICE_X5Y158  bd_0_i/hls_inst/inst/H_dec_2_20_V_U/FIR_Halfband_v2_H_dec_2_20_V_SHIFTREG_AUTO_0R0W_core_U/ShiftRegMem_reg[1][12]_srl2/CLK
Min Period        n/a     SRL16E/CLK  n/a            1.524         10.000      8.476      SLICE_X5Y158  bd_0_i/hls_inst/inst/H_dec_2_20_V_U/FIR_Halfband_v2_H_dec_2_20_V_SHIFTREG_AUTO_0R0W_core_U/ShiftRegMem_reg[1][13]_srl2/CLK
Min Period        n/a     SRL16E/CLK  n/a            1.524         10.000      8.476      SLICE_X5Y158  bd_0_i/hls_inst/inst/H_dec_2_20_V_U/FIR_Halfband_v2_H_dec_2_20_V_SHIFTREG_AUTO_0R0W_core_U/ShiftRegMem_reg[1][14]_srl2/CLK
Min Period        n/a     SRL16E/CLK  n/a            1.524         10.000      8.476      SLICE_X5Y158  bd_0_i/hls_inst/inst/H_dec_2_20_V_U/FIR_Halfband_v2_H_dec_2_20_V_SHIFTREG_AUTO_0R0W_core_U/ShiftRegMem_reg[1][15]_srl2/CLK
Min Period        n/a     SRL16E/CLK  n/a            1.524         10.000      8.476      SLICE_X5Y158  bd_0_i/hls_inst/inst/H_dec_2_20_V_U/FIR_Halfband_v2_H_dec_2_20_V_SHIFTREG_AUTO_0R0W_core_U/ShiftRegMem_reg[1][1]_srl2/CLK
Low Pulse Width   Slow    SRL16E/CLK  n/a            0.762         5.000       4.238      SLICE_X7Y175  bd_0_i/hls_inst/inst/p_ZL21H_filter_FIR_int_1_21_1_reg[15]_fwrd__3_srl4/CLK
Low Pulse Width   Fast    SRL16E/CLK  n/a            0.762         5.000       4.238      SLICE_X7Y175  bd_0_i/hls_inst/inst/p_ZL21H_filter_FIR_int_1_21_1_reg[15]_fwrd__3_srl4/CLK
Low Pulse Width   Slow    SRL16E/CLK  n/a            0.762         5.000       4.238      SLICE_X7Y175  bd_0_i/hls_inst/inst/p_ZL21H_filter_FIR_int_2_21_2_reg[15]_fwrd__4_srl5/CLK
Low Pulse Width   Fast    SRL16E/CLK  n/a            0.762         5.000       4.238      SLICE_X7Y175  bd_0_i/hls_inst/inst/p_ZL21H_filter_FIR_int_2_21_2_reg[15]_fwrd__4_srl5/CLK
Low Pulse Width   Slow    SRL16E/CLK  n/a            0.762         5.000       4.238      SLICE_X5Y158  bd_0_i/hls_inst/inst/H_dec_2_20_V_U/FIR_Halfband_v2_H_dec_2_20_V_SHIFTREG_AUTO_0R0W_core_U/ShiftRegMem_reg[1][0]_srl2/CLK
Low Pulse Width   Fast    SRL16E/CLK  n/a            0.762         5.000       4.238      SLICE_X5Y158  bd_0_i/hls_inst/inst/H_dec_2_20_V_U/FIR_Halfband_v2_H_dec_2_20_V_SHIFTREG_AUTO_0R0W_core_U/ShiftRegMem_reg[1][0]_srl2/CLK
Low Pulse Width   Slow    SRL16E/CLK  n/a            0.762         5.000       4.238      SLICE_X5Y158  bd_0_i/hls_inst/inst/H_dec_2_20_V_U/FIR_Halfband_v2_H_dec_2_20_V_SHIFTREG_AUTO_0R0W_core_U/ShiftRegMem_reg[1][10]_srl2/CLK
Low Pulse Width   Fast    SRL16E/CLK  n/a            0.762         5.000       4.238      SLICE_X5Y158  bd_0_i/hls_inst/inst/H_dec_2_20_V_U/FIR_Halfband_v2_H_dec_2_20_V_SHIFTREG_AUTO_0R0W_core_U/ShiftRegMem_reg[1][10]_srl2/CLK
Low Pulse Width   Slow    SRL16E/CLK  n/a            0.762         5.000       4.238      SLICE_X5Y158  bd_0_i/hls_inst/inst/H_dec_2_20_V_U/FIR_Halfband_v2_H_dec_2_20_V_SHIFTREG_AUTO_0R0W_core_U/ShiftRegMem_reg[1][11]_srl2/CLK
Low Pulse Width   Fast    SRL16E/CLK  n/a            0.762         5.000       4.238      SLICE_X5Y158  bd_0_i/hls_inst/inst/H_dec_2_20_V_U/FIR_Halfband_v2_H_dec_2_20_V_SHIFTREG_AUTO_0R0W_core_U/ShiftRegMem_reg[1][11]_srl2/CLK
High Pulse Width  Slow    SRL16E/CLK  n/a            0.762         5.000       4.238      SLICE_X7Y175  bd_0_i/hls_inst/inst/p_ZL21H_filter_FIR_int_1_21_1_reg[15]_fwrd__3_srl4/CLK
High Pulse Width  Fast    SRL16E/CLK  n/a            0.762         5.000       4.238      SLICE_X7Y175  bd_0_i/hls_inst/inst/p_ZL21H_filter_FIR_int_1_21_1_reg[15]_fwrd__3_srl4/CLK
High Pulse Width  Slow    SRL16E/CLK  n/a            0.762         5.000       4.238      SLICE_X7Y175  bd_0_i/hls_inst/inst/p_ZL21H_filter_FIR_int_2_21_2_reg[15]_fwrd__4_srl5/CLK
High Pulse Width  Fast    SRL16E/CLK  n/a            0.762         5.000       4.238      SLICE_X7Y175  bd_0_i/hls_inst/inst/p_ZL21H_filter_FIR_int_2_21_2_reg[15]_fwrd__4_srl5/CLK
High Pulse Width  Slow    SRL16E/CLK  n/a            0.762         5.000       4.238      SLICE_X5Y158  bd_0_i/hls_inst/inst/H_dec_2_20_V_U/FIR_Halfband_v2_H_dec_2_20_V_SHIFTREG_AUTO_0R0W_core_U/ShiftRegMem_reg[1][0]_srl2/CLK
High Pulse Width  Fast    SRL16E/CLK  n/a            0.762         5.000       4.238      SLICE_X5Y158  bd_0_i/hls_inst/inst/H_dec_2_20_V_U/FIR_Halfband_v2_H_dec_2_20_V_SHIFTREG_AUTO_0R0W_core_U/ShiftRegMem_reg[1][0]_srl2/CLK
High Pulse Width  Slow    SRL16E/CLK  n/a            0.762         5.000       4.238      SLICE_X5Y158  bd_0_i/hls_inst/inst/H_dec_2_20_V_U/FIR_Halfband_v2_H_dec_2_20_V_SHIFTREG_AUTO_0R0W_core_U/ShiftRegMem_reg[1][10]_srl2/CLK
High Pulse Width  Fast    SRL16E/CLK  n/a            0.762         5.000       4.238      SLICE_X5Y158  bd_0_i/hls_inst/inst/H_dec_2_20_V_U/FIR_Halfband_v2_H_dec_2_20_V_SHIFTREG_AUTO_0R0W_core_U/ShiftRegMem_reg[1][10]_srl2/CLK
High Pulse Width  Slow    SRL16E/CLK  n/a            0.762         5.000       4.238      SLICE_X5Y158  bd_0_i/hls_inst/inst/H_dec_2_20_V_U/FIR_Halfband_v2_H_dec_2_20_V_SHIFTREG_AUTO_0R0W_core_U/ShiftRegMem_reg[1][11]_srl2/CLK
High Pulse Width  Fast    SRL16E/CLK  n/a            0.762         5.000       4.238      SLICE_X5Y158  bd_0_i/hls_inst/inst/H_dec_2_20_V_U/FIR_Halfband_v2_H_dec_2_20_V_SHIFTREG_AUTO_0R0W_core_U/ShiftRegMem_reg[1][11]_srl2/CLK



--------------------------------------------------------------------------------------
Path Group:  (none)
From Clock:  ap_clk
  To Clock:  

Max Delay            18 Endpoints
Min Delay            18 Endpoints
--------------------------------------------------------------------------------------


Max Delay Paths
--------------------------------------------------------------------------------------
Slack:                    inf
  Source:                 bd_0_i/hls_inst/inst/regslice_both_input_r_U/ack_in_t_reg/C
                            (rising edge-triggered cell FDRE clocked by ap_clk  {rise@0.000ns fall@5.000ns period=10.000ns})
  Destination:            input_r_tready
                            (output port)
  Path Group:             (none)
  Path Type:              Max at Slow Process Corner
  Data Path Delay:        0.116ns  (logic 0.116ns (100.000%)  route 0.000ns (0.000%))
  Logic Levels:           0  
  Clock Uncertainty:      0.025ns  ((TSJ^2 + TIJ^2)^1/2 + DJ) / 2 + PE
    Total System Jitter     (TSJ):    0.050ns
    Total Input Jitter      (TIJ):    0.000ns
    Discrete Jitter          (DJ):    0.000ns
    Phase Error              (PE):    0.000ns

    Location             Delay type                Incr(ns)  Path(ns)    Netlist Resource(s)
  -------------------------------------------------------------------    -------------------
                         (clock ap_clk rise edge)     0.000     0.000 r  
                                                      0.000     0.000 r  ap_clk (IN)
                         net (fo=1950, unset)         0.043     0.043    bd_0_i/hls_inst/inst/regslice_both_input_r_U/ap_clk
    SLICE_X5Y152         FDRE                                         r  bd_0_i/hls_inst/inst/regslice_both_input_r_U/ack_in_t_reg/C
  -------------------------------------------------------------------    -------------------
    SLICE_X5Y152         FDRE (Prop_GFF_SLICEM_C_Q)
                                                      0.116     0.159 r  bd_0_i/hls_inst/inst/regslice_both_input_r_U/ack_in_t_reg/Q
                         net (fo=4, unset)            0.000     0.159    input_r_tready
                                                                      r  input_r_tready (OUT)
  -------------------------------------------------------------------    -------------------

Slack:                    inf
  Source:                 bd_0_i/hls_inst/inst/regslice_both_output_r_U/data_p1_reg[0]/C
                            (rising edge-triggered cell FDRE clocked by ap_clk  {rise@0.000ns fall@5.000ns period=10.000ns})
  Destination:            output_r_tdata[0]
                            (output port)
  Path Group:             (none)
  Path Type:              Max at Slow Process Corner
  Data Path Delay:        0.116ns  (logic 0.116ns (100.000%)  route 0.000ns (0.000%))
  Logic Levels:           0  
  Clock Uncertainty:      0.025ns  ((TSJ^2 + TIJ^2)^1/2 + DJ) / 2 + PE
    Total System Jitter     (TSJ):    0.050ns
    Total Input Jitter      (TIJ):    0.000ns
    Discrete Jitter          (DJ):    0.000ns
    Phase Error              (PE):    0.000ns

    Location             Delay type                Incr(ns)  Path(ns)    Netlist Resource(s)
  -------------------------------------------------------------------    -------------------
                         (clock ap_clk rise edge)     0.000     0.000 r  
                                                      0.000     0.000 r  ap_clk (IN)
                         net (fo=1950, unset)         0.042     0.042    bd_0_i/hls_inst/inst/regslice_both_output_r_U/ap_clk
    SLICE_X6Y211         FDRE                                         r  bd_0_i/hls_inst/inst/regslice_both_output_r_U/data_p1_reg[0]/C
  -------------------------------------------------------------------    -------------------
    SLICE_X6Y211         FDRE (Prop_EFF2_SLICEL_C_Q)
                                                      0.116     0.158 r  bd_0_i/hls_inst/inst/regslice_both_output_r_U/data_p1_reg[0]/Q
                         net (fo=0)                   0.000     0.158    output_r_tdata[0]
                                                                      r  output_r_tdata[0] (OUT)
  -------------------------------------------------------------------    -------------------

Slack:                    inf
  Source:                 bd_0_i/hls_inst/inst/regslice_both_output_r_U/data_p1_reg[1]/C
                            (rising edge-triggered cell FDRE clocked by ap_clk  {rise@0.000ns fall@5.000ns period=10.000ns})
  Destination:            output_r_tdata[1]
                            (output port)
  Path Group:             (none)
  Path Type:              Max at Slow Process Corner
  Data Path Delay:        0.114ns  (logic 0.114ns (100.000%)  route 0.000ns (0.000%))
  Logic Levels:           0  
  Clock Uncertainty:      0.025ns  ((TSJ^2 + TIJ^2)^1/2 + DJ) / 2 + PE
    Total System Jitter     (TSJ):    0.050ns
    Total Input Jitter      (TIJ):    0.000ns
    Discrete Jitter          (DJ):    0.000ns
    Phase Error              (PE):    0.000ns

    Location             Delay type                Incr(ns)  Path(ns)    Netlist Resource(s)
  -------------------------------------------------------------------    -------------------
                         (clock ap_clk rise edge)     0.000     0.000 r  
                                                      0.000     0.000 r  ap_clk (IN)
                         net (fo=1950, unset)         0.042     0.042    bd_0_i/hls_inst/inst/regslice_both_output_r_U/ap_clk
    SLICE_X6Y211         FDRE                                         r  bd_0_i/hls_inst/inst/regslice_both_output_r_U/data_p1_reg[1]/C
  -------------------------------------------------------------------    -------------------
    SLICE_X6Y211         FDRE (Prop_GFF_SLICEL_C_Q)
                                                      0.114     0.156 r  bd_0_i/hls_inst/inst/regslice_both_output_r_U/data_p1_reg[1]/Q
                         net (fo=0)                   0.000     0.156    output_r_tdata[1]
                                                                      r  output_r_tdata[1] (OUT)
  -------------------------------------------------------------------    -------------------

Slack:                    inf
  Source:                 bd_0_i/hls_inst/inst/regslice_both_output_r_U/data_p1_reg[3]/C
                            (rising edge-triggered cell FDRE clocked by ap_clk  {rise@0.000ns fall@5.000ns period=10.000ns})
  Destination:            output_r_tdata[3]
                            (output port)
  Path Group:             (none)
  Path Type:              Max at Slow Process Corner
  Data Path Delay:        0.114ns  (logic 0.114ns (100.000%)  route 0.000ns (0.000%))
  Logic Levels:           0  
  Clock Uncertainty:      0.025ns  ((TSJ^2 + TIJ^2)^1/2 + DJ) / 2 + PE
    Total System Jitter     (TSJ):    0.050ns
    Total Input Jitter      (TIJ):    0.000ns
    Discrete Jitter          (DJ):    0.000ns
    Phase Error              (PE):    0.000ns

    Location             Delay type                Incr(ns)  Path(ns)    Netlist Resource(s)
  -------------------------------------------------------------------    -------------------
                         (clock ap_clk rise edge)     0.000     0.000 r  
                                                      0.000     0.000 r  ap_clk (IN)
                         net (fo=1950, unset)         0.042     0.042    bd_0_i/hls_inst/inst/regslice_both_output_r_U/ap_clk
    SLICE_X6Y213         FDRE                                         r  bd_0_i/hls_inst/inst/regslice_both_output_r_U/data_p1_reg[3]/C
  -------------------------------------------------------------------    -------------------
    SLICE_X6Y213         FDRE (Prop_GFF_SLICEL_C_Q)
                                                      0.114     0.156 r  bd_0_i/hls_inst/inst/regslice_both_output_r_U/data_p1_reg[3]/Q
                         net (fo=0)                   0.000     0.156    output_r_tdata[3]
                                                                      r  output_r_tdata[3] (OUT)
  -------------------------------------------------------------------    -------------------

Slack:                    inf
  Source:                 bd_0_i/hls_inst/inst/regslice_both_output_r_U/data_p1_reg[9]/C
                            (rising edge-triggered cell FDRE clocked by ap_clk  {rise@0.000ns fall@5.000ns period=10.000ns})
  Destination:            output_r_tdata[9]
                            (output port)
  Path Group:             (none)
  Path Type:              Max at Slow Process Corner
  Data Path Delay:        0.114ns  (logic 0.114ns (100.000%)  route 0.000ns (0.000%))
  Logic Levels:           0  
  Clock Uncertainty:      0.025ns  ((TSJ^2 + TIJ^2)^1/2 + DJ) / 2 + PE
    Total System Jitter     (TSJ):    0.050ns
    Total Input Jitter      (TIJ):    0.000ns
    Discrete Jitter          (DJ):    0.000ns
    Phase Error              (PE):    0.000ns

    Location             Delay type                Incr(ns)  Path(ns)    Netlist Resource(s)
  -------------------------------------------------------------------    -------------------
                         (clock ap_clk rise edge)     0.000     0.000 r  
                                                      0.000     0.000 r  ap_clk (IN)
                         net (fo=1950, unset)         0.042     0.042    bd_0_i/hls_inst/inst/regslice_both_output_r_U/ap_clk
    SLICE_X6Y213         FDRE                                         r  bd_0_i/hls_inst/inst/regslice_both_output_r_U/data_p1_reg[9]/C
  -------------------------------------------------------------------    -------------------
    SLICE_X6Y213         FDRE (Prop_EFF_SLICEL_C_Q)
                                                      0.114     0.156 r  bd_0_i/hls_inst/inst/regslice_both_output_r_U/data_p1_reg[9]/Q
                         net (fo=0)                   0.000     0.156    output_r_tdata[9]
                                                                      r  output_r_tdata[9] (OUT)
  -------------------------------------------------------------------    -------------------

Slack:                    inf
  Source:                 bd_0_i/hls_inst/inst/regslice_both_output_r_U/data_p1_reg[10]/C
                            (rising edge-triggered cell FDRE clocked by ap_clk  {rise@0.000ns fall@5.000ns period=10.000ns})
  Destination:            output_r_tdata[10]
                            (output port)
  Path Group:             (none)
  Path Type:              Max at Slow Process Corner
  Data Path Delay:        0.114ns  (logic 0.114ns (100.000%)  route 0.000ns (0.000%))
  Logic Levels:           0  
  Clock Uncertainty:      0.025ns  ((TSJ^2 + TIJ^2)^1/2 + DJ) / 2 + PE
    Total System Jitter     (TSJ):    0.050ns
    Total Input Jitter      (TIJ):    0.000ns
    Discrete Jitter          (DJ):    0.000ns
    Phase Error              (PE):    0.000ns

    Location             Delay type                Incr(ns)  Path(ns)    Netlist Resource(s)
  -------------------------------------------------------------------    -------------------
                         (clock ap_clk rise edge)     0.000     0.000 r  
                                                      0.000     0.000 r  ap_clk (IN)
                         net (fo=1950, unset)         0.041     0.041    bd_0_i/hls_inst/inst/regslice_both_output_r_U/ap_clk
    SLICE_X6Y209         FDRE                                         r  bd_0_i/hls_inst/inst/regslice_both_output_r_U/data_p1_reg[10]/C
  -------------------------------------------------------------------    -------------------
    SLICE_X6Y209         FDRE (Prop_AFF_SLICEL_C_Q)
                                                      0.114     0.155 r  bd_0_i/hls_inst/inst/regslice_both_output_r_U/data_p1_reg[10]/Q
                         net (fo=0)                   0.000     0.155    output_r_tdata[10]
                                                                      r  output_r_tdata[10] (OUT)
  -------------------------------------------------------------------    -------------------

Slack:                    inf
  Source:                 bd_0_i/hls_inst/inst/regslice_both_output_r_U/data_p1_reg[11]/C
                            (rising edge-triggered cell FDRE clocked by ap_clk  {rise@0.000ns fall@5.000ns period=10.000ns})
  Destination:            output_r_tdata[11]
                            (output port)
  Path Group:             (none)
  Path Type:              Max at Slow Process Corner
  Data Path Delay:        0.113ns  (logic 0.113ns (100.000%)  route 0.000ns (0.000%))
  Logic Levels:           0  
  Clock Uncertainty:      0.025ns  ((TSJ^2 + TIJ^2)^1/2 + DJ) / 2 + PE
    Total System Jitter     (TSJ):    0.050ns
    Total Input Jitter      (TIJ):    0.000ns
    Discrete Jitter          (DJ):    0.000ns
    Phase Error              (PE):    0.000ns

    Location             Delay type                Incr(ns)  Path(ns)    Netlist Resource(s)
  -------------------------------------------------------------------    -------------------
                         (clock ap_clk rise edge)     0.000     0.000 r  
                                                      0.000     0.000 r  ap_clk (IN)
                         net (fo=1950, unset)         0.042     0.042    bd_0_i/hls_inst/inst/regslice_both_output_r_U/ap_clk
    SLICE_X6Y213         FDRE                                         r  bd_0_i/hls_inst/inst/regslice_both_output_r_U/data_p1_reg[11]/C
  -------------------------------------------------------------------    -------------------
    SLICE_X6Y213         FDRE (Prop_HFF_SLICEL_C_Q)
                                                      0.113     0.155 r  bd_0_i/hls_inst/inst/regslice_both_output_r_U/data_p1_reg[11]/Q
                         net (fo=0)                   0.000     0.155    output_r_tdata[11]
                                                                      r  output_r_tdata[11] (OUT)
  -------------------------------------------------------------------    -------------------

Slack:                    inf
  Source:                 bd_0_i/hls_inst/inst/regslice_both_output_r_U/data_p1_reg[12]/C
                            (rising edge-triggered cell FDRE clocked by ap_clk  {rise@0.000ns fall@5.000ns period=10.000ns})
  Destination:            output_r_tdata[12]
                            (output port)
  Path Group:             (none)
  Path Type:              Max at Slow Process Corner
  Data Path Delay:        0.114ns  (logic 0.114ns (100.000%)  route 0.000ns (0.000%))
  Logic Levels:           0  
  Clock Uncertainty:      0.025ns  ((TSJ^2 + TIJ^2)^1/2 + DJ) / 2 + PE
    Total System Jitter     (TSJ):    0.050ns
    Total Input Jitter      (TIJ):    0.000ns
    Discrete Jitter          (DJ):    0.000ns
    Phase Error              (PE):    0.000ns

    Location             Delay type                Incr(ns)  Path(ns)    Netlist Resource(s)
  -------------------------------------------------------------------    -------------------
                         (clock ap_clk rise edge)     0.000     0.000 r  
                                                      0.000     0.000 r  ap_clk (IN)
                         net (fo=1950, unset)         0.041     0.041    bd_0_i/hls_inst/inst/regslice_both_output_r_U/ap_clk
    SLICE_X6Y214         FDRE                                         r  bd_0_i/hls_inst/inst/regslice_both_output_r_U/data_p1_reg[12]/C
  -------------------------------------------------------------------    -------------------
    SLICE_X6Y214         FDRE (Prop_DFF_SLICEL_C_Q)
                                                      0.114     0.155 r  bd_0_i/hls_inst/inst/regslice_both_output_r_U/data_p1_reg[12]/Q
                         net (fo=0)                   0.000     0.155    output_r_tdata[12]
                                                                      r  output_r_tdata[12] (OUT)
  -------------------------------------------------------------------    -------------------

Slack:                    inf
  Source:                 bd_0_i/hls_inst/inst/regslice_both_output_r_U/data_p1_reg[13]/C
                            (rising edge-triggered cell FDRE clocked by ap_clk  {rise@0.000ns fall@5.000ns period=10.000ns})
  Destination:            output_r_tdata[13]
                            (output port)
  Path Group:             (none)
  Path Type:              Max at Slow Process Corner
  Data Path Delay:        0.113ns  (logic 0.113ns (100.000%)  route 0.000ns (0.000%))
  Logic Levels:           0  
  Clock Uncertainty:      0.025ns  ((TSJ^2 + TIJ^2)^1/2 + DJ) / 2 + PE
    Total System Jitter     (TSJ):    0.050ns
    Total Input Jitter      (TIJ):    0.000ns
    Discrete Jitter          (DJ):    0.000ns
    Phase Error              (PE):    0.000ns

    Location             Delay type                Incr(ns)  Path(ns)    Netlist Resource(s)
  -------------------------------------------------------------------    -------------------
                         (clock ap_clk rise edge)     0.000     0.000 r  
                                                      0.000     0.000 r  ap_clk (IN)
                         net (fo=1950, unset)         0.042     0.042    bd_0_i/hls_inst/inst/regslice_both_output_r_U/ap_clk
    SLICE_X6Y211         FDRE                                         r  bd_0_i/hls_inst/inst/regslice_both_output_r_U/data_p1_reg[13]/C
  -------------------------------------------------------------------    -------------------
    SLICE_X6Y211         FDRE (Prop_HFF_SLICEL_C_Q)
                                                      0.113     0.155 r  bd_0_i/hls_inst/inst/regslice_both_output_r_U/data_p1_reg[13]/Q
                         net (fo=0)                   0.000     0.155    output_r_tdata[13]
                                                                      r  output_r_tdata[13] (OUT)
  -------------------------------------------------------------------    -------------------

Slack:                    inf
  Source:                 bd_0_i/hls_inst/inst/regslice_both_output_r_U/data_p1_reg[14]/C
                            (rising edge-triggered cell FDRE clocked by ap_clk  {rise@0.000ns fall@5.000ns period=10.000ns})
  Destination:            output_r_tdata[14]
                            (output port)
  Path Group:             (none)
  Path Type:              Max at Slow Process Corner
  Data Path Delay:        0.114ns  (logic 0.114ns (100.000%)  route 0.000ns (0.000%))
  Logic Levels:           0  
  Clock Uncertainty:      0.025ns  ((TSJ^2 + TIJ^2)^1/2 + DJ) / 2 + PE
    Total System Jitter     (TSJ):    0.050ns
    Total Input Jitter      (TIJ):    0.000ns
    Discrete Jitter          (DJ):    0.000ns
    Phase Error              (PE):    0.000ns

    Location             Delay type                Incr(ns)  Path(ns)    Netlist Resource(s)
  -------------------------------------------------------------------    -------------------
                         (clock ap_clk rise edge)     0.000     0.000 r  
                                                      0.000     0.000 r  ap_clk (IN)
                         net (fo=1950, unset)         0.041     0.041    bd_0_i/hls_inst/inst/regslice_both_output_r_U/ap_clk
    SLICE_X6Y214         FDRE                                         r  bd_0_i/hls_inst/inst/regslice_both_output_r_U/data_p1_reg[14]/C
  -------------------------------------------------------------------    -------------------
    SLICE_X6Y214         FDRE (Prop_CFF_SLICEL_C_Q)
                                                      0.114     0.155 r  bd_0_i/hls_inst/inst/regslice_both_output_r_U/data_p1_reg[14]/Q
                         net (fo=0)                   0.000     0.155    output_r_tdata[14]
                                                                      r  output_r_tdata[14] (OUT)
  -------------------------------------------------------------------    -------------------





Min Delay Paths
--------------------------------------------------------------------------------------
Slack:                    inf
  Source:                 bd_0_i/hls_inst/inst/regslice_both_input_r_U/ack_in_t_reg/C
                            (rising edge-triggered cell FDRE clocked by ap_clk  {rise@0.000ns fall@5.000ns period=10.000ns})
  Destination:            input_r_tready
                            (output port)
  Path Group:             (none)
  Path Type:              Min at Fast Process Corner
  Data Path Delay:        0.083ns  (logic 0.083ns (100.000%)  route 0.000ns (0.000%))
  Logic Levels:           0  
  Clock Uncertainty:      0.025ns  ((TSJ^2 + TIJ^2)^1/2 + DJ) / 2 + PE
    Total System Jitter     (TSJ):    0.050ns
    Total Input Jitter      (TIJ):    0.000ns
    Discrete Jitter          (DJ):    0.000ns
    Phase Error              (PE):    0.000ns

    Location             Delay type                Incr(ns)  Path(ns)    Netlist Resource(s)
  -------------------------------------------------------------------    -------------------
                         (clock ap_clk rise edge)     0.000     0.000 r  
                                                      0.000     0.000 r  ap_clk (IN)
                         net (fo=1950, unset)         0.014     0.014    bd_0_i/hls_inst/inst/regslice_both_input_r_U/ap_clk
    SLICE_X5Y152         FDRE                                         r  bd_0_i/hls_inst/inst/regslice_both_input_r_U/ack_in_t_reg/C
  -------------------------------------------------------------------    -------------------
    SLICE_X5Y152         FDRE (Prop_GFF_SLICEM_C_Q)
                                                      0.083     0.097 r  bd_0_i/hls_inst/inst/regslice_both_input_r_U/ack_in_t_reg/Q
                         net (fo=4, unset)            0.000     0.097    input_r_tready
                                                                      r  input_r_tready (OUT)
  -------------------------------------------------------------------    -------------------

Slack:                    inf
  Source:                 bd_0_i/hls_inst/inst/regslice_both_output_r_U/data_p1_reg[4]/C
                            (rising edge-triggered cell FDRE clocked by ap_clk  {rise@0.000ns fall@5.000ns period=10.000ns})
  Destination:            output_r_tdata[4]
                            (output port)
  Path Group:             (none)
  Path Type:              Min at Fast Process Corner
  Data Path Delay:        0.083ns  (logic 0.083ns (100.000%)  route 0.000ns (0.000%))
  Logic Levels:           0  
  Clock Uncertainty:      0.025ns  ((TSJ^2 + TIJ^2)^1/2 + DJ) / 2 + PE
    Total System Jitter     (TSJ):    0.050ns
    Total Input Jitter      (TIJ):    0.000ns
    Discrete Jitter          (DJ):    0.000ns
    Phase Error              (PE):    0.000ns

    Location             Delay type                Incr(ns)  Path(ns)    Netlist Resource(s)
  -------------------------------------------------------------------    -------------------
                         (clock ap_clk rise edge)     0.000     0.000 r  
                                                      0.000     0.000 r  ap_clk (IN)
                         net (fo=1950, unset)         0.014     0.014    bd_0_i/hls_inst/inst/regslice_both_output_r_U/ap_clk
    SLICE_X6Y213         FDRE                                         r  bd_0_i/hls_inst/inst/regslice_both_output_r_U/data_p1_reg[4]/C
  -------------------------------------------------------------------    -------------------
    SLICE_X6Y213         FDRE (Prop_FFF_SLICEL_C_Q)
                                                      0.083     0.097 r  bd_0_i/hls_inst/inst/regslice_both_output_r_U/data_p1_reg[4]/Q
                         net (fo=0)                   0.000     0.097    output_r_tdata[4]
                                                                      r  output_r_tdata[4] (OUT)
  -------------------------------------------------------------------    -------------------

Slack:                    inf
  Source:                 bd_0_i/hls_inst/inst/regslice_both_output_r_U/data_p1_reg[7]/C
                            (rising edge-triggered cell FDRE clocked by ap_clk  {rise@0.000ns fall@5.000ns period=10.000ns})
  Destination:            output_r_tdata[7]
                            (output port)
  Path Group:             (none)
  Path Type:              Min at Fast Process Corner
  Data Path Delay:        0.083ns  (logic 0.083ns (100.000%)  route 0.000ns (0.000%))
  Logic Levels:           0  
  Clock Uncertainty:      0.025ns  ((TSJ^2 + TIJ^2)^1/2 + DJ) / 2 + PE
    Total System Jitter     (TSJ):    0.050ns
    Total Input Jitter      (TIJ):    0.000ns
    Discrete Jitter          (DJ):    0.000ns
    Phase Error              (PE):    0.000ns

    Location             Delay type                Incr(ns)  Path(ns)    Netlist Resource(s)
  -------------------------------------------------------------------    -------------------
                         (clock ap_clk rise edge)     0.000     0.000 r  
                                                      0.000     0.000 r  ap_clk (IN)
                         net (fo=1950, unset)         0.014     0.014    bd_0_i/hls_inst/inst/regslice_both_output_r_U/ap_clk
    SLICE_X6Y211         FDRE                                         r  bd_0_i/hls_inst/inst/regslice_both_output_r_U/data_p1_reg[7]/C
  -------------------------------------------------------------------    -------------------
    SLICE_X6Y211         FDRE (Prop_FFF_SLICEL_C_Q)
                                                      0.083     0.097 r  bd_0_i/hls_inst/inst/regslice_both_output_r_U/data_p1_reg[7]/Q
                         net (fo=0)                   0.000     0.097    output_r_tdata[7]
                                                                      r  output_r_tdata[7] (OUT)
  -------------------------------------------------------------------    -------------------

Slack:                    inf
  Source:                 bd_0_i/hls_inst/inst/regslice_both_output_r_U/data_p1_reg[10]/C
                            (rising edge-triggered cell FDRE clocked by ap_clk  {rise@0.000ns fall@5.000ns period=10.000ns})
  Destination:            output_r_tdata[10]
                            (output port)
  Path Group:             (none)
  Path Type:              Min at Fast Process Corner
  Data Path Delay:        0.084ns  (logic 0.084ns (100.000%)  route 0.000ns (0.000%))
  Logic Levels:           0  
  Clock Uncertainty:      0.025ns  ((TSJ^2 + TIJ^2)^1/2 + DJ) / 2 + PE
    Total System Jitter     (TSJ):    0.050ns
    Total Input Jitter      (TIJ):    0.000ns
    Discrete Jitter          (DJ):    0.000ns
    Phase Error              (PE):    0.000ns

    Location             Delay type                Incr(ns)  Path(ns)    Netlist Resource(s)
  -------------------------------------------------------------------    -------------------
                         (clock ap_clk rise edge)     0.000     0.000 r  
                                                      0.000     0.000 r  ap_clk (IN)
                         net (fo=1950, unset)         0.014     0.014    bd_0_i/hls_inst/inst/regslice_both_output_r_U/ap_clk
    SLICE_X6Y209         FDRE                                         r  bd_0_i/hls_inst/inst/regslice_both_output_r_U/data_p1_reg[10]/C
  -------------------------------------------------------------------    -------------------
    SLICE_X6Y209         FDRE (Prop_AFF_SLICEL_C_Q)
                                                      0.084     0.098 r  bd_0_i/hls_inst/inst/regslice_both_output_r_U/data_p1_reg[10]/Q
                         net (fo=0)                   0.000     0.098    output_r_tdata[10]
                                                                      r  output_r_tdata[10] (OUT)
  -------------------------------------------------------------------    -------------------

Slack:                    inf
  Source:                 bd_0_i/hls_inst/inst/regslice_both_output_r_U/data_p1_reg[11]/C
                            (rising edge-triggered cell FDRE clocked by ap_clk  {rise@0.000ns fall@5.000ns period=10.000ns})
  Destination:            output_r_tdata[11]
                            (output port)
  Path Group:             (none)
  Path Type:              Min at Fast Process Corner
  Data Path Delay:        0.084ns  (logic 0.084ns (100.000%)  route 0.000ns (0.000%))
  Logic Levels:           0  
  Clock Uncertainty:      0.025ns  ((TSJ^2 + TIJ^2)^1/2 + DJ) / 2 + PE
    Total System Jitter     (TSJ):    0.050ns
    Total Input Jitter      (TIJ):    0.000ns
    Discrete Jitter          (DJ):    0.000ns
    Phase Error              (PE):    0.000ns

    Location             Delay type                Incr(ns)  Path(ns)    Netlist Resource(s)
  -------------------------------------------------------------------    -------------------
                         (clock ap_clk rise edge)     0.000     0.000 r  
                                                      0.000     0.000 r  ap_clk (IN)
                         net (fo=1950, unset)         0.014     0.014    bd_0_i/hls_inst/inst/regslice_both_output_r_U/ap_clk
    SLICE_X6Y213         FDRE                                         r  bd_0_i/hls_inst/inst/regslice_both_output_r_U/data_p1_reg[11]/C
  -------------------------------------------------------------------    -------------------
    SLICE_X6Y213         FDRE (Prop_HFF_SLICEL_C_Q)
                                                      0.084     0.098 r  bd_0_i/hls_inst/inst/regslice_both_output_r_U/data_p1_reg[11]/Q
                         net (fo=0)                   0.000     0.098    output_r_tdata[11]
                                                                      r  output_r_tdata[11] (OUT)
  -------------------------------------------------------------------    -------------------

Slack:                    inf
  Source:                 bd_0_i/hls_inst/inst/regslice_both_output_r_U/data_p1_reg[12]/C
                            (rising edge-triggered cell FDRE clocked by ap_clk  {rise@0.000ns fall@5.000ns period=10.000ns})
  Destination:            output_r_tdata[12]
                            (output port)
  Path Group:             (none)
  Path Type:              Min at Fast Process Corner
  Data Path Delay:        0.084ns  (logic 0.084ns (100.000%)  route 0.000ns (0.000%))
  Logic Levels:           0  
  Clock Uncertainty:      0.025ns  ((TSJ^2 + TIJ^2)^1/2 + DJ) / 2 + PE
    Total System Jitter     (TSJ):    0.050ns
    Total Input Jitter      (TIJ):    0.000ns
    Discrete Jitter          (DJ):    0.000ns
    Phase Error              (PE):    0.000ns

    Location             Delay type                Incr(ns)  Path(ns)    Netlist Resource(s)
  -------------------------------------------------------------------    -------------------
                         (clock ap_clk rise edge)     0.000     0.000 r  
                                                      0.000     0.000 r  ap_clk (IN)
                         net (fo=1950, unset)         0.014     0.014    bd_0_i/hls_inst/inst/regslice_both_output_r_U/ap_clk
    SLICE_X6Y214         FDRE                                         r  bd_0_i/hls_inst/inst/regslice_both_output_r_U/data_p1_reg[12]/C
  -------------------------------------------------------------------    -------------------
    SLICE_X6Y214         FDRE (Prop_DFF_SLICEL_C_Q)
                                                      0.084     0.098 r  bd_0_i/hls_inst/inst/regslice_both_output_r_U/data_p1_reg[12]/Q
                         net (fo=0)                   0.000     0.098    output_r_tdata[12]
                                                                      r  output_r_tdata[12] (OUT)
  -------------------------------------------------------------------    -------------------

Slack:                    inf
  Source:                 bd_0_i/hls_inst/inst/regslice_both_output_r_U/data_p1_reg[13]/C
                            (rising edge-triggered cell FDRE clocked by ap_clk  {rise@0.000ns fall@5.000ns period=10.000ns})
  Destination:            output_r_tdata[13]
                            (output port)
  Path Group:             (none)
  Path Type:              Min at Fast Process Corner
  Data Path Delay:        0.084ns  (logic 0.084ns (100.000%)  route 0.000ns (0.000%))
  Logic Levels:           0  
  Clock Uncertainty:      0.025ns  ((TSJ^2 + TIJ^2)^1/2 + DJ) / 2 + PE
    Total System Jitter     (TSJ):    0.050ns
    Total Input Jitter      (TIJ):    0.000ns
    Discrete Jitter          (DJ):    0.000ns
    Phase Error              (PE):    0.000ns

    Location             Delay type                Incr(ns)  Path(ns)    Netlist Resource(s)
  -------------------------------------------------------------------    -------------------
                         (clock ap_clk rise edge)     0.000     0.000 r  
                                                      0.000     0.000 r  ap_clk (IN)
                         net (fo=1950, unset)         0.014     0.014    bd_0_i/hls_inst/inst/regslice_both_output_r_U/ap_clk
    SLICE_X6Y211         FDRE                                         r  bd_0_i/hls_inst/inst/regslice_both_output_r_U/data_p1_reg[13]/C
  -------------------------------------------------------------------    -------------------
    SLICE_X6Y211         FDRE (Prop_HFF_SLICEL_C_Q)
                                                      0.084     0.098 r  bd_0_i/hls_inst/inst/regslice_both_output_r_U/data_p1_reg[13]/Q
                         net (fo=0)                   0.000     0.098    output_r_tdata[13]
                                                                      r  output_r_tdata[13] (OUT)
  -------------------------------------------------------------------    -------------------

Slack:                    inf
  Source:                 bd_0_i/hls_inst/inst/regslice_both_output_r_U/data_p1_reg[14]/C
                            (rising edge-triggered cell FDRE clocked by ap_clk  {rise@0.000ns fall@5.000ns period=10.000ns})
  Destination:            output_r_tdata[14]
                            (output port)
  Path Group:             (none)
  Path Type:              Min at Fast Process Corner
  Data Path Delay:        0.084ns  (logic 0.084ns (100.000%)  route 0.000ns (0.000%))
  Logic Levels:           0  
  Clock Uncertainty:      0.025ns  ((TSJ^2 + TIJ^2)^1/2 + DJ) / 2 + PE
    Total System Jitter     (TSJ):    0.050ns
    Total Input Jitter      (TIJ):    0.000ns
    Discrete Jitter          (DJ):    0.000ns
    Phase Error              (PE):    0.000ns

    Location             Delay type                Incr(ns)  Path(ns)    Netlist Resource(s)
  -------------------------------------------------------------------    -------------------
                         (clock ap_clk rise edge)     0.000     0.000 r  
                                                      0.000     0.000 r  ap_clk (IN)
                         net (fo=1950, unset)         0.014     0.014    bd_0_i/hls_inst/inst/regslice_both_output_r_U/ap_clk
    SLICE_X6Y214         FDRE                                         r  bd_0_i/hls_inst/inst/regslice_both_output_r_U/data_p1_reg[14]/C
  -------------------------------------------------------------------    -------------------
    SLICE_X6Y214         FDRE (Prop_CFF_SLICEL_C_Q)
                                                      0.084     0.098 r  bd_0_i/hls_inst/inst/regslice_both_output_r_U/data_p1_reg[14]/Q
                         net (fo=0)                   0.000     0.098    output_r_tdata[14]
                                                                      r  output_r_tdata[14] (OUT)
  -------------------------------------------------------------------    -------------------

Slack:                    inf
  Source:                 bd_0_i/hls_inst/inst/regslice_both_output_r_U/data_p1_reg[15]/C
                            (rising edge-triggered cell FDRE clocked by ap_clk  {rise@0.000ns fall@5.000ns period=10.000ns})
  Destination:            output_r_tdata[15]
                            (output port)
  Path Group:             (none)
  Path Type:              Min at Fast Process Corner
  Data Path Delay:        0.084ns  (logic 0.084ns (100.000%)  route 0.000ns (0.000%))
  Logic Levels:           0  
  Clock Uncertainty:      0.025ns  ((TSJ^2 + TIJ^2)^1/2 + DJ) / 2 + PE
    Total System Jitter     (TSJ):    0.050ns
    Total Input Jitter      (TIJ):    0.000ns
    Discrete Jitter          (DJ):    0.000ns
    Phase Error              (PE):    0.000ns

    Location             Delay type                Incr(ns)  Path(ns)    Netlist Resource(s)
  -------------------------------------------------------------------    -------------------
                         (clock ap_clk rise edge)     0.000     0.000 r  
                                                      0.000     0.000 r  ap_clk (IN)
                         net (fo=1950, unset)         0.014     0.014    bd_0_i/hls_inst/inst/regslice_both_output_r_U/ap_clk
    SLICE_X6Y214         FDRE                                         r  bd_0_i/hls_inst/inst/regslice_both_output_r_U/data_p1_reg[15]/C
  -------------------------------------------------------------------    -------------------
    SLICE_X6Y214         FDRE (Prop_BFF_SLICEL_C_Q)
                                                      0.084     0.098 r  bd_0_i/hls_inst/inst/regslice_both_output_r_U/data_p1_reg[15]/Q
                         net (fo=0)                   0.000     0.098    output_r_tdata[15]
                                                                      r  output_r_tdata[15] (OUT)
  -------------------------------------------------------------------    -------------------

Slack:                    inf
  Source:                 bd_0_i/hls_inst/inst/regslice_both_output_r_U/data_p1_reg[1]/C
                            (rising edge-triggered cell FDRE clocked by ap_clk  {rise@0.000ns fall@5.000ns period=10.000ns})
  Destination:            output_r_tdata[1]
                            (output port)
  Path Group:             (none)
  Path Type:              Min at Fast Process Corner
  Data Path Delay:        0.084ns  (logic 0.084ns (100.000%)  route 0.000ns (0.000%))
  Logic Levels:           0  
  Clock Uncertainty:      0.025ns  ((TSJ^2 + TIJ^2)^1/2 + DJ) / 2 + PE
    Total System Jitter     (TSJ):    0.050ns
    Total Input Jitter      (TIJ):    0.000ns
    Discrete Jitter          (DJ):    0.000ns
    Phase Error              (PE):    0.000ns

    Location             Delay type                Incr(ns)  Path(ns)    Netlist Resource(s)
  -------------------------------------------------------------------    -------------------
                         (clock ap_clk rise edge)     0.000     0.000 r  
                                                      0.000     0.000 r  ap_clk (IN)
                         net (fo=1950, unset)         0.014     0.014    bd_0_i/hls_inst/inst/regslice_both_output_r_U/ap_clk
    SLICE_X6Y211         FDRE                                         r  bd_0_i/hls_inst/inst/regslice_both_output_r_U/data_p1_reg[1]/C
  -------------------------------------------------------------------    -------------------
    SLICE_X6Y211         FDRE (Prop_GFF_SLICEL_C_Q)
                                                      0.084     0.098 r  bd_0_i/hls_inst/inst/regslice_both_output_r_U/data_p1_reg[1]/Q
                         net (fo=0)                   0.000     0.098    output_r_tdata[1]
                                                                      r  output_r_tdata[1] (OUT)
  -------------------------------------------------------------------    -------------------





--------------------------------------------------------------------------------------
Path Group:  (none)
From Clock:  
  To Clock:  ap_clk

Max Delay           172 Endpoints
Min Delay           172 Endpoints
--------------------------------------------------------------------------------------


Max Delay Paths
--------------------------------------------------------------------------------------
Slack:                    inf
  Source:                 bd_0_i/hls_inst/inst/p_2_FIR_filter_transposed_fu_448/mul_16s_8ns_23_1_1_U1/tmp_product/DSP_A_B_DATA_INST/B2_DATA[3]
                            (internal pin)
  Destination:            bd_0_i/hls_inst/inst/y3_reg[15]/D
                            (rising edge-triggered cell FDRE clocked by ap_clk  {rise@0.000ns fall@5.000ns period=10.000ns})
  Path Group:             (none)
  Path Type:              Setup (Max at Slow Process Corner)
  Data Path Delay:        3.248ns  (logic 2.570ns (79.128%)  route 0.678ns (20.872%))
  Logic Levels:           10  (CARRY8=4 DSP_ALU=1 DSP_M_DATA=1 DSP_MULTIPLIER=1 DSP_OUTPUT=1 DSP_PREADD_DATA=1 LUT2=1)
  Clock Uncertainty:      0.025ns  ((TSJ^2 + TIJ^2)^1/2 + DJ) / 2 + PE
    Total System Jitter     (TSJ):    0.050ns
    Total Input Jitter      (TIJ):    0.000ns
    Discrete Jitter          (DJ):    0.000ns
    Phase Error              (PE):    0.000ns

    Location             Delay type                Incr(ns)  Path(ns)    Netlist Resource(s)
  -------------------------------------------------------------------    -------------------
    DSP48E2_X1Y72        DSP_A_B_DATA                 0.000     0.000 r  bd_0_i/hls_inst/inst/p_2_FIR_filter_transposed_fu_448/mul_16s_8ns_23_1_1_U1/tmp_product/DSP_A_B_DATA_INST/B2_DATA[3]
                         net (fo=1, routed)           0.000     0.000    bd_0_i/hls_inst/inst/p_2_FIR_filter_transposed_fu_448/mul_16s_8ns_23_1_1_U1/tmp_product/DSP_A_B_DATA.B2_DATA<3>
    DSP48E2_X1Y72        DSP_PREADD_DATA (Prop_DSP_PREADD_DATA_DSP48E2_B2_DATA[3]_B2B1[3])
                                                      0.097     0.097 r  bd_0_i/hls_inst/inst/p_2_FIR_filter_transposed_fu_448/mul_16s_8ns_23_1_1_U1/tmp_product/DSP_PREADD_DATA_INST/B2B1[3]
                         net (fo=1, routed)           0.000     0.097    bd_0_i/hls_inst/inst/p_2_FIR_filter_transposed_fu_448/mul_16s_8ns_23_1_1_U1/tmp_product/DSP_PREADD_DATA.B2B1<3>
    DSP48E2_X1Y72        DSP_MULTIPLIER (Prop_DSP_MULTIPLIER_DSP48E2_B2B1[3]_U[4])
                                                      0.773     0.870 f  bd_0_i/hls_inst/inst/p_2_FIR_filter_transposed_fu_448/mul_16s_8ns_23_1_1_U1/tmp_product/DSP_MULTIPLIER_INST/U[4]
                         net (fo=1, routed)           0.000     0.870    bd_0_i/hls_inst/inst/p_2_FIR_filter_transposed_fu_448/mul_16s_8ns_23_1_1_U1/tmp_product/DSP_MULTIPLIER.U<4>
    DSP48E2_X1Y72        DSP_M_DATA (Prop_DSP_M_DATA_DSP48E2_U[4]_U_DATA[4])
                                                      0.067     0.937 r  bd_0_i/hls_inst/inst/p_2_FIR_filter_transposed_fu_448/mul_16s_8ns_23_1_1_U1/tmp_product/DSP_M_DATA_INST/U_DATA[4]
                         net (fo=1, routed)           0.000     0.937    bd_0_i/hls_inst/inst/p_2_FIR_filter_transposed_fu_448/mul_16s_8ns_23_1_1_U1/tmp_product/DSP_M_DATA.U_DATA<4>
    DSP48E2_X1Y72        DSP_ALU (Prop_DSP_ALU_DSP48E2_U_DATA[4]_ALU_OUT[4])
                                                      0.727     1.664 f  bd_0_i/hls_inst/inst/p_2_FIR_filter_transposed_fu_448/mul_16s_8ns_23_1_1_U1/tmp_product/DSP_ALU_INST/ALU_OUT[4]
                         net (fo=1, routed)           0.000     1.664    bd_0_i/hls_inst/inst/p_2_FIR_filter_transposed_fu_448/mul_16s_8ns_23_1_1_U1/tmp_product/DSP_ALU.ALU_OUT<4>
    DSP48E2_X1Y72        DSP_OUTPUT (Prop_DSP_OUTPUT_DSP48E2_ALU_OUT[4]_P[4])
                                                      0.146     1.810 r  bd_0_i/hls_inst/inst/p_2_FIR_filter_transposed_fu_448/mul_16s_8ns_23_1_1_U1/tmp_product/DSP_OUTPUT_INST/P[4]
                         net (fo=3, routed)           0.536     2.346    bd_0_i/hls_inst/inst/p_2_FIR_filter_transposed_fu_448/mul_16s_8ns_23_1_1_U1_n_18
    SLICE_X7Y190         LUT2 (Prop_E6LUT_SLICEM_I0_O)
                                                      0.223     2.569 r  bd_0_i/hls_inst/inst/p_2_FIR_filter_transposed_fu_448/y3[7]_i_24/O
                         net (fo=1, routed)           0.018     2.587    bd_0_i/hls_inst/inst/p_2_FIR_filter_transposed_fu_448/y3[7]_i_24_n_0
    SLICE_X7Y190         CARRY8 (Prop_CARRY8_SLICEM_S[4]_CO[7])
                                                      0.236     2.823 r  bd_0_i/hls_inst/inst/p_2_FIR_filter_transposed_fu_448/y3_reg[7]_i_12/CO[7]
                         net (fo=1, routed)           0.030     2.853    bd_0_i/hls_inst/inst/p_2_FIR_filter_transposed_fu_448/y3_reg[7]_i_12_n_0
    SLICE_X7Y191         CARRY8 (Prop_CARRY8_SLICEM_CI_CO[7])
                                                      0.065     2.918 r  bd_0_i/hls_inst/inst/p_2_FIR_filter_transposed_fu_448/y3_reg[7]_i_2/CO[7]
                         net (fo=1, routed)           0.030     2.948    bd_0_i/hls_inst/inst/p_2_FIR_filter_transposed_fu_448/y3_reg[7]_i_2_n_0
    SLICE_X7Y192         CARRY8 (Prop_CARRY8_SLICEM_CI_CO[7])
                                                      0.065     3.013 r  bd_0_i/hls_inst/inst/p_2_FIR_filter_transposed_fu_448/y3_reg[7]_i_1/CO[7]
                         net (fo=1, routed)           0.030     3.043    bd_0_i/hls_inst/inst/p_2_FIR_filter_transposed_fu_448/y3_reg[7]_i_1_n_0
    SLICE_X7Y193         CARRY8 (Prop_CARRY8_SLICEM_CI_O[7])
                                                      0.171     3.214 r  bd_0_i/hls_inst/inst/p_2_FIR_filter_transposed_fu_448/y3_reg[15]_i_1/O[7]
                         net (fo=1, routed)           0.034     3.248    bd_0_i/hls_inst/inst/p_2_FIR_filter_transposed_fu_448_ap_return[15]
    SLICE_X7Y193         FDRE                                         r  bd_0_i/hls_inst/inst/y3_reg[15]/D
  -------------------------------------------------------------------    -------------------

                         (clock ap_clk rise edge)     0.000     0.000 r  
                                                      0.000     0.000 r  ap_clk (IN)
                         net (fo=1950, unset)         0.031     0.031    bd_0_i/hls_inst/inst/ap_clk
    SLICE_X7Y193         FDRE                                         r  bd_0_i/hls_inst/inst/y3_reg[15]/C

Slack:                    inf
  Source:                 bd_0_i/hls_inst/inst/p_2_FIR_filter_transposed_fu_448/mul_16s_8ns_23_1_1_U1/tmp_product/DSP_A_B_DATA_INST/B2_DATA[3]
                            (internal pin)
  Destination:            bd_0_i/hls_inst/inst/y3_reg[13]/D
                            (rising edge-triggered cell FDRE clocked by ap_clk  {rise@0.000ns fall@5.000ns period=10.000ns})
  Path Group:             (none)
  Path Type:              Setup (Max at Slow Process Corner)
  Data Path Delay:        3.237ns  (logic 2.560ns (79.087%)  route 0.677ns (20.912%))
  Logic Levels:           10  (CARRY8=4 DSP_ALU=1 DSP_M_DATA=1 DSP_MULTIPLIER=1 DSP_OUTPUT=1 DSP_PREADD_DATA=1 LUT2=1)
  Clock Uncertainty:      0.025ns  ((TSJ^2 + TIJ^2)^1/2 + DJ) / 2 + PE
    Total System Jitter     (TSJ):    0.050ns
    Total Input Jitter      (TIJ):    0.000ns
    Discrete Jitter          (DJ):    0.000ns
    Phase Error              (PE):    0.000ns

    Location             Delay type                Incr(ns)  Path(ns)    Netlist Resource(s)
  -------------------------------------------------------------------    -------------------
    DSP48E2_X1Y72        DSP_A_B_DATA                 0.000     0.000 r  bd_0_i/hls_inst/inst/p_2_FIR_filter_transposed_fu_448/mul_16s_8ns_23_1_1_U1/tmp_product/DSP_A_B_DATA_INST/B2_DATA[3]
                         net (fo=1, routed)           0.000     0.000    bd_0_i/hls_inst/inst/p_2_FIR_filter_transposed_fu_448/mul_16s_8ns_23_1_1_U1/tmp_product/DSP_A_B_DATA.B2_DATA<3>
    DSP48E2_X1Y72        DSP_PREADD_DATA (Prop_DSP_PREADD_DATA_DSP48E2_B2_DATA[3]_B2B1[3])
                                                      0.097     0.097 r  bd_0_i/hls_inst/inst/p_2_FIR_filter_transposed_fu_448/mul_16s_8ns_23_1_1_U1/tmp_product/DSP_PREADD_DATA_INST/B2B1[3]
                         net (fo=1, routed)           0.000     0.097    bd_0_i/hls_inst/inst/p_2_FIR_filter_transposed_fu_448/mul_16s_8ns_23_1_1_U1/tmp_product/DSP_PREADD_DATA.B2B1<3>
    DSP48E2_X1Y72        DSP_MULTIPLIER (Prop_DSP_MULTIPLIER_DSP48E2_B2B1[3]_U[4])
                                                      0.773     0.870 f  bd_0_i/hls_inst/inst/p_2_FIR_filter_transposed_fu_448/mul_16s_8ns_23_1_1_U1/tmp_product/DSP_MULTIPLIER_INST/U[4]
                         net (fo=1, routed)           0.000     0.870    bd_0_i/hls_inst/inst/p_2_FIR_filter_transposed_fu_448/mul_16s_8ns_23_1_1_U1/tmp_product/DSP_MULTIPLIER.U<4>
    DSP48E2_X1Y72        DSP_M_DATA (Prop_DSP_M_DATA_DSP48E2_U[4]_U_DATA[4])
                                                      0.067     0.937 r  bd_0_i/hls_inst/inst/p_2_FIR_filter_transposed_fu_448/mul_16s_8ns_23_1_1_U1/tmp_product/DSP_M_DATA_INST/U_DATA[4]
                         net (fo=1, routed)           0.000     0.937    bd_0_i/hls_inst/inst/p_2_FIR_filter_transposed_fu_448/mul_16s_8ns_23_1_1_U1/tmp_product/DSP_M_DATA.U_DATA<4>
    DSP48E2_X1Y72        DSP_ALU (Prop_DSP_ALU_DSP48E2_U_DATA[4]_ALU_OUT[4])
                                                      0.727     1.664 f  bd_0_i/hls_inst/inst/p_2_FIR_filter_transposed_fu_448/mul_16s_8ns_23_1_1_U1/tmp_product/DSP_ALU_INST/ALU_OUT[4]
                         net (fo=1, routed)           0.000     1.664    bd_0_i/hls_inst/inst/p_2_FIR_filter_transposed_fu_448/mul_16s_8ns_23_1_1_U1/tmp_product/DSP_ALU.ALU_OUT<4>
    DSP48E2_X1Y72        DSP_OUTPUT (Prop_DSP_OUTPUT_DSP48E2_ALU_OUT[4]_P[4])
                                                      0.146     1.810 r  bd_0_i/hls_inst/inst/p_2_FIR_filter_transposed_fu_448/mul_16s_8ns_23_1_1_U1/tmp_product/DSP_OUTPUT_INST/P[4]
                         net (fo=3, routed)           0.536     2.346    bd_0_i/hls_inst/inst/p_2_FIR_filter_transposed_fu_448/mul_16s_8ns_23_1_1_U1_n_18
    SLICE_X7Y190         LUT2 (Prop_E6LUT_SLICEM_I0_O)
                                                      0.223     2.569 r  bd_0_i/hls_inst/inst/p_2_FIR_filter_transposed_fu_448/y3[7]_i_24/O
                         net (fo=1, routed)           0.018     2.587    bd_0_i/hls_inst/inst/p_2_FIR_filter_transposed_fu_448/y3[7]_i_24_n_0
    SLICE_X7Y190         CARRY8 (Prop_CARRY8_SLICEM_S[4]_CO[7])
                                                      0.236     2.823 r  bd_0_i/hls_inst/inst/p_2_FIR_filter_transposed_fu_448/y3_reg[7]_i_12/CO[7]
                         net (fo=1, routed)           0.030     2.853    bd_0_i/hls_inst/inst/p_2_FIR_filter_transposed_fu_448/y3_reg[7]_i_12_n_0
    SLICE_X7Y191         CARRY8 (Prop_CARRY8_SLICEM_CI_CO[7])
                                                      0.065     2.918 r  bd_0_i/hls_inst/inst/p_2_FIR_filter_transposed_fu_448/y3_reg[7]_i_2/CO[7]
                         net (fo=1, routed)           0.030     2.948    bd_0_i/hls_inst/inst/p_2_FIR_filter_transposed_fu_448/y3_reg[7]_i_2_n_0
    SLICE_X7Y192         CARRY8 (Prop_CARRY8_SLICEM_CI_CO[7])
                                                      0.065     3.013 r  bd_0_i/hls_inst/inst/p_2_FIR_filter_transposed_fu_448/y3_reg[7]_i_1/CO[7]
                         net (fo=1, routed)           0.030     3.043    bd_0_i/hls_inst/inst/p_2_FIR_filter_transposed_fu_448/y3_reg[7]_i_1_n_0
    SLICE_X7Y193         CARRY8 (Prop_CARRY8_SLICEM_CI_O[5])
                                                      0.161     3.204 r  bd_0_i/hls_inst/inst/p_2_FIR_filter_transposed_fu_448/y3_reg[15]_i_1/O[5]
                         net (fo=1, routed)           0.033     3.237    bd_0_i/hls_inst/inst/p_2_FIR_filter_transposed_fu_448_ap_return[13]
    SLICE_X7Y193         FDRE                                         r  bd_0_i/hls_inst/inst/y3_reg[13]/D
  -------------------------------------------------------------------    -------------------

                         (clock ap_clk rise edge)     0.000     0.000 r  
                                                      0.000     0.000 r  ap_clk (IN)
                         net (fo=1950, unset)         0.031     0.031    bd_0_i/hls_inst/inst/ap_clk
    SLICE_X7Y193         FDRE                                         r  bd_0_i/hls_inst/inst/y3_reg[13]/C

Slack:                    inf
  Source:                 bd_0_i/hls_inst/inst/p_2_FIR_filter_transposed_fu_448/mul_16s_8ns_23_1_1_U1/tmp_product/DSP_A_B_DATA_INST/B2_DATA[3]
                            (internal pin)
  Destination:            bd_0_i/hls_inst/inst/y3_reg[14]/D
                            (rising edge-triggered cell FDRE clocked by ap_clk  {rise@0.000ns fall@5.000ns period=10.000ns})
  Path Group:             (none)
  Path Type:              Setup (Max at Slow Process Corner)
  Data Path Delay:        3.234ns  (logic 2.556ns (79.037%)  route 0.678ns (20.963%))
  Logic Levels:           10  (CARRY8=4 DSP_ALU=1 DSP_M_DATA=1 DSP_MULTIPLIER=1 DSP_OUTPUT=1 DSP_PREADD_DATA=1 LUT2=1)
  Clock Uncertainty:      0.025ns  ((TSJ^2 + TIJ^2)^1/2 + DJ) / 2 + PE
    Total System Jitter     (TSJ):    0.050ns
    Total Input Jitter      (TIJ):    0.000ns
    Discrete Jitter          (DJ):    0.000ns
    Phase Error              (PE):    0.000ns

    Location             Delay type                Incr(ns)  Path(ns)    Netlist Resource(s)
  -------------------------------------------------------------------    -------------------
    DSP48E2_X1Y72        DSP_A_B_DATA                 0.000     0.000 r  bd_0_i/hls_inst/inst/p_2_FIR_filter_transposed_fu_448/mul_16s_8ns_23_1_1_U1/tmp_product/DSP_A_B_DATA_INST/B2_DATA[3]
                         net (fo=1, routed)           0.000     0.000    bd_0_i/hls_inst/inst/p_2_FIR_filter_transposed_fu_448/mul_16s_8ns_23_1_1_U1/tmp_product/DSP_A_B_DATA.B2_DATA<3>
    DSP48E2_X1Y72        DSP_PREADD_DATA (Prop_DSP_PREADD_DATA_DSP48E2_B2_DATA[3]_B2B1[3])
                                                      0.097     0.097 r  bd_0_i/hls_inst/inst/p_2_FIR_filter_transposed_fu_448/mul_16s_8ns_23_1_1_U1/tmp_product/DSP_PREADD_DATA_INST/B2B1[3]
                         net (fo=1, routed)           0.000     0.097    bd_0_i/hls_inst/inst/p_2_FIR_filter_transposed_fu_448/mul_16s_8ns_23_1_1_U1/tmp_product/DSP_PREADD_DATA.B2B1<3>
    DSP48E2_X1Y72        DSP_MULTIPLIER (Prop_DSP_MULTIPLIER_DSP48E2_B2B1[3]_U[4])
                                                      0.773     0.870 f  bd_0_i/hls_inst/inst/p_2_FIR_filter_transposed_fu_448/mul_16s_8ns_23_1_1_U1/tmp_product/DSP_MULTIPLIER_INST/U[4]
                         net (fo=1, routed)           0.000     0.870    bd_0_i/hls_inst/inst/p_2_FIR_filter_transposed_fu_448/mul_16s_8ns_23_1_1_U1/tmp_product/DSP_MULTIPLIER.U<4>
    DSP48E2_X1Y72        DSP_M_DATA (Prop_DSP_M_DATA_DSP48E2_U[4]_U_DATA[4])
                                                      0.067     0.937 r  bd_0_i/hls_inst/inst/p_2_FIR_filter_transposed_fu_448/mul_16s_8ns_23_1_1_U1/tmp_product/DSP_M_DATA_INST/U_DATA[4]
                         net (fo=1, routed)           0.000     0.937    bd_0_i/hls_inst/inst/p_2_FIR_filter_transposed_fu_448/mul_16s_8ns_23_1_1_U1/tmp_product/DSP_M_DATA.U_DATA<4>
    DSP48E2_X1Y72        DSP_ALU (Prop_DSP_ALU_DSP48E2_U_DATA[4]_ALU_OUT[4])
                                                      0.727     1.664 f  bd_0_i/hls_inst/inst/p_2_FIR_filter_transposed_fu_448/mul_16s_8ns_23_1_1_U1/tmp_product/DSP_ALU_INST/ALU_OUT[4]
                         net (fo=1, routed)           0.000     1.664    bd_0_i/hls_inst/inst/p_2_FIR_filter_transposed_fu_448/mul_16s_8ns_23_1_1_U1/tmp_product/DSP_ALU.ALU_OUT<4>
    DSP48E2_X1Y72        DSP_OUTPUT (Prop_DSP_OUTPUT_DSP48E2_ALU_OUT[4]_P[4])
                                                      0.146     1.810 r  bd_0_i/hls_inst/inst/p_2_FIR_filter_transposed_fu_448/mul_16s_8ns_23_1_1_U1/tmp_product/DSP_OUTPUT_INST/P[4]
                         net (fo=3, routed)           0.536     2.346    bd_0_i/hls_inst/inst/p_2_FIR_filter_transposed_fu_448/mul_16s_8ns_23_1_1_U1_n_18
    SLICE_X7Y190         LUT2 (Prop_E6LUT_SLICEM_I0_O)
                                                      0.223     2.569 r  bd_0_i/hls_inst/inst/p_2_FIR_filter_transposed_fu_448/y3[7]_i_24/O
                         net (fo=1, routed)           0.018     2.587    bd_0_i/hls_inst/inst/p_2_FIR_filter_transposed_fu_448/y3[7]_i_24_n_0
    SLICE_X7Y190         CARRY8 (Prop_CARRY8_SLICEM_S[4]_CO[7])
                                                      0.236     2.823 r  bd_0_i/hls_inst/inst/p_2_FIR_filter_transposed_fu_448/y3_reg[7]_i_12/CO[7]
                         net (fo=1, routed)           0.030     2.853    bd_0_i/hls_inst/inst/p_2_FIR_filter_transposed_fu_448/y3_reg[7]_i_12_n_0
    SLICE_X7Y191         CARRY8 (Prop_CARRY8_SLICEM_CI_CO[7])
                                                      0.065     2.918 r  bd_0_i/hls_inst/inst/p_2_FIR_filter_transposed_fu_448/y3_reg[7]_i_2/CO[7]
                         net (fo=1, routed)           0.030     2.948    bd_0_i/hls_inst/inst/p_2_FIR_filter_transposed_fu_448/y3_reg[7]_i_2_n_0
    SLICE_X7Y192         CARRY8 (Prop_CARRY8_SLICEM_CI_CO[7])
                                                      0.065     3.013 r  bd_0_i/hls_inst/inst/p_2_FIR_filter_transposed_fu_448/y3_reg[7]_i_1/CO[7]
                         net (fo=1, routed)           0.030     3.043    bd_0_i/hls_inst/inst/p_2_FIR_filter_transposed_fu_448/y3_reg[7]_i_1_n_0
    SLICE_X7Y193         CARRY8 (Prop_CARRY8_SLICEM_CI_O[6])
                                                      0.157     3.200 r  bd_0_i/hls_inst/inst/p_2_FIR_filter_transposed_fu_448/y3_reg[15]_i_1/O[6]
                         net (fo=1, routed)           0.034     3.234    bd_0_i/hls_inst/inst/p_2_FIR_filter_transposed_fu_448_ap_return[14]
    SLICE_X7Y193         FDRE                                         r  bd_0_i/hls_inst/inst/y3_reg[14]/D
  -------------------------------------------------------------------    -------------------

                         (clock ap_clk rise edge)     0.000     0.000 r  
                                                      0.000     0.000 r  ap_clk (IN)
                         net (fo=1950, unset)         0.031     0.031    bd_0_i/hls_inst/inst/ap_clk
    SLICE_X7Y193         FDRE                                         r  bd_0_i/hls_inst/inst/y3_reg[14]/C

Slack:                    inf
  Source:                 bd_0_i/hls_inst/inst/p_2_FIR_filter_transposed_fu_448/mul_16s_8ns_23_1_1_U1/tmp_product/DSP_A_B_DATA_INST/B2_DATA[3]
                            (internal pin)
  Destination:            bd_0_i/hls_inst/inst/y3_reg[12]/D
                            (rising edge-triggered cell FDRE clocked by ap_clk  {rise@0.000ns fall@5.000ns period=10.000ns})
  Path Group:             (none)
  Path Type:              Setup (Max at Slow Process Corner)
  Data Path Delay:        3.194ns  (logic 2.518ns (78.837%)  route 0.676ns (21.163%))
  Logic Levels:           10  (CARRY8=4 DSP_ALU=1 DSP_M_DATA=1 DSP_MULTIPLIER=1 DSP_OUTPUT=1 DSP_PREADD_DATA=1 LUT2=1)
  Clock Uncertainty:      0.025ns  ((TSJ^2 + TIJ^2)^1/2 + DJ) / 2 + PE
    Total System Jitter     (TSJ):    0.050ns
    Total Input Jitter      (TIJ):    0.000ns
    Discrete Jitter          (DJ):    0.000ns
    Phase Error              (PE):    0.000ns

    Location             Delay type                Incr(ns)  Path(ns)    Netlist Resource(s)
  -------------------------------------------------------------------    -------------------
    DSP48E2_X1Y72        DSP_A_B_DATA                 0.000     0.000 r  bd_0_i/hls_inst/inst/p_2_FIR_filter_transposed_fu_448/mul_16s_8ns_23_1_1_U1/tmp_product/DSP_A_B_DATA_INST/B2_DATA[3]
                         net (fo=1, routed)           0.000     0.000    bd_0_i/hls_inst/inst/p_2_FIR_filter_transposed_fu_448/mul_16s_8ns_23_1_1_U1/tmp_product/DSP_A_B_DATA.B2_DATA<3>
    DSP48E2_X1Y72        DSP_PREADD_DATA (Prop_DSP_PREADD_DATA_DSP48E2_B2_DATA[3]_B2B1[3])
                                                      0.097     0.097 r  bd_0_i/hls_inst/inst/p_2_FIR_filter_transposed_fu_448/mul_16s_8ns_23_1_1_U1/tmp_product/DSP_PREADD_DATA_INST/B2B1[3]
                         net (fo=1, routed)           0.000     0.097    bd_0_i/hls_inst/inst/p_2_FIR_filter_transposed_fu_448/mul_16s_8ns_23_1_1_U1/tmp_product/DSP_PREADD_DATA.B2B1<3>
    DSP48E2_X1Y72        DSP_MULTIPLIER (Prop_DSP_MULTIPLIER_DSP48E2_B2B1[3]_U[4])
                                                      0.773     0.870 f  bd_0_i/hls_inst/inst/p_2_FIR_filter_transposed_fu_448/mul_16s_8ns_23_1_1_U1/tmp_product/DSP_MULTIPLIER_INST/U[4]
                         net (fo=1, routed)           0.000     0.870    bd_0_i/hls_inst/inst/p_2_FIR_filter_transposed_fu_448/mul_16s_8ns_23_1_1_U1/tmp_product/DSP_MULTIPLIER.U<4>
    DSP48E2_X1Y72        DSP_M_DATA (Prop_DSP_M_DATA_DSP48E2_U[4]_U_DATA[4])
                                                      0.067     0.937 r  bd_0_i/hls_inst/inst/p_2_FIR_filter_transposed_fu_448/mul_16s_8ns_23_1_1_U1/tmp_product/DSP_M_DATA_INST/U_DATA[4]
                         net (fo=1, routed)           0.000     0.937    bd_0_i/hls_inst/inst/p_2_FIR_filter_transposed_fu_448/mul_16s_8ns_23_1_1_U1/tmp_product/DSP_M_DATA.U_DATA<4>
    DSP48E2_X1Y72        DSP_ALU (Prop_DSP_ALU_DSP48E2_U_DATA[4]_ALU_OUT[4])
                                                      0.727     1.664 f  bd_0_i/hls_inst/inst/p_2_FIR_filter_transposed_fu_448/mul_16s_8ns_23_1_1_U1/tmp_product/DSP_ALU_INST/ALU_OUT[4]
                         net (fo=1, routed)           0.000     1.664    bd_0_i/hls_inst/inst/p_2_FIR_filter_transposed_fu_448/mul_16s_8ns_23_1_1_U1/tmp_product/DSP_ALU.ALU_OUT<4>
    DSP48E2_X1Y72        DSP_OUTPUT (Prop_DSP_OUTPUT_DSP48E2_ALU_OUT[4]_P[4])
                                                      0.146     1.810 r  bd_0_i/hls_inst/inst/p_2_FIR_filter_transposed_fu_448/mul_16s_8ns_23_1_1_U1/tmp_product/DSP_OUTPUT_INST/P[4]
                         net (fo=3, routed)           0.536     2.346    bd_0_i/hls_inst/inst/p_2_FIR_filter_transposed_fu_448/mul_16s_8ns_23_1_1_U1_n_18
    SLICE_X7Y190         LUT2 (Prop_E6LUT_SLICEM_I0_O)
                                                      0.223     2.569 r  bd_0_i/hls_inst/inst/p_2_FIR_filter_transposed_fu_448/y3[7]_i_24/O
                         net (fo=1, routed)           0.018     2.587    bd_0_i/hls_inst/inst/p_2_FIR_filter_transposed_fu_448/y3[7]_i_24_n_0
    SLICE_X7Y190         CARRY8 (Prop_CARRY8_SLICEM_S[4]_CO[7])
                                                      0.236     2.823 r  bd_0_i/hls_inst/inst/p_2_FIR_filter_transposed_fu_448/y3_reg[7]_i_12/CO[7]
                         net (fo=1, routed)           0.030     2.853    bd_0_i/hls_inst/inst/p_2_FIR_filter_transposed_fu_448/y3_reg[7]_i_12_n_0
    SLICE_X7Y191         CARRY8 (Prop_CARRY8_SLICEM_CI_CO[7])
                                                      0.065     2.918 r  bd_0_i/hls_inst/inst/p_2_FIR_filter_transposed_fu_448/y3_reg[7]_i_2/CO[7]
                         net (fo=1, routed)           0.030     2.948    bd_0_i/hls_inst/inst/p_2_FIR_filter_transposed_fu_448/y3_reg[7]_i_2_n_0
    SLICE_X7Y192         CARRY8 (Prop_CARRY8_SLICEM_CI_CO[7])
                                                      0.065     3.013 r  bd_0_i/hls_inst/inst/p_2_FIR_filter_transposed_fu_448/y3_reg[7]_i_1/CO[7]
                         net (fo=1, routed)           0.030     3.043    bd_0_i/hls_inst/inst/p_2_FIR_filter_transposed_fu_448/y3_reg[7]_i_1_n_0
    SLICE_X7Y193         CARRY8 (Prop_CARRY8_SLICEM_CI_O[4])
                                                      0.119     3.162 r  bd_0_i/hls_inst/inst/p_2_FIR_filter_transposed_fu_448/y3_reg[15]_i_1/O[4]
                         net (fo=1, routed)           0.032     3.194    bd_0_i/hls_inst/inst/p_2_FIR_filter_transposed_fu_448_ap_return[12]
    SLICE_X7Y193         FDRE                                         r  bd_0_i/hls_inst/inst/y3_reg[12]/D
  -------------------------------------------------------------------    -------------------

                         (clock ap_clk rise edge)     0.000     0.000 r  
                                                      0.000     0.000 r  ap_clk (IN)
                         net (fo=1950, unset)         0.031     0.031    bd_0_i/hls_inst/inst/ap_clk
    SLICE_X7Y193         FDRE                                         r  bd_0_i/hls_inst/inst/y3_reg[12]/C

Slack:                    inf
  Source:                 bd_0_i/hls_inst/inst/p_2_FIR_filter_transposed_fu_448/mul_16s_8ns_23_1_1_U1/tmp_product/DSP_A_B_DATA_INST/B2_DATA[3]
                            (internal pin)
  Destination:            bd_0_i/hls_inst/inst/y3_reg[11]/D
                            (rising edge-triggered cell FDRE clocked by ap_clk  {rise@0.000ns fall@5.000ns period=10.000ns})
  Path Group:             (none)
  Path Type:              Setup (Max at Slow Process Corner)
  Data Path Delay:        3.191ns  (logic 2.513ns (78.755%)  route 0.678ns (21.245%))
  Logic Levels:           10  (CARRY8=4 DSP_ALU=1 DSP_M_DATA=1 DSP_MULTIPLIER=1 DSP_OUTPUT=1 DSP_PREADD_DATA=1 LUT2=1)
  Clock Uncertainty:      0.025ns  ((TSJ^2 + TIJ^2)^1/2 + DJ) / 2 + PE
    Total System Jitter     (TSJ):    0.050ns
    Total Input Jitter      (TIJ):    0.000ns
    Discrete Jitter          (DJ):    0.000ns
    Phase Error              (PE):    0.000ns

    Location             Delay type                Incr(ns)  Path(ns)    Netlist Resource(s)
  -------------------------------------------------------------------    -------------------
    DSP48E2_X1Y72        DSP_A_B_DATA                 0.000     0.000 r  bd_0_i/hls_inst/inst/p_2_FIR_filter_transposed_fu_448/mul_16s_8ns_23_1_1_U1/tmp_product/DSP_A_B_DATA_INST/B2_DATA[3]
                         net (fo=1, routed)           0.000     0.000    bd_0_i/hls_inst/inst/p_2_FIR_filter_transposed_fu_448/mul_16s_8ns_23_1_1_U1/tmp_product/DSP_A_B_DATA.B2_DATA<3>
    DSP48E2_X1Y72        DSP_PREADD_DATA (Prop_DSP_PREADD_DATA_DSP48E2_B2_DATA[3]_B2B1[3])
                                                      0.097     0.097 r  bd_0_i/hls_inst/inst/p_2_FIR_filter_transposed_fu_448/mul_16s_8ns_23_1_1_U1/tmp_product/DSP_PREADD_DATA_INST/B2B1[3]
                         net (fo=1, routed)           0.000     0.097    bd_0_i/hls_inst/inst/p_2_FIR_filter_transposed_fu_448/mul_16s_8ns_23_1_1_U1/tmp_product/DSP_PREADD_DATA.B2B1<3>
    DSP48E2_X1Y72        DSP_MULTIPLIER (Prop_DSP_MULTIPLIER_DSP48E2_B2B1[3]_U[4])
                                                      0.773     0.870 f  bd_0_i/hls_inst/inst/p_2_FIR_filter_transposed_fu_448/mul_16s_8ns_23_1_1_U1/tmp_product/DSP_MULTIPLIER_INST/U[4]
                         net (fo=1, routed)           0.000     0.870    bd_0_i/hls_inst/inst/p_2_FIR_filter_transposed_fu_448/mul_16s_8ns_23_1_1_U1/tmp_product/DSP_MULTIPLIER.U<4>
    DSP48E2_X1Y72        DSP_M_DATA (Prop_DSP_M_DATA_DSP48E2_U[4]_U_DATA[4])
                                                      0.067     0.937 r  bd_0_i/hls_inst/inst/p_2_FIR_filter_transposed_fu_448/mul_16s_8ns_23_1_1_U1/tmp_product/DSP_M_DATA_INST/U_DATA[4]
                         net (fo=1, routed)           0.000     0.937    bd_0_i/hls_inst/inst/p_2_FIR_filter_transposed_fu_448/mul_16s_8ns_23_1_1_U1/tmp_product/DSP_M_DATA.U_DATA<4>
    DSP48E2_X1Y72        DSP_ALU (Prop_DSP_ALU_DSP48E2_U_DATA[4]_ALU_OUT[4])
                                                      0.727     1.664 f  bd_0_i/hls_inst/inst/p_2_FIR_filter_transposed_fu_448/mul_16s_8ns_23_1_1_U1/tmp_product/DSP_ALU_INST/ALU_OUT[4]
                         net (fo=1, routed)           0.000     1.664    bd_0_i/hls_inst/inst/p_2_FIR_filter_transposed_fu_448/mul_16s_8ns_23_1_1_U1/tmp_product/DSP_ALU.ALU_OUT<4>
    DSP48E2_X1Y72        DSP_OUTPUT (Prop_DSP_OUTPUT_DSP48E2_ALU_OUT[4]_P[4])
                                                      0.146     1.810 r  bd_0_i/hls_inst/inst/p_2_FIR_filter_transposed_fu_448/mul_16s_8ns_23_1_1_U1/tmp_product/DSP_OUTPUT_INST/P[4]
                         net (fo=3, routed)           0.536     2.346    bd_0_i/hls_inst/inst/p_2_FIR_filter_transposed_fu_448/mul_16s_8ns_23_1_1_U1_n_18
    SLICE_X7Y190         LUT2 (Prop_E6LUT_SLICEM_I0_O)
                                                      0.223     2.569 r  bd_0_i/hls_inst/inst/p_2_FIR_filter_transposed_fu_448/y3[7]_i_24/O
                         net (fo=1, routed)           0.018     2.587    bd_0_i/hls_inst/inst/p_2_FIR_filter_transposed_fu_448/y3[7]_i_24_n_0
    SLICE_X7Y190         CARRY8 (Prop_CARRY8_SLICEM_S[4]_CO[7])
                                                      0.236     2.823 r  bd_0_i/hls_inst/inst/p_2_FIR_filter_transposed_fu_448/y3_reg[7]_i_12/CO[7]
                         net (fo=1, routed)           0.030     2.853    bd_0_i/hls_inst/inst/p_2_FIR_filter_transposed_fu_448/y3_reg[7]_i_12_n_0
    SLICE_X7Y191         CARRY8 (Prop_CARRY8_SLICEM_CI_CO[7])
                                                      0.065     2.918 r  bd_0_i/hls_inst/inst/p_2_FIR_filter_transposed_fu_448/y3_reg[7]_i_2/CO[7]
                         net (fo=1, routed)           0.030     2.948    bd_0_i/hls_inst/inst/p_2_FIR_filter_transposed_fu_448/y3_reg[7]_i_2_n_0
    SLICE_X7Y192         CARRY8 (Prop_CARRY8_SLICEM_CI_CO[7])
                                                      0.065     3.013 r  bd_0_i/hls_inst/inst/p_2_FIR_filter_transposed_fu_448/y3_reg[7]_i_1/CO[7]
                         net (fo=1, routed)           0.030     3.043    bd_0_i/hls_inst/inst/p_2_FIR_filter_transposed_fu_448/y3_reg[7]_i_1_n_0
    SLICE_X7Y193         CARRY8 (Prop_CARRY8_SLICEM_CI_O[3])
                                                      0.114     3.157 r  bd_0_i/hls_inst/inst/p_2_FIR_filter_transposed_fu_448/y3_reg[15]_i_1/O[3]
                         net (fo=1, routed)           0.034     3.191    bd_0_i/hls_inst/inst/p_2_FIR_filter_transposed_fu_448_ap_return[11]
    SLICE_X7Y193         FDRE                                         r  bd_0_i/hls_inst/inst/y3_reg[11]/D
  -------------------------------------------------------------------    -------------------

                         (clock ap_clk rise edge)     0.000     0.000 r  
                                                      0.000     0.000 r  ap_clk (IN)
                         net (fo=1950, unset)         0.030     0.030    bd_0_i/hls_inst/inst/ap_clk
    SLICE_X7Y193         FDRE                                         r  bd_0_i/hls_inst/inst/y3_reg[11]/C

Slack:                    inf
  Source:                 bd_0_i/hls_inst/inst/p_2_FIR_filter_transposed_fu_448/mul_16s_8ns_23_1_1_U1/tmp_product/DSP_A_B_DATA_INST/B2_DATA[3]
                            (internal pin)
  Destination:            bd_0_i/hls_inst/inst/y3_reg[9]/D
                            (rising edge-triggered cell FDRE clocked by ap_clk  {rise@0.000ns fall@5.000ns period=10.000ns})
  Path Group:             (none)
  Path Type:              Setup (Max at Slow Process Corner)
  Data Path Delay:        3.182ns  (logic 2.505ns (78.726%)  route 0.677ns (21.274%))
  Logic Levels:           10  (CARRY8=4 DSP_ALU=1 DSP_M_DATA=1 DSP_MULTIPLIER=1 DSP_OUTPUT=1 DSP_PREADD_DATA=1 LUT2=1)
  Clock Uncertainty:      0.025ns  ((TSJ^2 + TIJ^2)^1/2 + DJ) / 2 + PE
    Total System Jitter     (TSJ):    0.050ns
    Total Input Jitter      (TIJ):    0.000ns
    Discrete Jitter          (DJ):    0.000ns
    Phase Error              (PE):    0.000ns

    Location             Delay type                Incr(ns)  Path(ns)    Netlist Resource(s)
  -------------------------------------------------------------------    -------------------
    DSP48E2_X1Y72        DSP_A_B_DATA                 0.000     0.000 r  bd_0_i/hls_inst/inst/p_2_FIR_filter_transposed_fu_448/mul_16s_8ns_23_1_1_U1/tmp_product/DSP_A_B_DATA_INST/B2_DATA[3]
                         net (fo=1, routed)           0.000     0.000    bd_0_i/hls_inst/inst/p_2_FIR_filter_transposed_fu_448/mul_16s_8ns_23_1_1_U1/tmp_product/DSP_A_B_DATA.B2_DATA<3>
    DSP48E2_X1Y72        DSP_PREADD_DATA (Prop_DSP_PREADD_DATA_DSP48E2_B2_DATA[3]_B2B1[3])
                                                      0.097     0.097 r  bd_0_i/hls_inst/inst/p_2_FIR_filter_transposed_fu_448/mul_16s_8ns_23_1_1_U1/tmp_product/DSP_PREADD_DATA_INST/B2B1[3]
                         net (fo=1, routed)           0.000     0.097    bd_0_i/hls_inst/inst/p_2_FIR_filter_transposed_fu_448/mul_16s_8ns_23_1_1_U1/tmp_product/DSP_PREADD_DATA.B2B1<3>
    DSP48E2_X1Y72        DSP_MULTIPLIER (Prop_DSP_MULTIPLIER_DSP48E2_B2B1[3]_U[4])
                                                      0.773     0.870 f  bd_0_i/hls_inst/inst/p_2_FIR_filter_transposed_fu_448/mul_16s_8ns_23_1_1_U1/tmp_product/DSP_MULTIPLIER_INST/U[4]
                         net (fo=1, routed)           0.000     0.870    bd_0_i/hls_inst/inst/p_2_FIR_filter_transposed_fu_448/mul_16s_8ns_23_1_1_U1/tmp_product/DSP_MULTIPLIER.U<4>
    DSP48E2_X1Y72        DSP_M_DATA (Prop_DSP_M_DATA_DSP48E2_U[4]_U_DATA[4])
                                                      0.067     0.937 r  bd_0_i/hls_inst/inst/p_2_FIR_filter_transposed_fu_448/mul_16s_8ns_23_1_1_U1/tmp_product/DSP_M_DATA_INST/U_DATA[4]
                         net (fo=1, routed)           0.000     0.937    bd_0_i/hls_inst/inst/p_2_FIR_filter_transposed_fu_448/mul_16s_8ns_23_1_1_U1/tmp_product/DSP_M_DATA.U_DATA<4>
    DSP48E2_X1Y72        DSP_ALU (Prop_DSP_ALU_DSP48E2_U_DATA[4]_ALU_OUT[4])
                                                      0.727     1.664 f  bd_0_i/hls_inst/inst/p_2_FIR_filter_transposed_fu_448/mul_16s_8ns_23_1_1_U1/tmp_product/DSP_ALU_INST/ALU_OUT[4]
                         net (fo=1, routed)           0.000     1.664    bd_0_i/hls_inst/inst/p_2_FIR_filter_transposed_fu_448/mul_16s_8ns_23_1_1_U1/tmp_product/DSP_ALU.ALU_OUT<4>
    DSP48E2_X1Y72        DSP_OUTPUT (Prop_DSP_OUTPUT_DSP48E2_ALU_OUT[4]_P[4])
                                                      0.146     1.810 r  bd_0_i/hls_inst/inst/p_2_FIR_filter_transposed_fu_448/mul_16s_8ns_23_1_1_U1/tmp_product/DSP_OUTPUT_INST/P[4]
                         net (fo=3, routed)           0.536     2.346    bd_0_i/hls_inst/inst/p_2_FIR_filter_transposed_fu_448/mul_16s_8ns_23_1_1_U1_n_18
    SLICE_X7Y190         LUT2 (Prop_E6LUT_SLICEM_I0_O)
                                                      0.223     2.569 r  bd_0_i/hls_inst/inst/p_2_FIR_filter_transposed_fu_448/y3[7]_i_24/O
                         net (fo=1, routed)           0.018     2.587    bd_0_i/hls_inst/inst/p_2_FIR_filter_transposed_fu_448/y3[7]_i_24_n_0
    SLICE_X7Y190         CARRY8 (Prop_CARRY8_SLICEM_S[4]_CO[7])
                                                      0.236     2.823 r  bd_0_i/hls_inst/inst/p_2_FIR_filter_transposed_fu_448/y3_reg[7]_i_12/CO[7]
                         net (fo=1, routed)           0.030     2.853    bd_0_i/hls_inst/inst/p_2_FIR_filter_transposed_fu_448/y3_reg[7]_i_12_n_0
    SLICE_X7Y191         CARRY8 (Prop_CARRY8_SLICEM_CI_CO[7])
                                                      0.065     2.918 r  bd_0_i/hls_inst/inst/p_2_FIR_filter_transposed_fu_448/y3_reg[7]_i_2/CO[7]
                         net (fo=1, routed)           0.030     2.948    bd_0_i/hls_inst/inst/p_2_FIR_filter_transposed_fu_448/y3_reg[7]_i_2_n_0
    SLICE_X7Y192         CARRY8 (Prop_CARRY8_SLICEM_CI_CO[7])
                                                      0.065     3.013 r  bd_0_i/hls_inst/inst/p_2_FIR_filter_transposed_fu_448/y3_reg[7]_i_1/CO[7]
                         net (fo=1, routed)           0.030     3.043    bd_0_i/hls_inst/inst/p_2_FIR_filter_transposed_fu_448/y3_reg[7]_i_1_n_0
    SLICE_X7Y193         CARRY8 (Prop_CARRY8_SLICEM_CI_O[1])
                                                      0.106     3.149 r  bd_0_i/hls_inst/inst/p_2_FIR_filter_transposed_fu_448/y3_reg[15]_i_1/O[1]
                         net (fo=1, routed)           0.033     3.182    bd_0_i/hls_inst/inst/p_2_FIR_filter_transposed_fu_448_ap_return[9]
    SLICE_X7Y193         FDRE                                         r  bd_0_i/hls_inst/inst/y3_reg[9]/D
  -------------------------------------------------------------------    -------------------

                         (clock ap_clk rise edge)     0.000     0.000 r  
                                                      0.000     0.000 r  ap_clk (IN)
                         net (fo=1950, unset)         0.030     0.030    bd_0_i/hls_inst/inst/ap_clk
    SLICE_X7Y193         FDRE                                         r  bd_0_i/hls_inst/inst/y3_reg[9]/C

Slack:                    inf
  Source:                 bd_0_i/hls_inst/inst/p_2_FIR_filter_transposed_fu_448/mul_16s_8ns_23_1_1_U1/tmp_product/DSP_A_B_DATA_INST/B2_DATA[3]
                            (internal pin)
  Destination:            bd_0_i/hls_inst/inst/y3_reg[10]/D
                            (rising edge-triggered cell FDRE clocked by ap_clk  {rise@0.000ns fall@5.000ns period=10.000ns})
  Path Group:             (none)
  Path Type:              Setup (Max at Slow Process Corner)
  Data Path Delay:        3.170ns  (logic 2.492ns (78.614%)  route 0.678ns (21.386%))
  Logic Levels:           10  (CARRY8=4 DSP_ALU=1 DSP_M_DATA=1 DSP_MULTIPLIER=1 DSP_OUTPUT=1 DSP_PREADD_DATA=1 LUT2=1)
  Clock Uncertainty:      0.025ns  ((TSJ^2 + TIJ^2)^1/2 + DJ) / 2 + PE
    Total System Jitter     (TSJ):    0.050ns
    Total Input Jitter      (TIJ):    0.000ns
    Discrete Jitter          (DJ):    0.000ns
    Phase Error              (PE):    0.000ns

    Location             Delay type                Incr(ns)  Path(ns)    Netlist Resource(s)
  -------------------------------------------------------------------    -------------------
    DSP48E2_X1Y72        DSP_A_B_DATA                 0.000     0.000 r  bd_0_i/hls_inst/inst/p_2_FIR_filter_transposed_fu_448/mul_16s_8ns_23_1_1_U1/tmp_product/DSP_A_B_DATA_INST/B2_DATA[3]
                         net (fo=1, routed)           0.000     0.000    bd_0_i/hls_inst/inst/p_2_FIR_filter_transposed_fu_448/mul_16s_8ns_23_1_1_U1/tmp_product/DSP_A_B_DATA.B2_DATA<3>
    DSP48E2_X1Y72        DSP_PREADD_DATA (Prop_DSP_PREADD_DATA_DSP48E2_B2_DATA[3]_B2B1[3])
                                                      0.097     0.097 r  bd_0_i/hls_inst/inst/p_2_FIR_filter_transposed_fu_448/mul_16s_8ns_23_1_1_U1/tmp_product/DSP_PREADD_DATA_INST/B2B1[3]
                         net (fo=1, routed)           0.000     0.097    bd_0_i/hls_inst/inst/p_2_FIR_filter_transposed_fu_448/mul_16s_8ns_23_1_1_U1/tmp_product/DSP_PREADD_DATA.B2B1<3>
    DSP48E2_X1Y72        DSP_MULTIPLIER (Prop_DSP_MULTIPLIER_DSP48E2_B2B1[3]_U[4])
                                                      0.773     0.870 f  bd_0_i/hls_inst/inst/p_2_FIR_filter_transposed_fu_448/mul_16s_8ns_23_1_1_U1/tmp_product/DSP_MULTIPLIER_INST/U[4]
                         net (fo=1, routed)           0.000     0.870    bd_0_i/hls_inst/inst/p_2_FIR_filter_transposed_fu_448/mul_16s_8ns_23_1_1_U1/tmp_product/DSP_MULTIPLIER.U<4>
    DSP48E2_X1Y72        DSP_M_DATA (Prop_DSP_M_DATA_DSP48E2_U[4]_U_DATA[4])
                                                      0.067     0.937 r  bd_0_i/hls_inst/inst/p_2_FIR_filter_transposed_fu_448/mul_16s_8ns_23_1_1_U1/tmp_product/DSP_M_DATA_INST/U_DATA[4]
                         net (fo=1, routed)           0.000     0.937    bd_0_i/hls_inst/inst/p_2_FIR_filter_transposed_fu_448/mul_16s_8ns_23_1_1_U1/tmp_product/DSP_M_DATA.U_DATA<4>
    DSP48E2_X1Y72        DSP_ALU (Prop_DSP_ALU_DSP48E2_U_DATA[4]_ALU_OUT[4])
                                                      0.727     1.664 f  bd_0_i/hls_inst/inst/p_2_FIR_filter_transposed_fu_448/mul_16s_8ns_23_1_1_U1/tmp_product/DSP_ALU_INST/ALU_OUT[4]
                         net (fo=1, routed)           0.000     1.664    bd_0_i/hls_inst/inst/p_2_FIR_filter_transposed_fu_448/mul_16s_8ns_23_1_1_U1/tmp_product/DSP_ALU.ALU_OUT<4>
    DSP48E2_X1Y72        DSP_OUTPUT (Prop_DSP_OUTPUT_DSP48E2_ALU_OUT[4]_P[4])
                                                      0.146     1.810 r  bd_0_i/hls_inst/inst/p_2_FIR_filter_transposed_fu_448/mul_16s_8ns_23_1_1_U1/tmp_product/DSP_OUTPUT_INST/P[4]
                         net (fo=3, routed)           0.536     2.346    bd_0_i/hls_inst/inst/p_2_FIR_filter_transposed_fu_448/mul_16s_8ns_23_1_1_U1_n_18
    SLICE_X7Y190         LUT2 (Prop_E6LUT_SLICEM_I0_O)
                                                      0.223     2.569 r  bd_0_i/hls_inst/inst/p_2_FIR_filter_transposed_fu_448/y3[7]_i_24/O
                         net (fo=1, routed)           0.018     2.587    bd_0_i/hls_inst/inst/p_2_FIR_filter_transposed_fu_448/y3[7]_i_24_n_0
    SLICE_X7Y190         CARRY8 (Prop_CARRY8_SLICEM_S[4]_CO[7])
                                                      0.236     2.823 r  bd_0_i/hls_inst/inst/p_2_FIR_filter_transposed_fu_448/y3_reg[7]_i_12/CO[7]
                         net (fo=1, routed)           0.030     2.853    bd_0_i/hls_inst/inst/p_2_FIR_filter_transposed_fu_448/y3_reg[7]_i_12_n_0
    SLICE_X7Y191         CARRY8 (Prop_CARRY8_SLICEM_CI_CO[7])
                                                      0.065     2.918 r  bd_0_i/hls_inst/inst/p_2_FIR_filter_transposed_fu_448/y3_reg[7]_i_2/CO[7]
                         net (fo=1, routed)           0.030     2.948    bd_0_i/hls_inst/inst/p_2_FIR_filter_transposed_fu_448/y3_reg[7]_i_2_n_0
    SLICE_X7Y192         CARRY8 (Prop_CARRY8_SLICEM_CI_CO[7])
                                                      0.065     3.013 r  bd_0_i/hls_inst/inst/p_2_FIR_filter_transposed_fu_448/y3_reg[7]_i_1/CO[7]
                         net (fo=1, routed)           0.030     3.043    bd_0_i/hls_inst/inst/p_2_FIR_filter_transposed_fu_448/y3_reg[7]_i_1_n_0
    SLICE_X7Y193         CARRY8 (Prop_CARRY8_SLICEM_CI_O[2])
                                                      0.093     3.136 r  bd_0_i/hls_inst/inst/p_2_FIR_filter_transposed_fu_448/y3_reg[15]_i_1/O[2]
                         net (fo=1, routed)           0.034     3.170    bd_0_i/hls_inst/inst/p_2_FIR_filter_transposed_fu_448_ap_return[10]
    SLICE_X7Y193         FDRE                                         r  bd_0_i/hls_inst/inst/y3_reg[10]/D
  -------------------------------------------------------------------    -------------------

                         (clock ap_clk rise edge)     0.000     0.000 r  
                                                      0.000     0.000 r  ap_clk (IN)
                         net (fo=1950, unset)         0.030     0.030    bd_0_i/hls_inst/inst/ap_clk
    SLICE_X7Y193         FDRE                                         r  bd_0_i/hls_inst/inst/y3_reg[10]/C

Slack:                    inf
  Source:                 bd_0_i/hls_inst/inst/p_2_FIR_filter_transposed_fu_448/mul_16s_8ns_23_1_1_U1/tmp_product/DSP_A_B_DATA_INST/B2_DATA[3]
                            (internal pin)
  Destination:            bd_0_i/hls_inst/inst/y3_reg[7]/D
                            (rising edge-triggered cell FDRE clocked by ap_clk  {rise@0.000ns fall@5.000ns period=10.000ns})
  Path Group:             (none)
  Path Type:              Setup (Max at Slow Process Corner)
  Data Path Delay:        3.153ns  (logic 2.505ns (79.450%)  route 0.648ns (20.550%))
  Logic Levels:           9  (CARRY8=3 DSP_ALU=1 DSP_M_DATA=1 DSP_MULTIPLIER=1 DSP_OUTPUT=1 DSP_PREADD_DATA=1 LUT2=1)
  Clock Uncertainty:      0.025ns  ((TSJ^2 + TIJ^2)^1/2 + DJ) / 2 + PE
    Total System Jitter     (TSJ):    0.050ns
    Total Input Jitter      (TIJ):    0.000ns
    Discrete Jitter          (DJ):    0.000ns
    Phase Error              (PE):    0.000ns

    Location             Delay type                Incr(ns)  Path(ns)    Netlist Resource(s)
  -------------------------------------------------------------------    -------------------
    DSP48E2_X1Y72        DSP_A_B_DATA                 0.000     0.000 r  bd_0_i/hls_inst/inst/p_2_FIR_filter_transposed_fu_448/mul_16s_8ns_23_1_1_U1/tmp_product/DSP_A_B_DATA_INST/B2_DATA[3]
                         net (fo=1, routed)           0.000     0.000    bd_0_i/hls_inst/inst/p_2_FIR_filter_transposed_fu_448/mul_16s_8ns_23_1_1_U1/tmp_product/DSP_A_B_DATA.B2_DATA<3>
    DSP48E2_X1Y72        DSP_PREADD_DATA (Prop_DSP_PREADD_DATA_DSP48E2_B2_DATA[3]_B2B1[3])
                                                      0.097     0.097 r  bd_0_i/hls_inst/inst/p_2_FIR_filter_transposed_fu_448/mul_16s_8ns_23_1_1_U1/tmp_product/DSP_PREADD_DATA_INST/B2B1[3]
                         net (fo=1, routed)           0.000     0.097    bd_0_i/hls_inst/inst/p_2_FIR_filter_transposed_fu_448/mul_16s_8ns_23_1_1_U1/tmp_product/DSP_PREADD_DATA.B2B1<3>
    DSP48E2_X1Y72        DSP_MULTIPLIER (Prop_DSP_MULTIPLIER_DSP48E2_B2B1[3]_U[4])
                                                      0.773     0.870 f  bd_0_i/hls_inst/inst/p_2_FIR_filter_transposed_fu_448/mul_16s_8ns_23_1_1_U1/tmp_product/DSP_MULTIPLIER_INST/U[4]
                         net (fo=1, routed)           0.000     0.870    bd_0_i/hls_inst/inst/p_2_FIR_filter_transposed_fu_448/mul_16s_8ns_23_1_1_U1/tmp_product/DSP_MULTIPLIER.U<4>
    DSP48E2_X1Y72        DSP_M_DATA (Prop_DSP_M_DATA_DSP48E2_U[4]_U_DATA[4])
                                                      0.067     0.937 r  bd_0_i/hls_inst/inst/p_2_FIR_filter_transposed_fu_448/mul_16s_8ns_23_1_1_U1/tmp_product/DSP_M_DATA_INST/U_DATA[4]
                         net (fo=1, routed)           0.000     0.937    bd_0_i/hls_inst/inst/p_2_FIR_filter_transposed_fu_448/mul_16s_8ns_23_1_1_U1/tmp_product/DSP_M_DATA.U_DATA<4>
    DSP48E2_X1Y72        DSP_ALU (Prop_DSP_ALU_DSP48E2_U_DATA[4]_ALU_OUT[4])
                                                      0.727     1.664 f  bd_0_i/hls_inst/inst/p_2_FIR_filter_transposed_fu_448/mul_16s_8ns_23_1_1_U1/tmp_product/DSP_ALU_INST/ALU_OUT[4]
                         net (fo=1, routed)           0.000     1.664    bd_0_i/hls_inst/inst/p_2_FIR_filter_transposed_fu_448/mul_16s_8ns_23_1_1_U1/tmp_product/DSP_ALU.ALU_OUT<4>
    DSP48E2_X1Y72        DSP_OUTPUT (Prop_DSP_OUTPUT_DSP48E2_ALU_OUT[4]_P[4])
                                                      0.146     1.810 r  bd_0_i/hls_inst/inst/p_2_FIR_filter_transposed_fu_448/mul_16s_8ns_23_1_1_U1/tmp_product/DSP_OUTPUT_INST/P[4]
                         net (fo=3, routed)           0.536     2.346    bd_0_i/hls_inst/inst/p_2_FIR_filter_transposed_fu_448/mul_16s_8ns_23_1_1_U1_n_18
    SLICE_X7Y190         LUT2 (Prop_E6LUT_SLICEM_I0_O)
                                                      0.223     2.569 r  bd_0_i/hls_inst/inst/p_2_FIR_filter_transposed_fu_448/y3[7]_i_24/O
                         net (fo=1, routed)           0.018     2.587    bd_0_i/hls_inst/inst/p_2_FIR_filter_transposed_fu_448/y3[7]_i_24_n_0
    SLICE_X7Y190         CARRY8 (Prop_CARRY8_SLICEM_S[4]_CO[7])
                                                      0.236     2.823 r  bd_0_i/hls_inst/inst/p_2_FIR_filter_transposed_fu_448/y3_reg[7]_i_12/CO[7]
                         net (fo=1, routed)           0.030     2.853    bd_0_i/hls_inst/inst/p_2_FIR_filter_transposed_fu_448/y3_reg[7]_i_12_n_0
    SLICE_X7Y191         CARRY8 (Prop_CARRY8_SLICEM_CI_CO[7])
                                                      0.065     2.918 r  bd_0_i/hls_inst/inst/p_2_FIR_filter_transposed_fu_448/y3_reg[7]_i_2/CO[7]
                         net (fo=1, routed)           0.030     2.948    bd_0_i/hls_inst/inst/p_2_FIR_filter_transposed_fu_448/y3_reg[7]_i_2_n_0
    SLICE_X7Y192         CARRY8 (Prop_CARRY8_SLICEM_CI_O[7])
                                                      0.171     3.119 r  bd_0_i/hls_inst/inst/p_2_FIR_filter_transposed_fu_448/y3_reg[7]_i_1/O[7]
                         net (fo=1, routed)           0.034     3.153    bd_0_i/hls_inst/inst/p_2_FIR_filter_transposed_fu_448_ap_return[7]
    SLICE_X7Y192         FDRE                                         r  bd_0_i/hls_inst/inst/y3_reg[7]/D
  -------------------------------------------------------------------    -------------------

                         (clock ap_clk rise edge)     0.000     0.000 r  
                                                      0.000     0.000 r  ap_clk (IN)
                         net (fo=1950, unset)         0.031     0.031    bd_0_i/hls_inst/inst/ap_clk
    SLICE_X7Y192         FDRE                                         r  bd_0_i/hls_inst/inst/y3_reg[7]/C

Slack:                    inf
  Source:                 bd_0_i/hls_inst/inst/p_2_FIR_filter_transposed_fu_448/mul_16s_8ns_23_1_1_U1/tmp_product/DSP_A_B_DATA_INST/B2_DATA[3]
                            (internal pin)
  Destination:            bd_0_i/hls_inst/inst/y3_reg[8]/D
                            (rising edge-triggered cell FDRE clocked by ap_clk  {rise@0.000ns fall@5.000ns period=10.000ns})
  Path Group:             (none)
  Path Type:              Setup (Max at Slow Process Corner)
  Data Path Delay:        3.153ns  (logic 2.477ns (78.562%)  route 0.676ns (21.438%))
  Logic Levels:           10  (CARRY8=4 DSP_ALU=1 DSP_M_DATA=1 DSP_MULTIPLIER=1 DSP_OUTPUT=1 DSP_PREADD_DATA=1 LUT2=1)
  Clock Uncertainty:      0.025ns  ((TSJ^2 + TIJ^2)^1/2 + DJ) / 2 + PE
    Total System Jitter     (TSJ):    0.050ns
    Total Input Jitter      (TIJ):    0.000ns
    Discrete Jitter          (DJ):    0.000ns
    Phase Error              (PE):    0.000ns

    Location             Delay type                Incr(ns)  Path(ns)    Netlist Resource(s)
  -------------------------------------------------------------------    -------------------
    DSP48E2_X1Y72        DSP_A_B_DATA                 0.000     0.000 r  bd_0_i/hls_inst/inst/p_2_FIR_filter_transposed_fu_448/mul_16s_8ns_23_1_1_U1/tmp_product/DSP_A_B_DATA_INST/B2_DATA[3]
                         net (fo=1, routed)           0.000     0.000    bd_0_i/hls_inst/inst/p_2_FIR_filter_transposed_fu_448/mul_16s_8ns_23_1_1_U1/tmp_product/DSP_A_B_DATA.B2_DATA<3>
    DSP48E2_X1Y72        DSP_PREADD_DATA (Prop_DSP_PREADD_DATA_DSP48E2_B2_DATA[3]_B2B1[3])
                                                      0.097     0.097 r  bd_0_i/hls_inst/inst/p_2_FIR_filter_transposed_fu_448/mul_16s_8ns_23_1_1_U1/tmp_product/DSP_PREADD_DATA_INST/B2B1[3]
                         net (fo=1, routed)           0.000     0.097    bd_0_i/hls_inst/inst/p_2_FIR_filter_transposed_fu_448/mul_16s_8ns_23_1_1_U1/tmp_product/DSP_PREADD_DATA.B2B1<3>
    DSP48E2_X1Y72        DSP_MULTIPLIER (Prop_DSP_MULTIPLIER_DSP48E2_B2B1[3]_U[4])
                                                      0.773     0.870 f  bd_0_i/hls_inst/inst/p_2_FIR_filter_transposed_fu_448/mul_16s_8ns_23_1_1_U1/tmp_product/DSP_MULTIPLIER_INST/U[4]
                         net (fo=1, routed)           0.000     0.870    bd_0_i/hls_inst/inst/p_2_FIR_filter_transposed_fu_448/mul_16s_8ns_23_1_1_U1/tmp_product/DSP_MULTIPLIER.U<4>
    DSP48E2_X1Y72        DSP_M_DATA (Prop_DSP_M_DATA_DSP48E2_U[4]_U_DATA[4])
                                                      0.067     0.937 r  bd_0_i/hls_inst/inst/p_2_FIR_filter_transposed_fu_448/mul_16s_8ns_23_1_1_U1/tmp_product/DSP_M_DATA_INST/U_DATA[4]
                         net (fo=1, routed)           0.000     0.937    bd_0_i/hls_inst/inst/p_2_FIR_filter_transposed_fu_448/mul_16s_8ns_23_1_1_U1/tmp_product/DSP_M_DATA.U_DATA<4>
    DSP48E2_X1Y72        DSP_ALU (Prop_DSP_ALU_DSP48E2_U_DATA[4]_ALU_OUT[4])
                                                      0.727     1.664 f  bd_0_i/hls_inst/inst/p_2_FIR_filter_transposed_fu_448/mul_16s_8ns_23_1_1_U1/tmp_product/DSP_ALU_INST/ALU_OUT[4]
                         net (fo=1, routed)           0.000     1.664    bd_0_i/hls_inst/inst/p_2_FIR_filter_transposed_fu_448/mul_16s_8ns_23_1_1_U1/tmp_product/DSP_ALU.ALU_OUT<4>
    DSP48E2_X1Y72        DSP_OUTPUT (Prop_DSP_OUTPUT_DSP48E2_ALU_OUT[4]_P[4])
                                                      0.146     1.810 r  bd_0_i/hls_inst/inst/p_2_FIR_filter_transposed_fu_448/mul_16s_8ns_23_1_1_U1/tmp_product/DSP_OUTPUT_INST/P[4]
                         net (fo=3, routed)           0.536     2.346    bd_0_i/hls_inst/inst/p_2_FIR_filter_transposed_fu_448/mul_16s_8ns_23_1_1_U1_n_18
    SLICE_X7Y190         LUT2 (Prop_E6LUT_SLICEM_I0_O)
                                                      0.223     2.569 r  bd_0_i/hls_inst/inst/p_2_FIR_filter_transposed_fu_448/y3[7]_i_24/O
                         net (fo=1, routed)           0.018     2.587    bd_0_i/hls_inst/inst/p_2_FIR_filter_transposed_fu_448/y3[7]_i_24_n_0
    SLICE_X7Y190         CARRY8 (Prop_CARRY8_SLICEM_S[4]_CO[7])
                                                      0.236     2.823 r  bd_0_i/hls_inst/inst/p_2_FIR_filter_transposed_fu_448/y3_reg[7]_i_12/CO[7]
                         net (fo=1, routed)           0.030     2.853    bd_0_i/hls_inst/inst/p_2_FIR_filter_transposed_fu_448/y3_reg[7]_i_12_n_0
    SLICE_X7Y191         CARRY8 (Prop_CARRY8_SLICEM_CI_CO[7])
                                                      0.065     2.918 r  bd_0_i/hls_inst/inst/p_2_FIR_filter_transposed_fu_448/y3_reg[7]_i_2/CO[7]
                         net (fo=1, routed)           0.030     2.948    bd_0_i/hls_inst/inst/p_2_FIR_filter_transposed_fu_448/y3_reg[7]_i_2_n_0
    SLICE_X7Y192         CARRY8 (Prop_CARRY8_SLICEM_CI_CO[7])
                                                      0.065     3.013 r  bd_0_i/hls_inst/inst/p_2_FIR_filter_transposed_fu_448/y3_reg[7]_i_1/CO[7]
                         net (fo=1, routed)           0.030     3.043    bd_0_i/hls_inst/inst/p_2_FIR_filter_transposed_fu_448/y3_reg[7]_i_1_n_0
    SLICE_X7Y193         CARRY8 (Prop_CARRY8_SLICEM_CI_O[0])
                                                      0.078     3.121 r  bd_0_i/hls_inst/inst/p_2_FIR_filter_transposed_fu_448/y3_reg[15]_i_1/O[0]
                         net (fo=1, routed)           0.032     3.153    bd_0_i/hls_inst/inst/p_2_FIR_filter_transposed_fu_448_ap_return[8]
    SLICE_X7Y193         FDRE                                         r  bd_0_i/hls_inst/inst/y3_reg[8]/D
  -------------------------------------------------------------------    -------------------

                         (clock ap_clk rise edge)     0.000     0.000 r  
                                                      0.000     0.000 r  ap_clk (IN)
                         net (fo=1950, unset)         0.030     0.030    bd_0_i/hls_inst/inst/ap_clk
    SLICE_X7Y193         FDRE                                         r  bd_0_i/hls_inst/inst/y3_reg[8]/C

Slack:                    inf
  Source:                 bd_0_i/hls_inst/inst/p_2_FIR_filter_transposed_fu_448/mul_16s_8ns_23_1_1_U1/tmp_product/DSP_A_B_DATA_INST/B2_DATA[3]
                            (internal pin)
  Destination:            bd_0_i/hls_inst/inst/y3_reg[5]/D
                            (rising edge-triggered cell FDRE clocked by ap_clk  {rise@0.000ns fall@5.000ns period=10.000ns})
  Path Group:             (none)
  Path Type:              Setup (Max at Slow Process Corner)
  Data Path Delay:        3.142ns  (logic 2.495ns (79.410%)  route 0.647ns (20.590%))
  Logic Levels:           9  (CARRY8=3 DSP_ALU=1 DSP_M_DATA=1 DSP_MULTIPLIER=1 DSP_OUTPUT=1 DSP_PREADD_DATA=1 LUT2=1)
  Clock Uncertainty:      0.025ns  ((TSJ^2 + TIJ^2)^1/2 + DJ) / 2 + PE
    Total System Jitter     (TSJ):    0.050ns
    Total Input Jitter      (TIJ):    0.000ns
    Discrete Jitter          (DJ):    0.000ns
    Phase Error              (PE):    0.000ns

    Location             Delay type                Incr(ns)  Path(ns)    Netlist Resource(s)
  -------------------------------------------------------------------    -------------------
    DSP48E2_X1Y72        DSP_A_B_DATA                 0.000     0.000 r  bd_0_i/hls_inst/inst/p_2_FIR_filter_transposed_fu_448/mul_16s_8ns_23_1_1_U1/tmp_product/DSP_A_B_DATA_INST/B2_DATA[3]
                         net (fo=1, routed)           0.000     0.000    bd_0_i/hls_inst/inst/p_2_FIR_filter_transposed_fu_448/mul_16s_8ns_23_1_1_U1/tmp_product/DSP_A_B_DATA.B2_DATA<3>
    DSP48E2_X1Y72        DSP_PREADD_DATA (Prop_DSP_PREADD_DATA_DSP48E2_B2_DATA[3]_B2B1[3])
                                                      0.097     0.097 r  bd_0_i/hls_inst/inst/p_2_FIR_filter_transposed_fu_448/mul_16s_8ns_23_1_1_U1/tmp_product/DSP_PREADD_DATA_INST/B2B1[3]
                         net (fo=1, routed)           0.000     0.097    bd_0_i/hls_inst/inst/p_2_FIR_filter_transposed_fu_448/mul_16s_8ns_23_1_1_U1/tmp_product/DSP_PREADD_DATA.B2B1<3>
    DSP48E2_X1Y72        DSP_MULTIPLIER (Prop_DSP_MULTIPLIER_DSP48E2_B2B1[3]_U[4])
                                                      0.773     0.870 f  bd_0_i/hls_inst/inst/p_2_FIR_filter_transposed_fu_448/mul_16s_8ns_23_1_1_U1/tmp_product/DSP_MULTIPLIER_INST/U[4]
                         net (fo=1, routed)           0.000     0.870    bd_0_i/hls_inst/inst/p_2_FIR_filter_transposed_fu_448/mul_16s_8ns_23_1_1_U1/tmp_product/DSP_MULTIPLIER.U<4>
    DSP48E2_X1Y72        DSP_M_DATA (Prop_DSP_M_DATA_DSP48E2_U[4]_U_DATA[4])
                                                      0.067     0.937 r  bd_0_i/hls_inst/inst/p_2_FIR_filter_transposed_fu_448/mul_16s_8ns_23_1_1_U1/tmp_product/DSP_M_DATA_INST/U_DATA[4]
                         net (fo=1, routed)           0.000     0.937    bd_0_i/hls_inst/inst/p_2_FIR_filter_transposed_fu_448/mul_16s_8ns_23_1_1_U1/tmp_product/DSP_M_DATA.U_DATA<4>
    DSP48E2_X1Y72        DSP_ALU (Prop_DSP_ALU_DSP48E2_U_DATA[4]_ALU_OUT[4])
                                                      0.727     1.664 f  bd_0_i/hls_inst/inst/p_2_FIR_filter_transposed_fu_448/mul_16s_8ns_23_1_1_U1/tmp_product/DSP_ALU_INST/ALU_OUT[4]
                         net (fo=1, routed)           0.000     1.664    bd_0_i/hls_inst/inst/p_2_FIR_filter_transposed_fu_448/mul_16s_8ns_23_1_1_U1/tmp_product/DSP_ALU.ALU_OUT<4>
    DSP48E2_X1Y72        DSP_OUTPUT (Prop_DSP_OUTPUT_DSP48E2_ALU_OUT[4]_P[4])
                                                      0.146     1.810 r  bd_0_i/hls_inst/inst/p_2_FIR_filter_transposed_fu_448/mul_16s_8ns_23_1_1_U1/tmp_product/DSP_OUTPUT_INST/P[4]
                         net (fo=3, routed)           0.536     2.346    bd_0_i/hls_inst/inst/p_2_FIR_filter_transposed_fu_448/mul_16s_8ns_23_1_1_U1_n_18
    SLICE_X7Y190         LUT2 (Prop_E6LUT_SLICEM_I0_O)
                                                      0.223     2.569 r  bd_0_i/hls_inst/inst/p_2_FIR_filter_transposed_fu_448/y3[7]_i_24/O
                         net (fo=1, routed)           0.018     2.587    bd_0_i/hls_inst/inst/p_2_FIR_filter_transposed_fu_448/y3[7]_i_24_n_0
    SLICE_X7Y190         CARRY8 (Prop_CARRY8_SLICEM_S[4]_CO[7])
                                                      0.236     2.823 r  bd_0_i/hls_inst/inst/p_2_FIR_filter_transposed_fu_448/y3_reg[7]_i_12/CO[7]
                         net (fo=1, routed)           0.030     2.853    bd_0_i/hls_inst/inst/p_2_FIR_filter_transposed_fu_448/y3_reg[7]_i_12_n_0
    SLICE_X7Y191         CARRY8 (Prop_CARRY8_SLICEM_CI_CO[7])
                                                      0.065     2.918 r  bd_0_i/hls_inst/inst/p_2_FIR_filter_transposed_fu_448/y3_reg[7]_i_2/CO[7]
                         net (fo=1, routed)           0.030     2.948    bd_0_i/hls_inst/inst/p_2_FIR_filter_transposed_fu_448/y3_reg[7]_i_2_n_0
    SLICE_X7Y192         CARRY8 (Prop_CARRY8_SLICEM_CI_O[5])
                                                      0.161     3.109 r  bd_0_i/hls_inst/inst/p_2_FIR_filter_transposed_fu_448/y3_reg[7]_i_1/O[5]
                         net (fo=1, routed)           0.033     3.142    bd_0_i/hls_inst/inst/p_2_FIR_filter_transposed_fu_448_ap_return[5]
    SLICE_X7Y192         FDRE                                         r  bd_0_i/hls_inst/inst/y3_reg[5]/D
  -------------------------------------------------------------------    -------------------

                         (clock ap_clk rise edge)     0.000     0.000 r  
                                                      0.000     0.000 r  ap_clk (IN)
                         net (fo=1950, unset)         0.031     0.031    bd_0_i/hls_inst/inst/ap_clk
    SLICE_X7Y192         FDRE                                         r  bd_0_i/hls_inst/inst/y3_reg[5]/C





Min Delay Paths
--------------------------------------------------------------------------------------
Slack:                    inf
  Source:                 input_r_tdata[0]
                            (input port)
  Destination:            bd_0_i/hls_inst/inst/regslice_both_input_r_U/data_p2_reg[0]/D
                            (rising edge-triggered cell FDRE clocked by ap_clk  {rise@0.000ns fall@5.000ns period=10.000ns})
  Path Group:             (none)
  Path Type:              Hold (Min at Fast Process Corner)
  Data Path Delay:        0.008ns  (logic 0.000ns (0.000%)  route 0.008ns (100.000%))
  Logic Levels:           0  
  Clock Path Skew:        0.020ns (DCD - SCD - CPR)
    Destination Clock Delay (DCD):    0.020ns
    Source Clock Delay      (SCD):    0.000ns
    Clock Pessimism Removal (CPR):    -0.000ns

    Location             Delay type                Incr(ns)  Path(ns)    Netlist Resource(s)
  -------------------------------------------------------------------    -------------------
                                                      0.000     0.000 r  input_r_tdata[0] (IN)
                         net (fo=1, unset)            0.008     0.008    bd_0_i/hls_inst/inst/regslice_both_input_r_U/input_r_TDATA[0]
    SLICE_X6Y152         FDRE                                         r  bd_0_i/hls_inst/inst/regslice_both_input_r_U/data_p2_reg[0]/D
  -------------------------------------------------------------------    -------------------

                         (clock ap_clk rise edge)     0.000     0.000 r  
                                                      0.000     0.000 r  ap_clk (IN)
                         net (fo=1950, unset)         0.020     0.020    bd_0_i/hls_inst/inst/regslice_both_input_r_U/ap_clk
    SLICE_X6Y152         FDRE                                         r  bd_0_i/hls_inst/inst/regslice_both_input_r_U/data_p2_reg[0]/C

Slack:                    inf
  Source:                 input_r_tdata[7]
                            (input port)
  Destination:            bd_0_i/hls_inst/inst/regslice_both_input_r_U/data_p2_reg[7]/D
                            (rising edge-triggered cell FDRE clocked by ap_clk  {rise@0.000ns fall@5.000ns period=10.000ns})
  Path Group:             (none)
  Path Type:              Hold (Min at Fast Process Corner)
  Data Path Delay:        0.008ns  (logic 0.000ns (0.000%)  route 0.008ns (100.000%))
  Logic Levels:           0  
  Clock Path Skew:        0.020ns (DCD - SCD - CPR)
    Destination Clock Delay (DCD):    0.020ns
    Source Clock Delay      (SCD):    0.000ns
    Clock Pessimism Removal (CPR):    -0.000ns

    Location             Delay type                Incr(ns)  Path(ns)    Netlist Resource(s)
  -------------------------------------------------------------------    -------------------
                                                      0.000     0.000 r  input_r_tdata[7] (IN)
                         net (fo=1, unset)            0.008     0.008    bd_0_i/hls_inst/inst/regslice_both_input_r_U/input_r_TDATA[7]
    SLICE_X6Y152         FDRE                                         r  bd_0_i/hls_inst/inst/regslice_both_input_r_U/data_p2_reg[7]/D
  -------------------------------------------------------------------    -------------------

                         (clock ap_clk rise edge)     0.000     0.000 r  
                                                      0.000     0.000 r  ap_clk (IN)
                         net (fo=1950, unset)         0.020     0.020    bd_0_i/hls_inst/inst/regslice_both_input_r_U/ap_clk
    SLICE_X6Y152         FDRE                                         r  bd_0_i/hls_inst/inst/regslice_both_input_r_U/data_p2_reg[7]/C

Slack:                    inf
  Source:                 input_r_tdata[8]
                            (input port)
  Destination:            bd_0_i/hls_inst/inst/regslice_both_input_r_U/data_p2_reg[8]/D
                            (rising edge-triggered cell FDRE clocked by ap_clk  {rise@0.000ns fall@5.000ns period=10.000ns})
  Path Group:             (none)
  Path Type:              Hold (Min at Fast Process Corner)
  Data Path Delay:        0.008ns  (logic 0.000ns (0.000%)  route 0.008ns (100.000%))
  Logic Levels:           0  
  Clock Path Skew:        0.020ns (DCD - SCD - CPR)
    Destination Clock Delay (DCD):    0.020ns
    Source Clock Delay      (SCD):    0.000ns
    Clock Pessimism Removal (CPR):    -0.000ns

    Location             Delay type                Incr(ns)  Path(ns)    Netlist Resource(s)
  -------------------------------------------------------------------    -------------------
                                                      0.000     0.000 r  input_r_tdata[8] (IN)
                         net (fo=1, unset)            0.008     0.008    bd_0_i/hls_inst/inst/regslice_both_input_r_U/input_r_TDATA[8]
    SLICE_X6Y152         FDRE                                         r  bd_0_i/hls_inst/inst/regslice_both_input_r_U/data_p2_reg[8]/D
  -------------------------------------------------------------------    -------------------

                         (clock ap_clk rise edge)     0.000     0.000 r  
                                                      0.000     0.000 r  ap_clk (IN)
                         net (fo=1950, unset)         0.020     0.020    bd_0_i/hls_inst/inst/regslice_both_input_r_U/ap_clk
    SLICE_X6Y152         FDRE                                         r  bd_0_i/hls_inst/inst/regslice_both_input_r_U/data_p2_reg[8]/C

Slack:                    inf
  Source:                 input_r_tdata[12]
                            (input port)
  Destination:            bd_0_i/hls_inst/inst/regslice_both_input_r_U/data_p2_reg[12]/D
                            (rising edge-triggered cell FDRE clocked by ap_clk  {rise@0.000ns fall@5.000ns period=10.000ns})
  Path Group:             (none)
  Path Type:              Hold (Min at Fast Process Corner)
  Data Path Delay:        0.009ns  (logic 0.000ns (0.000%)  route 0.009ns (100.000%))
  Logic Levels:           0  
  Clock Path Skew:        0.021ns (DCD - SCD - CPR)
    Destination Clock Delay (DCD):    0.021ns
    Source Clock Delay      (SCD):    0.000ns
    Clock Pessimism Removal (CPR):    -0.000ns

    Location             Delay type                Incr(ns)  Path(ns)    Netlist Resource(s)
  -------------------------------------------------------------------    -------------------
                                                      0.000     0.000 r  input_r_tdata[12] (IN)
                         net (fo=1, unset)            0.009     0.009    bd_0_i/hls_inst/inst/regslice_both_input_r_U/input_r_TDATA[12]
    SLICE_X7Y153         FDRE                                         r  bd_0_i/hls_inst/inst/regslice_both_input_r_U/data_p2_reg[12]/D
  -------------------------------------------------------------------    -------------------

                         (clock ap_clk rise edge)     0.000     0.000 r  
                                                      0.000     0.000 r  ap_clk (IN)
                         net (fo=1950, unset)         0.021     0.021    bd_0_i/hls_inst/inst/regslice_both_input_r_U/ap_clk
    SLICE_X7Y153         FDRE                                         r  bd_0_i/hls_inst/inst/regslice_both_input_r_U/data_p2_reg[12]/C

Slack:                    inf
  Source:                 input_r_tdata[13]
                            (input port)
  Destination:            bd_0_i/hls_inst/inst/regslice_both_input_r_U/data_p2_reg[13]/D
                            (rising edge-triggered cell FDRE clocked by ap_clk  {rise@0.000ns fall@5.000ns period=10.000ns})
  Path Group:             (none)
  Path Type:              Hold (Min at Fast Process Corner)
  Data Path Delay:        0.009ns  (logic 0.000ns (0.000%)  route 0.009ns (100.000%))
  Logic Levels:           0  
  Clock Path Skew:        0.021ns (DCD - SCD - CPR)
    Destination Clock Delay (DCD):    0.021ns
    Source Clock Delay      (SCD):    0.000ns
    Clock Pessimism Removal (CPR):    -0.000ns

    Location             Delay type                Incr(ns)  Path(ns)    Netlist Resource(s)
  -------------------------------------------------------------------    -------------------
                                                      0.000     0.000 r  input_r_tdata[13] (IN)
                         net (fo=1, unset)            0.009     0.009    bd_0_i/hls_inst/inst/regslice_both_input_r_U/input_r_TDATA[13]
    SLICE_X7Y153         FDRE                                         r  bd_0_i/hls_inst/inst/regslice_both_input_r_U/data_p2_reg[13]/D
  -------------------------------------------------------------------    -------------------

                         (clock ap_clk rise edge)     0.000     0.000 r  
                                                      0.000     0.000 r  ap_clk (IN)
                         net (fo=1950, unset)         0.021     0.021    bd_0_i/hls_inst/inst/regslice_both_input_r_U/ap_clk
    SLICE_X7Y153         FDRE                                         r  bd_0_i/hls_inst/inst/regslice_both_input_r_U/data_p2_reg[13]/C

Slack:                    inf
  Source:                 input_r_tdata[15]
                            (input port)
  Destination:            bd_0_i/hls_inst/inst/regslice_both_input_r_U/data_p2_reg[15]/D
                            (rising edge-triggered cell FDRE clocked by ap_clk  {rise@0.000ns fall@5.000ns period=10.000ns})
  Path Group:             (none)
  Path Type:              Hold (Min at Fast Process Corner)
  Data Path Delay:        0.009ns  (logic 0.000ns (0.000%)  route 0.009ns (100.000%))
  Logic Levels:           0  
  Clock Path Skew:        0.021ns (DCD - SCD - CPR)
    Destination Clock Delay (DCD):    0.021ns
    Source Clock Delay      (SCD):    0.000ns
    Clock Pessimism Removal (CPR):    -0.000ns

    Location             Delay type                Incr(ns)  Path(ns)    Netlist Resource(s)
  -------------------------------------------------------------------    -------------------
                                                      0.000     0.000 r  input_r_tdata[15] (IN)
                         net (fo=1, unset)            0.009     0.009    bd_0_i/hls_inst/inst/regslice_both_input_r_U/input_r_TDATA[15]
    SLICE_X7Y153         FDRE                                         r  bd_0_i/hls_inst/inst/regslice_both_input_r_U/data_p2_reg[15]/D
  -------------------------------------------------------------------    -------------------

                         (clock ap_clk rise edge)     0.000     0.000 r  
                                                      0.000     0.000 r  ap_clk (IN)
                         net (fo=1950, unset)         0.021     0.021    bd_0_i/hls_inst/inst/regslice_both_input_r_U/ap_clk
    SLICE_X7Y153         FDRE                                         r  bd_0_i/hls_inst/inst/regslice_both_input_r_U/data_p2_reg[15]/C

Slack:                    inf
  Source:                 input_r_tdata[9]
                            (input port)
  Destination:            bd_0_i/hls_inst/inst/regslice_both_input_r_U/data_p2_reg[9]/D
                            (rising edge-triggered cell FDRE clocked by ap_clk  {rise@0.000ns fall@5.000ns period=10.000ns})
  Path Group:             (none)
  Path Type:              Hold (Min at Fast Process Corner)
  Data Path Delay:        0.009ns  (logic 0.000ns (0.000%)  route 0.009ns (100.000%))
  Logic Levels:           0  
  Clock Path Skew:        0.021ns (DCD - SCD - CPR)
    Destination Clock Delay (DCD):    0.021ns
    Source Clock Delay      (SCD):    0.000ns
    Clock Pessimism Removal (CPR):    -0.000ns

    Location             Delay type                Incr(ns)  Path(ns)    Netlist Resource(s)
  -------------------------------------------------------------------    -------------------
                                                      0.000     0.000 r  input_r_tdata[9] (IN)
                         net (fo=1, unset)            0.009     0.009    bd_0_i/hls_inst/inst/regslice_both_input_r_U/input_r_TDATA[9]
    SLICE_X7Y153         FDRE                                         r  bd_0_i/hls_inst/inst/regslice_both_input_r_U/data_p2_reg[9]/D
  -------------------------------------------------------------------    -------------------

                         (clock ap_clk rise edge)     0.000     0.000 r  
                                                      0.000     0.000 r  ap_clk (IN)
                         net (fo=1950, unset)         0.021     0.021    bd_0_i/hls_inst/inst/regslice_both_input_r_U/ap_clk
    SLICE_X7Y153         FDRE                                         r  bd_0_i/hls_inst/inst/regslice_both_input_r_U/data_p2_reg[9]/C

Slack:                    inf
  Source:                 ap_rst_n
                            (input port)
  Destination:            bd_0_i/hls_inst/inst/ap_CS_fsm_reg[10]/R
                            (rising edge-triggered cell FDRE clocked by ap_clk  {rise@0.000ns fall@5.000ns period=10.000ns})
  Path Group:             (none)
  Path Type:              Hold (Min at Fast Process Corner)
  Data Path Delay:        0.010ns  (logic 0.000ns (0.000%)  route 0.010ns (100.000%))
  Logic Levels:           0  
  Clock Path Skew:        0.020ns (DCD - SCD - CPR)
    Destination Clock Delay (DCD):    0.020ns
    Source Clock Delay      (SCD):    0.000ns
    Clock Pessimism Removal (CPR):    -0.000ns

    Location             Delay type                Incr(ns)  Path(ns)    Netlist Resource(s)
  -------------------------------------------------------------------    -------------------
                                                      0.000     0.000 f  ap_rst_n (IN)
                         net (fo=37, unset)           0.010     0.010    bd_0_i/hls_inst/inst/ap_rst_n_inv
    SLICE_X6Y201         FDRE                                         r  bd_0_i/hls_inst/inst/ap_CS_fsm_reg[10]/R  (IS_INVERTED)
  -------------------------------------------------------------------    -------------------

                         (clock ap_clk rise edge)     0.000     0.000 r  
                                                      0.000     0.000 r  ap_clk (IN)
                         net (fo=1950, unset)         0.020     0.020    bd_0_i/hls_inst/inst/ap_clk
    SLICE_X6Y201         FDRE                                         r  bd_0_i/hls_inst/inst/ap_CS_fsm_reg[10]/C

Slack:                    inf
  Source:                 ap_rst_n
                            (input port)
  Destination:            bd_0_i/hls_inst/inst/ap_CS_fsm_reg[11]/R
                            (rising edge-triggered cell FDRE clocked by ap_clk  {rise@0.000ns fall@5.000ns period=10.000ns})
  Path Group:             (none)
  Path Type:              Hold (Min at Fast Process Corner)
  Data Path Delay:        0.010ns  (logic 0.000ns (0.000%)  route 0.010ns (100.000%))
  Logic Levels:           0  
  Clock Path Skew:        0.020ns (DCD - SCD - CPR)
    Destination Clock Delay (DCD):    0.020ns
    Source Clock Delay      (SCD):    0.000ns
    Clock Pessimism Removal (CPR):    -0.000ns

    Location             Delay type                Incr(ns)  Path(ns)    Netlist Resource(s)
  -------------------------------------------------------------------    -------------------
                                                      0.000     0.000 f  ap_rst_n (IN)
                         net (fo=37, unset)           0.010     0.010    bd_0_i/hls_inst/inst/ap_rst_n_inv
    SLICE_X6Y201         FDRE                                         r  bd_0_i/hls_inst/inst/ap_CS_fsm_reg[11]/R  (IS_INVERTED)
  -------------------------------------------------------------------    -------------------

                         (clock ap_clk rise edge)     0.000     0.000 r  
                                                      0.000     0.000 r  ap_clk (IN)
                         net (fo=1950, unset)         0.020     0.020    bd_0_i/hls_inst/inst/ap_clk
    SLICE_X6Y201         FDRE                                         r  bd_0_i/hls_inst/inst/ap_CS_fsm_reg[11]/C

Slack:                    inf
  Source:                 ap_rst_n
                            (input port)
  Destination:            bd_0_i/hls_inst/inst/ap_CS_fsm_reg[12]/R
                            (rising edge-triggered cell FDRE clocked by ap_clk  {rise@0.000ns fall@5.000ns period=10.000ns})
  Path Group:             (none)
  Path Type:              Hold (Min at Fast Process Corner)
  Data Path Delay:        0.010ns  (logic 0.000ns (0.000%)  route 0.010ns (100.000%))
  Logic Levels:           0  
  Clock Path Skew:        0.020ns (DCD - SCD - CPR)
    Destination Clock Delay (DCD):    0.020ns
    Source Clock Delay      (SCD):    0.000ns
    Clock Pessimism Removal (CPR):    -0.000ns

    Location             Delay type                Incr(ns)  Path(ns)    Netlist Resource(s)
  -------------------------------------------------------------------    -------------------
                                                      0.000     0.000 f  ap_rst_n (IN)
                         net (fo=37, unset)           0.010     0.010    bd_0_i/hls_inst/inst/ap_rst_n_inv
    SLICE_X6Y201         FDRE                                         r  bd_0_i/hls_inst/inst/ap_CS_fsm_reg[12]/R  (IS_INVERTED)
  -------------------------------------------------------------------    -------------------

                         (clock ap_clk rise edge)     0.000     0.000 r  
                                                      0.000     0.000 r  ap_clk (IN)
                         net (fo=1950, unset)         0.020     0.020    bd_0_i/hls_inst/inst/ap_clk
    SLICE_X6Y201         FDRE                                         r  bd_0_i/hls_inst/inst/ap_CS_fsm_reg[12]/C





